ID,Legante standard,Famiglia,Legante originale,Metallo,Sale metallico,Campione,Solvente,Co-linker/Additivo,Temperatura,Tempo ore,Vial/Beuta ml,Data raw,Data ISO,MM legante,MM sale,mmol legante,mmol sale,mg legante,mg sale,Rapporto L/M,Procedura sintetica,Stato XRD,Esito/Osservazioni,IR file,XRD file,TGA file,BET,Riferimento cartella,Tag,Duplicati potenziali,Note,Sorgente_Database,mmol metallo,mg metallo,Quantita additivo,Volume solvente,Procedimento / note,IR,XRD,TGA,Caratterizzazioni presenti,Foglio origine,Riga origine,Inserito il,Note future,Esito_ML
1,curc-ind,Curcumina,curc-ind,Zn,Zn(OAc)2*2H2O,A,DMF,,80,72,20,,,354.0,219.51,0.1,0.05,35.4,10.9755,2.0,no precipitato,Precipitato,,,,,,CurcumineMOFs,CurcumineMOF; MOF; Curcumina,,,CurcumineMOFs,,,,,,,,,,,,,,1
2,curc(III),Curcumina,curc(III),Zn,Zn(OAc)2*2H2O,B,DMF,,80,72,20,,,278.0,219.51,0.1,0.05,27.8,10.9755,2.0,,"buonno, poco sharpe",,,"buonno, poco sharpe",,,CurcumineMOFs,CurcumineMOF; MOF; Curcumina,,,CurcumineMOFs,,,,,,,,,,,,,,2
3,curc-ind,Curcumina,curc-ind,Cu,Cu(OAc)2*H2O,C,DMF,,80,72,20,,,278.0,199.65,0.1,0.05,27.8,9.9825,2.0,no precipitato,Precipitato,,,,,,CurcumineMOFs,CurcumineMOF; MOF; Curcumina,,,CurcumineMOFs,,,,,,,,,,,,,,1
4,curc(III),Curcumina,curc(III),Cu,Cu(OAc)2*H2O,B,DMF,,80,72,20,,,278.0,199.65,0.1,0.05,27.8,9.9825,2.0,no precipitato,Precipitato,,,,,,CurcumineMOFs,CurcumineMOF; MOF; Curcumina,,,CurcumineMOFs,,,,,,,,,,,,,,1
5,curc(III),Curcumina,curc(III),Zn,Zn(OAc)2*2H2O,"B,2",DMF/MeOH,,80,24,15,,,278.0,219.51,0.1,0.05,27.8,10.9755,2.0,,molto più sharpe,"Campione | Linker | Ione metallico | Ione metallico | Solvente | Temperatura °C | Procedimento | Tempo ore | Vials ml | Data inizio reazione | IR | XRD | TGA | BET B,3 | curc(III) | Zn(OAc)2*2H2O | Cu(OAc)2*H2O | DMF | 80.0 | Poco precipitato, non abbastanza per poterlo caratterizzare | 72.0 | 20.0 MM | 278.0 | 219.51 | 199.65 | 10 ml Millimoli | 0.1 | 0.05 | 0.1 Milligrammi | 27.8 | 10.9755 | 19.965 Solvente | DMSO | DMF/esano 1:1 | EtOH | MeOH | DMF/H2O 1:2 | DMF/EtOH 1:2 | DMF/MeOH 1:2 | DMF/H2O 1:1 | DMF/MeCN 1:1 | DMF/EtOH 1:1 | DMF/MeOH 1:1 | DMF | DMSO/H2O 1:1 ml | 10.0 | 2026-05-05 00:00:00 | 10.0 | 10.0 | 2026-06-03 00:00:00 | 2026-06-03 00:00:00 | 2026-06-03 00:00:00 | 2026-05-05 00:00:00 | 2026-05-05 00:00:00 | 2026-05-05 00:00:00 | 2026-05-05 00:00:00 | 10.0 | 2026-10-13 00:00:00 Metallo | Zn(OAC)2 | Zn(OAC)2 | Zn(OAC)2 | Zn(OAC)2 | Zn(OAC)2 | Zn(OAC)2 | Zn(OAC)2 | Zn(OAC)2 | Zn(OAC)2 | Zn(OAC)2 | Zn(OAC)2 | Zn(OAC)2 | Zn(OAC)2 mmol | 0.017 | 0.017 | 0.017 | 0.017 | 0.017 | 0.017 | 0.017 | 0.017 | 0.017 | 0.017 | 0.017 | 0.017 | 0.017 mg | 3.73167 | 3.73167 | 3.73167 | 3.73167 | 3.73167 | 3.73167 | 3.73167 | 3.73167 | 3.73167 | 3.73167 | 3.73167 | 3.73167 | 3.73167 Legante | Curc(III) | Curc(III) | Curc(III) | Curc(III) | Curc(III) | Curc(III) | Curc(III) | Curc(III) | Curc(III) | Curc(III) | Curc(III) | Curc(III) | Curc(III) mmol | 0.033 | 0.033 | 0.033 | 0.033 | 0.033 | 0.033 | 0.033 | 0.033 | 0.033 | 0.033 | 0.033 | 0.033 | 0.033 mg | 9.174 | 9.174 | 9.174 | 9.174 | 9.174 | 9.174 | 9.174 | 9.174 | 9.174 | 9.174 | 9.174 | 9.174 | 9.174 Cristalli | Cristalli 25/03/2026 17,00 | 25/03/2026 17,01 | 25/03/2026 17,02 | 25/03/2026 17,03 | 25/03/2026 17,04 | 25/03/2026 17,05 | 25/03/2026 17,06 | 25/03/2026 17,07 | 25/03/2026 17,08 | 25/03/2026 17,09 | 25/03/2026 17,10 | 25/03/2026 17,11 | 25/03/2026 17,09 XRD molto buono! Campione | Linker | Ione metallico | Ione metallico | Solvente | Temperatura °C | Procedimento | Tempo ore | Vials ml | Data inizio reazione | IR | XRD | TGA | BET B.4 | curc(III) | Zn(OAc)2*2H2O | Cu(OAc)2*H2O | DMF | 80.0 | 24.0 | 20.0 | 25/03/2026 18,30 | Ir buono,non uguale agli altri con solo Zn | buon XRD MM | 278.0 | 219.51 | 199.65 | 10 ml Millimoli | 0.2 | 0.2 | 0.2 | Da analisi elementare sembrano esserci 2 molecole di curcumina, uno Zn e due Cu Milligrammi | 55.6 | 43.902 | 39.93 | Ma probabile un MOF solo di rame | ripreparare solo rame e verificare corrispondenza",,molto più sharpe,,,CurcumineMOFs,CurcumineMOF; MOF; Curcumina,,"Campione | Linker | Ione metallico | Ione metallico | Solvente | Temperatura °C | Procedimento | Tempo ore | Vials ml | Data inizio reazione | IR | XRD | TGA | BET B,3 | curc(III) | Zn(OAc)2*2H2O | Cu(OAc)2*H2O | DMF | 80.0 | Poco precipitato, non abbastanza per poterlo caratterizzare | 72.0 | 20.0 MM | 278.0 | 219.51 | 199.65 | 10 ml Millimoli | 0.1 | 0.05 | 0.1 Milligrammi | 27.8 | 10.9755 | 19.965 Solvente | DMSO | DMF/esano 1:1 | EtOH | MeOH | DMF/H2O 1:2 | DMF/EtOH 1:2 | DMF/MeOH 1:2 | DMF/H2O 1:1 | DMF/MeCN 1:1 | DMF/EtOH 1:1 | DMF/MeOH 1:1 | DMF | DMSO/H2O 1:1 ml | 10.0 | 2026-05-05 00:00:00 | 10.0 | 10.0 | 2026-06-03 00:00:00 | 2026-06-03 00:00:00 | 2026-06-03 00:00:00 | 2026-05-05 00:00:00 | 2026-05-05 00:00:00 | 2026-05-05 00:00:00 | 2026-05-05 00:00:00 | 10.0 | 2026-10-13 00:00:00 Metallo | Zn(OAC)2 | Zn(OAC)2 | Zn(OAC)2 | Zn(OAC)2 | Zn(OAC)2 | Zn(OAC)2 | Zn(OAC)2 | Zn(OAC)2 | Zn(OAC)2 | Zn(OAC)2 | Zn(OAC)2 | Zn(OAC)2 | Zn(OAC)2 mmol | 0.017 | 0.017 | 0.017 | 0.017 | 0.017 | 0.017 | 0.017 | 0.017 | 0.017 | 0.017 | 0.017 | 0.017 | 0.017 mg | 3.73167 | 3.73167 | 3.73167 | 3.73167 | 3.73167 | 3.73167 | 3.73167 | 3.73167 | 3.73167 | 3.73167 | 3.73167 | 3.73167 | 3.73167 Legante | Curc(III) | Curc(III) | Curc(III) | Curc(III) | Curc(III) | Curc(III) | Curc(III) | Curc(III) | Curc(III) | Curc(III) | Curc(III) | Curc(III) | Curc(III) mmol | 0.033 | 0.033 | 0.033 | 0.033 | 0.033 | 0.033 | 0.033 | 0.033 | 0.033 | 0.033 | 0.033 | 0.033 | 0.033 mg | 9.174 | 9.174 | 9.174 | 9.174 | 9.174 | 9.174 | 9.174 | 9.174 | 9.174 | 9.174 | 9.174 | 9.174 | 9.174 Cristalli | Cristalli 25/03/2026 17,00 | 25/03/2026 17,01 | 25/03/2026 17,02 | 25/03/2026 17,03 | 25/03/2026 17,04 | 25/03/2026 17,05 | 25/03/2026 17,06 | 25/03/2026 17,07 | 25/03/2026 17,08 | 25/03/2026 17,09 | 25/03/2026 17,10 | 25/03/2026 17,11 | 25/03/2026 17,09 XRD molto buono! Campione | Linker | Ione metallico | Ione metallico | Solvente | Temperatura °C | Procedimento | Tempo ore | Vials ml | Data inizio reazione | IR | XRD | TGA | BET B.4 | curc(III) | Zn(OAc)2*2H2O | Cu(OAc)2*H2O | DMF | 80.0 | 24.0 | 20.0 | 25/03/2026 18,30 | Ir buono,non uguale agli altri con solo Zn | buon XRD MM | 278.0 | 219.51 | 199.65 | 10 ml Millimoli | 0.2 | 0.2 | 0.2 | Da analisi elementare sembrano esserci 2 molecole di curcumina, uno Zn e due Cu Milligrammi | 55.6 | 43.902 | 39.93 | Ma probabile un MOF solo di rame | ripreparare solo rame e verificare corrispondenza",CurcumineMOFs,,,,,,,,,,,,,,2
6,curc(III),Curcumina,curc(III),Zn,Zn(OAc)2*2H2O,B.5,DMF/MeOH,,80,24,35,"25/03/2026 18,30",2026-03-25,278.0,219.51,0.3,0.15,83.4,32.9265,2.0,118 mg finali,Da valutare,,"the same B,2",,,,CurcumineMOFs,CurcumineMOF; MOF; Curcumina,,,CurcumineMOFs,,,,,,,,,,,,,,1
7,curc(III),Curcumina,curc(III),Zn,Zn(NO3)2*6H2O,B.6,DMF/MeOH,,80,24,15,"26/03/26 12,30",2026-03-26,278.0,297.47,0.2,0.1,55.6,29.747,2.0,,"XRD buono, diverso da quello con Zn(Ac)2",,spettro IR identico a quello con Zn(Ac)2,"XRD buono, diverso da quello con Zn(Ac)2",,,CurcumineMOFs,CurcumineMOF; MOF; Curcumina,,,CurcumineMOFs,,,,,,,,,,,,,,2
8,curc-ind,Curcumina,curc-ind,Zn,Zn(OAc)2*2H2O,"A,2",MeOH,,80,72,20,"27/03/26 11,30",2026-03-27,354.0,219.51,0.1,0.05,35.4,10.9755,2.0,precipitato nero,"piatto, pessimo, buttato",,,"piatto, pessimo, buttato",,,CurcumineMOFs,CurcumineMOF; MOF; Curcumina,,,CurcumineMOFs,,,,,,,,,,,,,,0
9,curc-ind,Curcumina,curc-ind,Zn,Zn(NO3)2*6H2O,A.3,DMF,,120,72,15,"27/03/26 11,30",2026-03-27,354.0,297.47,0.1,0.05,35.4,14.8735,2.0,nessun precipitato,Precipitato,,,,,,CurcumineMOFs,CurcumineMOF; MOF; Curcumina,,,CurcumineMOFs,,,,,,,,,,,,,,1
10,curc(III),Curcumina,curc(III),Ni,Ni(NO3)2*6H2O,B.7,DMF,,120,72,15,"27/03/26 11,30",2026-03-27,278.0,290.81,0.1,0.05,27.8,14.5405,2.0,nessun preciiptato,Da valutare,,,,,,CurcumineMOFs,CurcumineMOF; MOF; Curcumina,,,CurcumineMOFs,,,,,,,,,,,,,,1
11,B5,Altro,B5,Ru,[Ru(p-cymene)Cl2]2,B.8,DCM,,T.A.,48,20,"08/04/26 17,45",2026-04-08,,612.39,,0.1,20.0,61.239,,separato il solido per centrifugazione. Lavato con diclorometano 2 volte sempre tramite centrifuga,Da valutare,,,,,,CurcumineMOFs,CurcumineMOF; MOF; Curcumina,,,CurcumineMOFs,,,,,,,,,,,,,,1
12,curc(III)_KC,Curcumina,curc(III)_KC,Zn,Zn(NO3)2*6H2O,B.9,DMF,,80,48,15,"14/04/26 17,30",2026-04-14,457.48,297.47,0.1,0.05,45.748,14.8735,2.0,"dopo 48 ore nessun precipitato, posto nella stufa a 100°C per 72h, ma ancora nessun precipitato, allora trasferito nella stufa a 120°, dopo 48h si è formato poco precipitato, filtrato e lavato con acetone.",Precipitato,,,,,,CurcumineMOFs,CurcumineMOF; MOF; Curcumina,,,CurcumineMOFs,,,,,,,,,,,,,,1
13,curc(III)_KC,Curcumina,curc(III)_KC,Zn,Zn(OAc)2*2H2O,B.10,DMF,,120,16,15,"15/04/26 17,30",2026-04-15,457.48,219.51,0.05,0.05,22.874,10.9755,1.0,dopo 16 ore si è formato già il precipitato nella vial,Amorfo,,"non molto sharpe, ma picco del carbonile shiftato rispetto al legante",Amorfo,,,CurcumineMOFs,CurcumineMOF; MOF; Curcumina,,,CurcumineMOFs,,,,,,,,,,,,,,0
14,curc(III),Curcumina,curc(III),Ni,Ni(NO3)2*6H2O,B.11,DMF/H2O,,80,48,8,"28/04/2026 18,30",2026-04-28,278.0,290.81,0.02,0.02,5.56,5.8162,1.0,nessun precipitato,Precipitato,,,,,,CurcumineMOFs,CurcumineMOF; MOF; Curcumina,,,CurcumineMOFs,,,,,,,,,,,,,,1
15,curc(III),Curcumina,curc(III),Co,Co(NO3)2*6H2O,B.12,DMF/H2O,,80,16,8,"28/04/2026 18,30",2026-04-28,278.0,291.04,0.02,0.02,5.56,5.8208,1.0,"Precipitato dopo già 16h, procedo con la caratterizzazione","pochi picchi, sharpe, ma poco intensi",Riprovare rapporto 1:2 legante-metallo e solo in DMF,,"pochi picchi, sharpe, ma poco intensi",,,CurcumineMOFs,CurcumineMOF; MOF; Curcumina,,Riprovare rapporto 1:2 legante-metallo e solo in DMF,CurcumineMOFs,,,,,,,,,,,,,,2
16,curc(III),Curcumina,curc(III),Ag,AgNO3,B.13,DMF/H2O,,80,48,10,"28/04/2026 18,30",2026-04-28,278.0,169.87,0.02,0.02,5.56,3.3974,1.0,"Argento metallizzato sulle pareti della vial dopo 16h, riprovo con ossido d'argento e vial scura",Da valutare,,,,,,CurcumineMOFs,CurcumineMOF; MOF; Curcumina,,,CurcumineMOFs,,,,,,,,,,,,,,1
17,curc(III),Curcumina,curc(III),Ag,Ag2O,B.14,DMF/H2O,,80,48,10,"29/04/2026 12,30",2026-04-29,278.0,231.74,0.02,0.02,5.56,4.6348,1.0,nessun precipitato,Precipitato,,,,,,CurcumineMOFs,CurcumineMOF; MOF; Curcumina,,,CurcumineMOFs,,,,,,,,,,,,,,1
18,curc(III),Curcumina,curc(III),Co,Co(Ac)2*4H2O,B.15,DMF,,80,24,10,"29/04/2026 15,30",2026-04-29,278.0,249.08,0.02,0.04,5.56,9.9632,0.5,"Precipitato fine, probabilmente meglio il nitro.",piatto,,,piatto,,,CurcumineMOFs,CurcumineMOF; MOF; Curcumina,,,CurcumineMOFs,,,,,,,,,,,,,,0
19,curc(III),Curcumina,curc(III),Ni,Ni(Ac)2*4H2O,B.16,DMF/EtOH,,100,48,8,"05/05/2026 11,30",2026-05-05,278.0,248.9,0.02,0.02,5.56,4.978,1.0,precipitato amorfo,Precipitato,,,,,,CurcumineMOFs,CurcumineMOF; MOF; Curcumina,,,CurcumineMOFs,,,,,,,,,,,,,,1
20,curc(III),Curcumina,curc(III),Ni,Ni(Ac)2*4H2O,B.17,DMF/MeOH,,100,48,8,"05/05/2026 11,30",2026-05-05,278.0,248.9,0.02,0.02,5.56,4.978,1.0,precipitato amorfo,Precipitato,,,,,,CurcumineMOFs,CurcumineMOF; MOF; Curcumina,,,CurcumineMOFs,,,,,,,,,,,,,,1
21,curc(III),Curcumina,curc(III),Co,Co(NO3)2*6H2O,B.18,DMF/H2O,,100,24,10,"05/05/2026 18,00",2026-05-05,278.0,291.04,0.02,0.02,5.56,5.8208,1.0,"non credo sia un MOF, sembrava sciogliersi in acetone, procedo con le varie caratterizzazioni. Precipitato tropppo poco per caratterizzazione",Precipitato,,,,,,CurcumineMOFs,CurcumineMOF; MOF; Curcumina,,,CurcumineMOFs,,,,,,,,,,,,,,1
22,curc(III),Curcumina,curc(III),Cu,Cu(NO3)2*3H2O,B.19,DMF/H2O,,100,24,10,"05/05/2026 18,00",2026-05-05,278.0,241.6,0.02,0.02,5.56,4.832,1.0,"Precipitato verdastro, ma molto amorfo",Precipitato,"Campione | Linker | Ione metallico | Ione metallico | Solvente | Temperatura °C | Procedimento | Tempo ore | Vials ml | Data inizio reazione | IR | XRD | TGA | BET B.20 | curc(III) | Zn(OAc)2*2H2O | Cu(OAc)2*H2O | DMF/H2O | 80.0 | 72.0 | 20.0 | 08/05/2026 11,30 | amorfo MM | 278.0 | 219.51 | 199.65 | 3 ml/6 ml Millimoli | 0.02 | 0.02 | 0.02 Milligrammi | 5.56 | 4.3902 | 3.993",,,,,CurcumineMOFs,CurcumineMOF; MOF; Curcumina,,"Campione | Linker | Ione metallico | Ione metallico | Solvente | Temperatura °C | Procedimento | Tempo ore | Vials ml | Data inizio reazione | IR | XRD | TGA | BET B.20 | curc(III) | Zn(OAc)2*2H2O | Cu(OAc)2*H2O | DMF/H2O | 80.0 | 72.0 | 20.0 | 08/05/2026 11,30 | amorfo MM | 278.0 | 219.51 | 199.65 | 3 ml/6 ml Millimoli | 0.02 | 0.02 | 0.02 Milligrammi | 5.56 | 4.3902 | 3.993",CurcumineMOFs,,,,,,,,,,,,,,1
23,curc(III),Curcumina,curc(III),Co,Co(NO3)2*6H2O,B.21,DMF/H2O,,80,72,10,"08/05/2026 11,30",2026-05-08,278.0,291.04,0.02,0.04,5.56,11.6416,0.5,,Da valutare,,"buono, picchi legante shiftati",,,,CurcumineMOFs,CurcumineMOF; MOF; Curcumina,,,CurcumineMOFs,,,,,,,,,,,,,,1
24,curc(III),Curcumina,curc(III),Co,Co(NO3)2*6H2O,B.22,DMSO,,80,72,10,"12/05/2026 17,30",2026-05-12,278.0,291.04,0.02,0.02,5.56,5.8208,1.0,nessun precipitato,Precipitato,,,,,,CurcumineMOFs,CurcumineMOF; MOF; Curcumina,,,CurcumineMOFs,,,,,,,,,,,,,,1
25,curc(III),Curcumina,curc(III),Co,Co(NO3)2*6H2O,B.23,DMF,,80,72,10,"12/05/2026 17,30",2026-05-12,278.0,291.04,0.02,0.02,5.56,5.8208,1.0,nessun precipitato,Precipitato,,,,,,CurcumineMOFs,CurcumineMOF; MOF; Curcumina,,,CurcumineMOFs,,,,,,,,,,,,,,1
26,curc(III),Curcumina,curc(III),Zr,ZrCl4,B.24,DMF/MeOH,,120,48,10,"25/05/2026 16,30",2026-05-25,278.0,233.04,0.02,0.02,5.56,4.6608,1.0,nessun precipitato,Precipitato,"Campione | Linker | Ione metallico | Solvente | Temperatura °C | Procedimento | Tempo ore | Vials ml | Data inizio reazione | IR | XRD | TGA | BET B.25 | curcumine | ZrCl4 | 3,3'(NO2)2-4,4'BPz | DMF/MeOH | 120.0 | 24.0 | 15.0 | 25/05/2026 17,30 | picchi poco sharpe, non ben identificabili MM | 368.39 | 233.04 | 224.13 Millimoli | 0.02 | 0.02 | 0.02 | 8 ml/ 1ml Milligrammi | 7.3678 | 4.6608 | 4.4826",,,,,CurcumineMOFs,CurcumineMOF; MOF; Curcumina,,"Campione | Linker | Ione metallico | Solvente | Temperatura °C | Procedimento | Tempo ore | Vials ml | Data inizio reazione | IR | XRD | TGA | BET B.25 | curcumine | ZrCl4 | 3,3'(NO2)2-4,4'BPz | DMF/MeOH | 120.0 | 24.0 | 15.0 | 25/05/2026 17,30 | picchi poco sharpe, non ben identificabili MM | 368.39 | 233.04 | 224.13 Millimoli | 0.02 | 0.02 | 0.02 | 8 ml/ 1ml Milligrammi | 7.3678 | 4.6608 | 4.4826",CurcumineMOFs,,,,,,,,,,,,,,1
27,curc(III),Curcumina,curc(III),Co,Co(NO3)2*6H2O,B.26,DMF/H2O,,120,24,15,"25/05/2026 17,30",2026-05-25,278.0,291.04,0.05,0.05,13.9,14.552,1.0,,"non male, picchi più sharpe. Ma pochissimo intensi",,"molto buono, manca il picco della curcumina a 3000. Gli altri picchi sono shiftati","non male, picchi più sharpe. Ma pochissimo intensi",,,CurcumineMOFs,CurcumineMOF; MOF; Curcumina,,,CurcumineMOFs,,,,,,,,,,,,,,2
28,curc(III),Curcumina,curc(III),Co,Co(NO3)2*6H2O,B.27,DMF/H2O,,120,24,15,"04/06/2026 17,30",2026-06-04,278.0,291.04,0.1,0.1,27.8,29.104,1.0,,Da valutare,,,,,,CurcumineMOFs,CurcumineMOF; MOF; Curcumina,,,CurcumineMOFs,,,,,,,,,,,,,,1
29,"3-nitro-4,4'-bipyrazole",Bipyrazole,"3 nitro-4,4' bipirazolo",Cd,Cd(NO3)2*4H2O,"Cd11,7",DMF,,150,24,15,"08/06/2026   12,30",2026-06-08,,,0.1,,17.904,,,,Da valutare,,,,,,,,2.0,,MOFs,0.1,30.847,10 ml,10 ml,,molto buono,meno intenso del 11.2,,,Cd-MOF,265.0,,,1
30,"3-nitro-4,4'-bipyrazole",Bipyrazole,"3 nitro-4,4' bipirazolo",Cd,Cd(NO3)2*4H2O,"Cd11,8",DMF,,150,24,15,"08/06/2026   12,30",2026-06-08,,,0.1,,17.904,,,,Da valutare,,,,,,,,2.0,,MOFs,0.2,61.694,10 ml,10 ml,,molto buono,meno intenso del 11.2,,,Cd-MOF,271.0,,,1
31,"3-nitro-4,4'-bipyrazole",Bipyrazole,"3 nitro-4,4' bipirazolo",Ni,Ni(NO3)2,,CH3CN,Et3N,R.T.,48,20,,,,,0.1,,17.9,,,,Non riuscito,,,,,non fatta,,,1.0,,MOFs,0.1,29.08,"0,5 ml",10 ml,"a solution of Ni(CH3COO)2·4H2O (0.084 g, 0.47 mmol) in 10 mL of acetonitrile H2BPZ (0.089 g, 0.47 mmol) was added in one single portion with stirring. The mixture was stirred at 60 °C for 10 min, and then 1 mL of triethylamine was added. The reaction was kept under reflux for 8 h.",non molto buono,Pessimo,"Dalla TGA sembra essersi formato un MOF o complesso, perché rimaneva un residuo metallico",,NiMOFs,3.0,,,0
32,"3-nitro-4,4'-bipyrazole",Bipyrazole,"3 nitro-4,4' bipirazolo",Ni,Ni(OAc)2*4H2O,,CH3CN,,reflux,48,20,,,,,0.2,,35.808,,,,Non riuscito,,,,,,,,2.0,,MOFs,0.2,49.768,"0,5 ml",5 ml,"a solution of Ni(CH3COO)2·4H2O (0.084 g, 0.47 mmol) in 10 mL of acetonitrile H2BPZ (0.089 g, 0.47 mmol) was added in one single portion with stirring. The mixture was stirred at 60 °C for 10 min, and then 1 mL of triethylamine was added. The reaction was kept under reflux for 8 h.","Pessimo, buttato",non fatto per niente,,,NiMOFs,9.0,,,0
33,"3-nitro-4,4'-bipyrazole",Bipyrazole,"3 nitro-4,4' bipirazolo",Ni,Ni(OAc)2*4H2O,,CH3CN,Et3N,reflux,48,20,,,,,0.2,,35.808,,,,N.D.,,,,,,,,2.0,,MOFs,0.4,99.536,"0,5 ml",5 ml,"a solution of Ni(CH3COO)2·4H2O (0.084 g, 0.47 mmol) in 10 mL of acetonitrile H2BPZ (0.089 g, 0.47 mmol) was added in one single portion with stirring. The mixture was stirred at 60 °C for 10 min, and then 1 mL of triethylamine was added. The reaction was kept under reflux for 8 h.",,,,,NiMOFs,17.0,,,1
34,"3-(3,5-DiMePz4-yl)pentane-2,4-dione",Altro,"3-(3,5-DiMePz4-yl)pentane-2,4-dione",Zr,Zr(OCH3)4,Me10,Et3N,,T.A.,30 min,10,,,,,,,,,,,N.D.,,,,,,,,1.0,,MOFs,,,,,,,,,,Meccanochimica,76.0,,,1
35,"3-(3,5-DiMePz4-yl)pentane-2,4-dione",Altro,"3-(3,5-DiMePz4-yl)pentane-2,4-dione",Zr,ZrCl4,MePzDC12,MeOH,,110,94,35,"30/05/2025  12,00",2025-05-30,,,0.3,,58.269,,,,N.D.,,,,,,,,1.0,,MOFs,0.3,69.912,20 ml,20 ml,"Ho pesato il legante e messo nella vial da 35 ml per la reazione solvotermal, aggiunto 12  ml di MeOH e posto nel sonicatore; nel mentre ho pesato il sale metallico e messo in una vial con tappo di plastica, ho aggiunto 8 ml di MeOh e messo nel sonicatore. Una volta ottenuta una soluzione limpida ho travasato tutto nella vial da 15 ml e posta in stufa a 110°C.",,,,,PzDC,87.0,,,1
36,"3-(3,5-DiMePz4-yl)pentane-2,4-dione",Altro,"3-(3,5-DiMePz4-yl)pentane-2,4-dione",Zr,ZrCl4,MePzDC15,MeOH,,100,,35,"10/06/2025  12,00",2025-06-10,,,0.3,,58.269,,,,N.D.,,,,,,,,0.0,,MOFs,0.3,69.912,20 ml,20 ml,"Ho pesato il legante e messo nella vial da 35 ml per la reazione solvotermal, aggiunto 12  ml di MeOH e posto nel sonicatore; nel mentre ho pesato il sale metallico e messo in una vial con tappo di plastica, ho aggiunto 8 ml di MeOH e messo nel sonicatore. Una volta ottenuta una soluzione limpida ho travasato tutto nella vial da 15 ml e posta in stufa a 100°C.",,,,,PzDC,111.0,,,1
37,"3-(3,5-DiMePz4-yl)pentane-2,4-dione",Altro,"3-(3,5-DiMePz4-yl)pentane-2,4-dione",Zr,ZrCl4,MePzDC5,MeOH,,110,48,15,"19/05/2025  10,30",2025-05-19,,,0.15,,29.1345,,,,N.D.,,,,,,,,1.0,,MOFs,0.15,34.956,10 ml,10 ml,"Ho pesato il legante e messo nella vial da 15 ml per la reazione solvotermal, aggiunto 5 ml di MeOH e posto nel sonicatore; nel mentre ho pesato il sale metallico e messo in una vial con tappo di plastica, ho aggiunto 5 ml di MeOh e messo nel sonicatore. Una volta ottenuta una soluzione limpida ho travasato tutto nella vial da 15 ml e posta in stufa a 110°C per 24h.
Dopo 5 ore soluzione ancora limpida senza nessun precipitato, dopo 24 ore si è iniziato ad intravedere un precipitato, lascio 48h, XRD molto buono, da riprovare in maggior quantità e vedere riproducibilità.",,,,,PzDC,33.0,,,1
38,"3-(3,5-DiMePz4-yl)pentane-2,4-dione",Altro,"3-(3,5-DiMePz4-yl)pentane-2,4-dione",Zr,ZrCl4,MePzDC9,MeOH,,110,72,15,"23/05/2025  16,00",2025-05-23,,,0.15,,29.1345,,,,N.D.,,,,,,,,1.0,,MOFs,0.15,34.956,10 ml,10 ml,"Ho pesato il legante e messo nella vial da 15 ml per la reazione solvotermal, aggiunto 5 ml di MeOH e posto nel sonicatore; nel mentre ho pesato il sale metallico e messo in una vial con tappo di plastica, ho aggiunto 5 ml di MeOh e messo nel sonicatore. Una volta ottenuta una soluzione limpida ho travasato tutto nella vial da 15 ml e posta in stufa a 110°C per 24h.
Dopo 5 ore soluzione ancora limpida senza nessun precipitato, dopo 24 ore si è iniziato ad intravedere un precipitato, lascio 48h, XRD molto buono, da riprovare in maggior quantità e vedere riproducibilità.",,,,,PzDC,64.0,,,1
39,"3-amino-4,4'-bipyrazole",Bipyrazole,H2BPZNH2,Ag,Ag2O,H2BPz11,MetOH,,T.A.,24,50,"20/11/2024  10,30",2024-11-20,,,0.2,,29.83,,,,N.D.,,,,,,,,1.0,,MOFs,0.2,46.347,"0,5 ml",2 ml,"Ho pesato il linker e posto all'interno della beuta da 50 ml, solubilizzato con 10 ml di MetOH e lasciato in agitazione sulla piastra; ho pesato lo ione metallico e posto all'interno di una vial da 20ml e solubilizzato con 10ml di MetOH nel sonicatore. Una volta solubilizzato il sale metallico ho aggiunto sempre nella vial da 20 ml la trietilammmina ed il mesitilene. Dopo aver aggiunto tutto nella vial, l'ho travasata nella beuta da 50 ml contenente il linker in metanolo. Ho lasciato sulla piastra sotto agitazione per 24h(ricoperto la beuta con alluminio per evitare che passi la luce). Spettro IR non risoluto, praticamente impossibile caratterizzare",,,,,"3-amino-4,4′-bipyrazole",74.0,,,1
40,"3-amino-4,4'-bipyrazole",Bipyrazole,H2BPZNH2,Ag,AgNO3,H2BPz13,ButOH,Triethylamine,T.A.,36,20 ml,"25/11/2024  17,00",2024-11-25,,,0.15,,22.373,,,,N.D.,,,,,,,,1.0,,MOFs,0.15,25.48,"1,5 ml",16 ml,"Ho pesato il ligando e posto all'interno di una vial da 10 ml con tappo di plastica e solubilizzato con 6 ml di DMF nel sonicatore; nel mentre il sale metallico l'ho messo all'interno di una vial da 20 ml con tappo di plastica e solubilizzato con 10 ml di DMF nel sonicatore. Una volta solubilizzato il ligando ho aggiunto 1,5ml di Et3N e poi travasato il tutto nella vial da 20 ml. Lasciato in agitazione a temperatura ambiente per 24h.",,,,,"3-amino-4,4′-bipyrazole",89.0,,,1
41,"3-amino-4,4'-bipyrazole",Bipyrazole,H2BPZNH2,Ag,AgNO3,H2BPz15,DMF,,110,48,15,45622.458333333336,2024-11-26,,,0.2,,29.83,,,,N.D.,,,,,,,,1.0,,MOFs,0.2,33.97,8 ml,"1,5 ml","Ho pesato il ligando e posto in una vial da 20 ml con tappo di plastica, ho aggiunto 4 ml di DMF e posto il tutto nel sonicatore. Nel mentre ho pesato il sale metallico e messo all'interno di una vial da 15 ml per la reazione solvotermica, ho aggiunto 4 ml di DMF e solubilizzato nel sonicatore per 5 minuti. Una volta solubilizzato tutto ho versato il contenuto della vial contenente il ligando con aggiunta di Et3N all'interno dell'altra, per poi porre il tutto in stufa a 110°C oer 48h. Nessun precipitato",,,,,"3-amino-4,4′-bipyrazole",103.0,,,1
42,"3-amino-4,4'-bipyrazole",Bipyrazole,H2BPZNH2,Ag,AgNO3,H2BPz17,MetOH,Triethylamine,70,72,20,"29/11/2024  15,00",2024-11-29,,,0.15,,22.373,,,,N.D.,,,,,,,,1.0,,MOFs,0.15,25.48,"1,5 ml",16 ml,"Ho pesato il ligando e solubilizzato con 8 ml di MetOH ed aggiunto 1,5ml di Et3N all'interno della vial con tappo di plastica, nel mentre ho pesato anche il sale metallico e solubilizzato anch'esso con 8 ml di MetOH dentro un'altra vial con tappo di plastica. Una volta solubilizzati bene nel sonicatore(5 minuti) ho travasato il contentuto della vial con il ligando in quella contenente il metallo e posto tutto in stufa a 70°c. Precipitato biancastro, faccio raffreddare e lavo con metanolo ed asciugo. Fatto l'IR è praticamente sovrapponibile a H2BPz13 e H2BPz2",,,,,"3-amino-4,4′-bipyrazole",117.0,,,1
43,"3-amino-4,4'-bipyrazole",Bipyrazole,H2BPZNH2,Ag,AgNO3,H2BPz2,MetOH,,T.A.,24,50,45608.708333333336,2024-11-12,,,0.2,,29.83,,,,N.D.,,,,,,,,1.0,,MOFs,0.2,33.97,"0,5 ml",2 ml,"Ho pesato il linker e posto all'interno della beuta da 50 ml, solubilizzato con 10 ml di MetOH e lasciato in agitazione sulla piastra; ho pesato lo ione metallico e posto all'interno di una vial da 20ml e solubilizzato con 10ml di MetOH nel sonicatore. Una volta solubilizzato il sale metallico ho aggiunto sempre nella vial da 20 ml l'ammoniaca ed il mesitilene. Dopo aver aggiunto tutto nella vials l'ho travasata nella beuta da 50 ml contenente il linker in metanolo. Ho lasciato sulla piastra sotto agitazione per 24h(ricoperto la beuta con alluminio per evitare che passi la luce).",,,,,"3-amino-4,4′-bipyrazole",11.0,,,1
44,"3-amino-4,4'-bipyrazole",Bipyrazole,H2BPZNH2,Ag,AgNO3,H2BPz20,DMF,,120,24,20,"4/12/2024  16,00",2024-12-04,,,0.2,,29.83,,,,N.D.,,,,,,,,1.0,,MOFs,0.4,67.948,10 ml,10 ml,"Ho pesato il ligando e posto in una vial da 20 ml con tappo di plastica, ho aggiunto 5 ml di DMF e posto il tutto nel sonicatore. Nel mentre ho pesato il sale metallico e messo all'interno di una vial da 20 ml per la reazione solvotermica, ho aggiunto 5 ml di DMF e solubilizzato nel sonicatore per 5 minuti. Una volta solubilizzato tutto ho versato il contenuto della vial contenente il ligando all'interno dell'altra, per poi porre il tutto in stufa a 120°C oer 24h.",,,,,"3-amino-4,4′-bipyrazole",138.0,,,1
45,"3-amino-4,4'-bipyrazole",Bipyrazole,H2BPZNH2,Ag,Ag2O,H2BPz22,NH3 28%,,60,24,20,"6/12/2024  11,30",2024-12-06,,,0.2,,29.83,,,,N.D.,,,,,,,,1.0,,MOFs,0.2,46.3462,8 ml,2 ml,"Ho pesato il legante solubilizzato in MetOH ed aggiunto 2 ml di ammoniaca all'interno di una vial con tappo di plastica; nel mentre ho pesato il metallo e solubilizzato con 4 ml di MetOH all'interno di una vial con tappo di plastica. Ho posto entrambe le vial nel sonicatore per 5 minuti, una volta solubilizzate ho travasato il contenuto di quella con il legante all'interno di quella contenente il sale metallico e poi messo il tutto in stufa per 72h a 60°C.",,,,,"3-amino-4,4′-bipyrazole",152.0,,,1
46,"3-amino-4,4'-bipyrazole",Bipyrazole,H2BPZNH2,Ag,AgNO3,H2BPz34,DMF/H2O,,100,96,15,"24/04/25   16,30",2025-04-24,,,0.2,,29.8306,,,,N.D.,,,,,,,,1.0,,MOFs,0.2,33.974,8 ml/ 2 ml,8 ml/ 2 ml,"metallizzato, non buono",,,,,"3-amino-4,4′-bipyrazole",236.0,,,1
47,"3-amino-4,4'-bipyrazole",Bipyrazole,H2BPZNH2,Ag,AgNO3,H2BPz35,DMF,,100,24,35,"07/05/25   11,30",2025-05-07,,,0.4,,59.6612,,,,N.D.,,,,,,,,1.0,,MOFs,0.4,67.948,16 ml,16 ml,"Ho pesato il ligando e posto in una vial da 20 ml con tappo di plastica, ho aggiunto 4 ml di DMF e posto il tutto nel sonicatore. Nel mentre ho pesato il sale metallico e messo all'interno di una vial da 15 ml per la reazione solvotermica, ho aggiunto 4 ml di DMF e solubilizzato nel sonicatore per 5 minuti. Una volta solubilizzato tutto ho versato il contenuto della vial contenente il ligando all'interno dell'altra, per poi porre il tutto in stufa a 100°C oer 24h.",,,,,"3-amino-4,4′-bipyrazole",243.0,,,1
48,"3-amino-4,4'-bipyrazole",Bipyrazole,H2BPZNH2,Ag,AgNO3,H2BPz36,DMF,,100,5,15,"08/05/25  10,15",2025-05-08,,,0.2,,29.83,,,,N.D.,,,,,,,,1.0,,MOFs,0.2,33.97,8 ml,8 ml,"Ho pesato il ligando e posto in una vial da 20 ml con tappo di plastica, ho aggiunto 4 ml di DMF e posto il tutto nel sonicatore. Nel mentre ho pesato il sale metallico e messo all'interno di una vial da 15 ml per la reazione solvotermica, ho aggiunto 4 ml di DMF e solubilizzato nel sonicatore per 5 minuti. Una volta solubilizzato tutto ho versato il contenuto della vial contenente il ligando all'interno dell'altra, per poi porre il tutto in stufa a 100°C oer 5h.",,,,,"3-amino-4,4′-bipyrazole",251.0,,,1
49,"3-amino-4,4'-bipyrazole",Bipyrazole,H2BPZNH2,Ag,AgNO3,H2BPz37,DMF,,90,2,20,"12/05/25   9,45",2025-05-12,,,0.2,,29.8306,,,,N.D.,,,,,,,,1.0,,MOFs,0.2,33.974,8 ml,8 ml,"Ho pesato il ligando e posto in una vial da 20 ml con tappo di plastica, ho aggiunto 4 ml di DMF e posto il tutto nel sonicatore. Nel mentre ho pesato il sale metallico e messo all'interno di una vial da 20 ml con tappo di plastica, ho aggiunto 4 ml di DMF e solubilizzato nel sonicatore per 5 minuti. Una volta solubilizzato tutto ho versato il contenuto della vial contenente il ligando all'interno dell'altra, per poi porre il tutto in stufa a 90°C per 2h.",,,,,"3-amino-4,4′-bipyrazole",259.0,,,1
50,"3-amino-4,4'-bipyrazole",Bipyrazole,H2BPZNH2,Ag,AgNO3,H2BPz38,DMF,,100,1,35,"14/05/2025  10,45",2025-05-14,,,0.4,,59.6612,,,,N.D.,,,,,,,,1.0,,MOFs,0.4,67.948,16 ml,16 ml,"Ho pesato il ligando e posto in una vial da 20 ml con tappo di plastica, ho aggiunto 8 ml di DMF e posto il tutto nel sonicatore. Nel mentre ho pesato il sale metallico e messo all'interno di una vial da 35 ml per la reazione solvotermica, ho aggiunto 8 ml di DMF e solubilizzato nel sonicatore per 5 minuti. Una volta solubilizzato tutto ho versato il contenuto della vial contenente il ligando all'interno dell'altra, per poi porre il tutto in stufa a 100°C oer 1h.",,,,,"3-amino-4,4′-bipyrazole",268.0,,,1
51,"3-amino-4,4'-bipyrazole",Bipyrazole,H2BPZNH2,Ag,AgNO3,H2BPz39,DMF,,R.T.,72h,20,"16/05/2025   12,30",2025-05-16,,,0.15,,22.37295,,,,N.D.,,,,,,,,1.0,,MOFs,2 ml,,0.15,8 ml,"Ho pesato il ligando e posto in una vial da 20 ml con tappo di plastica, ho aggiunto 4 ml di DMF e2 ml di NH3 28% e posto il tutto nel sonicatore. Nel mentre ho pesato il sale metallico e messo all'interno di una vial da 20 ml con tappo di plastica, ho aggiunto 4 ml di DMF e solubilizzato nel sonicatore per 5 minuti. Una volta solubilizzato tutto ho versato il contenuto della vial contenente il ligando all'interno dell'altra, per poi porre il tutto su una piastra in stirring a temperatura ambiente(rivestita la vial con carta stagnolaa).",,,,,"3-amino-4,4′-bipyrazole",276.0,,,1
52,"3-amino-4,4'-bipyrazole",Bipyrazole,H2BPZNH2,Ag,AgNO3,H2BPz40,DMF/EtOH/H2O,,100,1,15,"21/05/2025  12,30",2025-05-21,,,0.15,,22.37295,,,,N.D.,,,,,,,,1.0,,MOFs,0.15,25.4805,"5 ml/ 1,5 ml/ 1,5 ml","5 ml/ 1,5 ml/ 1,5 ml","Dopo un ora stava annerendosi, quindi tolto dalla stufa, il precipitato è ancora biacastro, un po annerito",,,,,"3-amino-4,4′-bipyrazole",283.0,,,1
53,"3-amino-4,4'-bipyrazole",Bipyrazole,H2BPZNH2,Ag,AgNO3,H2BPz41,DMA,,100,4,15,"22/05/2025  11,00",2025-05-22,,,0.15,,22.37295,,,,N.D.,,,,,,,,1.0,,MOFs,0.15,25.4805,8 ml,8 ml,"Ho pesato il legante e posto in una vial da 15 ml resistente alla pressione, aggiunto 4 ml di DMA e posta nel sonicatore; nel mentre ho pesato il sale metallico e messo in una vial con tappo di plastica da 8 ml ed aggiunto 4 ml di DMA, anch'essa messa nel sonicatore. Dopo 5 minuti e solubilizzato tutto in entrambe le vial ho travasato il metallo nell'altra. Chiusa la vial con teflon, l'ho messa in stufa a 100°C.",,,,,"3-amino-4,4′-bipyrazole",290.0,,,1
54,"3-amino-4,4'-bipyrazole",Bipyrazole,H2BPZNH2,Ag,AgNO3,H2BPz42,DMF,Acido benzoico,90,1,20,"22/05/2025 16,00",2025-05-22,,,0.15,,22.37295,,,,N.D.,,,,,,,,1.0,,MOFs,0.15,25.4805,50 mg,8 ml,"Ho pesato il legante e l'acido benzoico e posto in una vial da 15 ml resistente alla pressione, aggiunto 4 ml di DMF e posta nel sonicatore; nel mentre ho pesato il sale metallico e messo in una vial con tappo di plastica da 8 ml ed aggiunto 4 ml di DMF, anch'essa messa nel sonicatore. Dopo 5 minuti e solubilizzato tutto in entrambe le vial ho travasato il metallo nell'altra. Chiusa la vial con teflon, l'ho messa in stufa a 90°C.",,,,,"3-amino-4,4′-bipyrazole",297.0,,,1
55,"3-amino-4,4'-bipyrazole",Bipyrazole,H2BPZNH2,Ag,AgNO3,H2BPz43,DMF,,100,1.5,15,"23/05/2025  16,00",2025-05-23,,,0.15,,22.37295,,,,N.D.,,,,,,,,1.0,,MOFs,0.15,25.4805,8 ml,8 ml,"Ho pesato il ligando e posto in una vial da 20 ml con tappo di plastica, ho aggiunto 4 ml di DMF e posto il tutto nel sonicatore. Nel mentre ho pesato il sale metallico e messo all'interno di una vial da 15 ml per la reazione solvotermica, ho aggiunto 4 ml di DMF e solubilizzato nel sonicatore per 5 minuti. Una volta solubilizzato tutto ho versato il contenuto della vial contenente il ligando all'interno dell'altra, per poi porre il tutto in stufa a 100°C .",,,,,"3-amino-4,4′-bipyrazole",306.0,,,1
56,"3-amino-4,4'-bipyrazole",Bipyrazole,H2BPZNH2,Ag,AgNO3,H2BPz44,DMF/ MeCN,,100,1,15,"26/05/2025  16,30",2025-05-26,,,0.15,,22.37295,,,,N.D.,,,,,,,,1.0,,MOFs,0.15,25.4805,6 ml/2 ml,6 ml/2 ml,"Ho pesato il metalloe posto in una vial da 8ml con tappo di plastica, ho aggiunto 3 ml di DMF e posto il tutto nel sonicatore. Nel mentre ho pesato il legante e messo all'interno di una vial da 15 ml per la reazione solvotermica, ho aggiunto 3 ml di DMF e  2 ml di MeCN solubilizzato nel sonicatore per 5 minuti. Una volta solubilizzato tutto l'ho posto in stufa a 100°C .",,,,,"3-amino-4,4′-bipyrazole",314.0,,,1
57,"3-amino-4,4'-bipyrazole",Bipyrazole,H2BPZNH2,Ag,AgNO3,H2BPz45,DMF/ MeCN,,80,24,15,"28/05/2025   11,00",2025-05-28,,,0.15,,22.37295,,,,N.D.,,,,,,,,1.0,,MOFs,0.15,25.4805,2 ml/6 ml,2 ml/6 ml,"Ho pesato il metallo e posto in una vial da 8 ml con tappo di plastica, ho aggiunto  3 ml di MeCN e posto il tutto nel sonicatore. Nel mentre ho pesato il legante e messo all'interno di una vial da 15 ml per la reazione solvotermica, ho aggiunto 2 ml di DMF e 3 ml di MeCN solubilizzato nel sonicatore per 5 minuti. Una volta solubilizzato tutto  postoil tutto in stufa a 80°C .",,,,,"3-amino-4,4′-bipyrazole",322.0,,,1
58,"3-amino-4,4'-bipyrazole",Bipyrazole,H2BPZNH2,Ag,AgNO3,H2BPz46,DMF/ MeCN,,100,1.5,15,"05/06/2025  11,00",2025-06-05,,,0.15,,22.37295,,,,N.D.,,,,,,,,1.0,,MOFs,0.15,25.4805,4 ml/4 ml,4 ml/4 ml,"Ho pesato il metallo e posto in una vial da 8 ml con tappo di plastica, ho aggiunto 4 ml di MeCN e posto il tutto nel sonicatore. Nel mentre ho pesato il legante e messo all'interno di una vial da 15 ml per la reazione solvotermica, ho aggiunto 4 ml di DMF e solubilizzato nel sonicatore per 5 minuti. Una volta solubilizzato tutto l'ho posto in stufa a 100°C .",,,,,"3-amino-4,4′-bipyrazole",331.0,,,1
59,"3-amino-4,4'-bipyrazole",Bipyrazole,H2BPZNH2,Ag,AgNO3,H2BPz47,Et3N,,R.T.,24,25,"09/06/2025   15,30",2025-06-09,,,0.3,,44.7459,,,,N.D.,,,,,,,,1.0,,MOFs,0.3,50.961,10 ml/4 ml,10 ml/4 ml,"Ho pesato il legante e messo all'interno della beuta da 25 ml, ho aggiunto 9 ml di DMF e 2 ml di Et3N e posta in agitazione; nel mentre ho pesato il sale metallico dentro una beuta da 8 ml con tappo di plastica ed aggiunto 1 ml di DMFe 4 ml di CH3CN. Dopo 5 minuti ho travasato il sale metallico all'interno della beuta e lasciato in agitazione per 24h a R.T.. Appena aggiunto il metallo si è formato un precipitato bianco. Ho avvolto la beuta con l'alluminio per evitare la riduzione dell'argento.",,,,,"3-amino-4,4′-bipyrazole",338.0,,,1
60,"3-amino-4,4'-bipyrazole",Bipyrazole,H2BPZNH2,Ag,AgNO3,H2BPz6,DMF,,100,48,15,"20/11/2024  12,30",2024-11-20,,,0.2,,29.83,,,,N.D.,,,,,,,,1.0,,MOFs,0.2,33.97,8 ml,8 ml,"Ho pesato il ligando e posto in una vial da 20 ml con tappo di plastica, ho aggiunto 4 ml di DMF e posto il tutto nel sonicatore. Nel mentre ho pesato il sale metallico e messo all'interno di una vial da 15 ml per la reazione solvotermica, ho aggiunto 4 ml di DMF e solubilizzato nel sonicatore per 5 minuti. Una volta solubilizzato tutto ho versato il contenuto della vial contenente il ligando all'interno dell'altra, per poi porre il tutto in stufa a 100°C oer 48h.",,,,,"3-amino-4,4′-bipyrazole",39.0,,,1
61,"3-amino-4,4'-bipyrazole",Bipyrazole,H2BPZNH2,Ag,AgNO3,H2BPz9,DMF,,T.a.,72,20,45615.520833333336,2024-11-19,,,0.3,,44.745,,,,N.D.,,,,,,,,1.0,,MOFs,0.3,33.97,8 ml,8 ml,"Ho pesato il ligando in una vial da 20 ml con tappo di plastica ed aggiunto 5 ml di DMF, il tutto posto nel sonicatore a caldo per 5 minuti; nel mentre ho pesato il sale metallico e messo dentro una vial con tappo di plastica ed aggiunto DMF 5ml, il tutto posto nel sonicaotre a caldo per 5 minuti. A completa solubilizzazione in entrambe le vials, ho versato il contenuto di quella con il ligando all'interno della provetta contenente il metallo, aggiunto un ancoretta metallica e posta in un agitatore a tempetratura ambiente per 72h.",,,,,"3-amino-4,4′-bipyrazole",60.0,,,1
62,"3-amino-4,4'-bipyrazole",Bipyrazole,"3-amino-4,4′-bipyrazole",Ag,AgNO3,Me0,Et3N,,T.A.,60 min,10,"10/12/2024 11,10",2024-12-10,,,,,,,,,N.D.,,,,,,,,1.0,,MOFs,,,,,"Ho pesato il sale metallico e il legante e li ho posti all'interno del cilindro di acciaio inox. Ho aggiunto 100 microlitri di MetOH, 100 microlitri di H2O pura e 100 microlitri di ET3N. Ho aggiunto 10 sfere sempre di acciaio inox ed ho avviato il vibromulino per 60 minuti a 7 oscillazioni al secondo. Spettro IR praticamente illeggibile, non si è formato nulla.",,,,,Meccanochimica,6.0,,,1
63,"3-amino-4,4'-bipyrazole",Bipyrazole,"3-amino-4,4′-bipyrazole",Ag,Ag2O,Me3,,,T.A.,60 min,10,45638,2024-12-12,,,,,,,,,N.D.,,,,,,,,0.0,,MOFs,,,,,"Ho pesato il sale metallico e il legante e li ho posti all'interno del cilindro di acciaio inox. Ho aggiunto 200 microlitri di MetOH, 50 microlitri di NH3 30% . Ho aggiunto 12 sfere sempre di acciaio inox ed ho avviato il vibromulino per 60 minuti a 30 oscillazioni al secondo.",,,,,Meccanochimica,27.0,,,1
64,"3-amino-4,4'-bipyrazole",Bipyrazole,H2BPZNH2,Au,Cloro(tri-tert-butilfosfina)Au(I),H2BPz10,DMF,,T.a.,72,20,45615.520833333336,2024-11-19,,,0.2,,29.83,,,,N.D.,,,,,,,,1.0,,MOFs,0.2,96.94,8 ml,8 ml,"Ho pesato il ligando in una vial da 20 ml con tappo di plastica ed aggiunto 5 ml di DMF, il tutto posto nel sonicatore a caldo per 5 minuti; nel mentre ho pesato il sale metallico e messo dentro una vial con tappo di plastica ed aggiunto DMF 5ml, il tutto posto nel sonicaotre a caldo per 5 minuti. A completa solubilizzazione in entrambe le vials, ho versato il contenuto di quella con il ligando all'interno della provetta contenente il metallo, aggiunto un ancoretta metallica e posta in un agitatore a tempetratura ambiente per 72h. Nessun precipitato",,,,,"3-amino-4,4′-bipyrazole",67.0,,,1
65,"3-amino-4,4'-bipyrazole",Bipyrazole,H2BPZNH2,Au,Chlorotriphenylphosphine gold(I),H2BPz23,,,120,24,15,"18/12/2024  14,45",2024-12-18,,,0.2,,29.83,,,,N.D.,,,,,,,,0.0,,MOFs,0.2,98.94,10 ml,10 ml,"Ho pesato il legante e solubilizzato con 5 ml di CH3CN all'interno di una vial per la stufa; nel mentre ho pesato il metallo e solubilizzato con 5 ml di CH3CN all'interno di una vial con tappo di plastica. Ho posto entrambe le vials nel sonicatore per 20 minuti, poi ho travasato il contenuto di quella con tappo in plastica nella vial per la stufa. Ho lasciato la vial in stufa a 120°C. Nessun precipitato",,,,,"3-amino-4,4′-bipyrazole",159.0,,,1
66,"3-amino-4,4'-bipyrazole",Bipyrazole,H2BPZNH2,Au,Cloro(tri-tert-butilfosfina)Au(I),H2BPz3,MetOH,,T.A.,24,50,"14/11/2024  11,30",2024-11-14,,,0.2,,29.83,,,,N.D.,,,,,,,,1.0,,MOFs,0.2,96.94,"0,5 ml",2 ml,"Ho pesato il linker e posto all'interno della beuta da 50 ml, solubilizzato con 10 ml di MetOH e lasciato in agitazione sulla piastra; ho pesato lo ione metallico e posto all'interno di una vial da 20ml e solubilizzato con 10ml di MetOH nel sonicatore. Una volta solubilizzato il sale metallico ho aggiunto sempre nella vial da 20 ml l'ammoniaca ed il mesitilene. Dopo aver aggiunto tutto nella vials l'ho travasata nella beuta da 50 ml contenente il linker in metanolo. Ho lasciato sulla piastra sotto agitazione per 24h(ricoperto la beuta con alluminio per evitare che passi la luce). Nessun precipitato formatosi.",,,,,"3-amino-4,4′-bipyrazole",18.0,,,1
67,"3-amino-4,4'-bipyrazole",Bipyrazole,H2BPZNH2,Au,Cloro(tri-tert-butilfosfina)Au(I),H2BPz7,DMF,,100,48,15,"20/11/2024  12,30",2024-11-20,,,0.2,,29.83,,,,N.D.,,,,,,,,1.0,,MOFs,0.2,96.94,8 ml,8 ml,"Ho pesato il ligando e posto in una vial da 20 ml con tappo di plastica, ho aggiunto 4 ml di DMF e posto il tutto nel sonicatore. Nel mentre ho pesato il sale metallico e messo all'interno di una vial da 15 ml per la reazione solvotermica, ho aggiunto 4 ml di DMF e solubilizzato nel sonicatore per 5 minuti. Una volta solubilizzato tutto ho versato il contenuto della vial contenente il ligando all'interno dell'altra, per poi porre il tutto in stufa a 100°C oer 48h. Nessun precipitato",,,,,"3-amino-4,4′-bipyrazole",46.0,,,1
68,"3-amino-4,4'-bipyrazole",Bipyrazole,"3-amino-4,4′-bipyrazole",Au,Chlorotriphenylphosphine gold(I),Me7,,,T.A.,60 min,10,45644,2024-12-18,,,,,,,,,N.D.,,,,,,,,0.0,,MOFs,,,,,Ho pesato il sale metallico e il legante e li ho posti all'interno del cilindro di acciaio inox; aggiunto MetOH ed NH3. Ho aggiunto 12 sfere sempre di acciaio inox ed ho avviato il vibromulino per 60 minuti a 30 oscillazioni al secondo.  Nessun precipitato,,,,,Meccanochimica,55.0,,,1
69,"3-amino-4,4'-bipyrazole",Bipyrazole,"3 ammino-4,4' bipirazolo",Cd,Cd(NO3)2*4H2O,Cd-MOF1,DMF/H2O,,160,72,20,"06/10/2025  11,00",2025-10-06,,,0.3,,44.7459,,,,N.D.,,,,,,,,1.0,,MOFs,0.3,92.541,12 ml/4ml,12 ml/4ml,"Pesato il sale metallico e messo in una vial da 8 ml, aggiunti 5 ml di DMF e sonicato per 2 minuti; poi ho pesato il legante e messo in una vial solvotermica ed aggiunti 7 ml di DMF e 4 ml di H2O milliQ. Ho travasato il metallo nella vial per la reazione solvotermica, poi sigillato con il teflon e posto in stufa a 160°C.",,,,,Cd-MOF,14.0,,,1
70,"3-amino-4,4'-bipyrazole",Bipyrazole,"3 ammino-4,4' bipirazolo",Cd,Cd(NO3)2*4H2O,Cd-MOF12,DMF,,140,72,15,45965.729166666664,2025-11-04,,,0.2,,29.8306,,,,N.D.,,,,,,,,1.0,,MOFs,0.2,61.694,10 ml,10 ml,"Pesato il sale metallico e messo in una vial da 8 ml, aggiunti 5 ml di DMF e sonicato per 2 minuti; poi ho pesato il legante e messo in una vial solvotermica ed aggiunti 5 ml di DMF . Ho travasato il metallo nella vial per la reazione solvotermica, poi sigillato con il teflon e posto in stufa a 140°C.",,,,,Cd-MOF,97.0,,,1
71,"3-amino-4,4'-bipyrazole",Bipyrazole,"3 ammino-4,4' bipirazolo",Cd,Cd(OAc)2*2H2O,"Cd-MOF12,3",DMF/H2O,,140,48,15,"27/01/26   17,30",2026-01-27,,,0.2,,29.8306,,,,Da valutare,,,,,,,,1.0,,MOFs,0.1,26.653,10 ml/2 ml,10 ml/2 ml,"Pesato il sale metallico e messo in una vial da 8 ml, aggiunti 5 ml di DMF e sonicato per 2 minuti; poi ho pesato il legante e messo in una vial solvotermica ed aggiunti 5 ml di DMF . Ho travasato il metallo nella vial per la reazione solvotermica, poi sigillato con il teflon e posto in stufa a 140°C.",,"Solo acetato, schifo",,,Cd-MOF,147.0,,,1
72,"3-amino-4,4'-bipyrazole",Bipyrazole,"3 ammino-4,4' bipirazolo",Cd,Cd(NO3)2*4H2O,"Cd-MOF12,3",MeOH,,120,48,15,"02/02/2026   18,00",2026-02-02,,,0.2,,29.8306,,,,Da valutare,,,,,,,,1.0,,MOFs,0.1,30.847,10 ml,10 ml,Pochissimo precipitato,,the same,,,Cd-MOF,178.0,,,1
73,"3-amino-4,4'-bipyrazole",Bipyrazole,"3 ammino-4,4' bipirazolo",Cd,Cd(NO3)2*4H2O,Cd-MOF4,DMF/H2O,,140,120,35,"16/10/25   10,30",2025-10-16,,,0.2,,29.8306,,,,N.D.,,,,,,,,1.0,,MOFs,0.1,30.847,20 ml/10ml,20 ml/10ml,"Pesato il sale metallico e messo in una vial da 8 ml, aggiunti 5 ml di DMF e sonicato per 2 minuti; poi ho pesato il legante e messo in una vial solvotermica ed aggiunti 7 ml di DMF e 4 ml di H2O milliQ. Ho travasato il metallo nella vial per la reazione solvotermica, poi sigillato con il teflon e posto in stufa a 140°C.",,,,,Cd-MOF,37.0,,,1
74,"3-amino-4,4'-bipyrazole",Bipyrazole,"3 ammino-4,4' bipirazolo",Cd,Cd(NO3)2*4H2O,Cd-MOF6,DMF,,140,48,15,"21/10/2025   13,00",2025-10-21,,,0.2,,29.8306,,,,N.D.,,,,,,,,2.0,,MOFs,0.1,30.847,10 ml,10 ml,"Pesato il sale metallico e messo in una vial da 8 ml, aggiunti 5 ml di DMF e sonicato per 2 minuti; poi ho pesato il legante e messo in una vial solvotermica ed aggiunti 5 ml di DMF. Ho travasato il metallo nella vial per la reazione solvotermica, poi sigillato con il teflon e posto in stufa a 140°C. TGA non molto buona, potrebbe non essere un MOF, considerando che ha avuto una perdita i peso del 95%.",,,,,Cd-MOF,51.0,,,1
75,"3-amino-4,4'-bipyrazole",Bipyrazole,"3 ammino-4,4' bipirazolo",Cd,Cd(NO3)2*4H2O,"Cd-MOF6,2",DMF,,140,48,35,"03/02/2026  17,00",2026-02-03,,,0.8,,119.3224,,,,N.D.,,,,,,,,2.0,,MOFs,0.4,123.388,30 ml,30 ml,,,,,,Cd-MOF,206.0,,,1
76,"3-amino-4,4'-bipyrazole",Bipyrazole,"3 ammino-4,4' bipirazolo",Cd,Cd(NO3)2*4H2O,"Cd-MOF6,3",DMF,,160,24,15,"21/04/26   11,30",2026-04-21,,,0.2,,29.8306,,,,Promettente,,,,,,,,1.0,,MOFs,0.1,30.847,12 ml,12 ml,"Pesato il sale metallico e messo in una vial da 8 ml, aggiunti 6 ml di DMF e sonicato per 2 minuti; poi ho pesato il legante e messo in una vial solvotermica ed aggiunti 6 ml di DMF. Ho travasato il metallo nella vial per la reazione solvotermica, poi sigillato con il teflon e posto in stufa a 160°C.",come l'altro,"buono, migliore rispetto ai precedenti",,,Cd-MOF,230.0,,,2
77,"3-amino-4,4'-bipyrazole",Bipyrazole,"3 ammino-4,4' bipirazolo",Cd,Cd(NO3)2*4H2O,"Cd-MOF6,5",DMF,,160,48,20,"11/05/2026  18,00",2026-05-11,,,0.1,,14.9153,,,,Da valutare,,,,,,,,2.0,,MOFs,0.1,30.847,15 ml,15 ml,"Pesato il sale metallico e messo in una vial da 8 ml, aggiunti 7 ml di DMF e sonicato per 2 minuti; poi ho pesato il legante e messo in una vial solvotermica ed aggiunti 8 ml di DMF. Ho travasato il metallo nella vial per la reazione solvotermica, poi sigillato con il teflon e posto in stufa a 160°C.",fatto,fatto,,,Cd-MOF,237.0,,,1
78,"3-amino-4,4'-bipyrazole",Bipyrazole,"3 ammino-4,4' bipirazolo",Cd,Cd(NO3)2*4H2O,"Cd-MOF6,6",DMF,,160,48,15,"13/05/2026   15,30",2026-05-13,,,0.1,,14.9153,,,,Da valutare,,,,,,,,2.0,,MOFs,0.2,61.694,10 ml,10 ml,"Pesato il sale metallico e messo in una vial da 8 ml, aggiunti 5 ml di DMF e sonicato per 2 minuti; poi ho pesato il legante e messo in una vial solvotermica ed aggiunti 5 ml di DMF. Ho travasato il metallo nella vial per la reazione solvotermica, poi sigillato con il teflon e posto in stufa a 160°C.",fatto,fatto,,,Cd-MOF,251.0,,,1
79,"3-amino-4,4'-bipyrazole",Bipyrazole,"3 ammino-4,4' bipirazolo",Cd,Cd(OAc)2*2H2O,Cd-MOF7,DMF,,140,48,15,"21/10/2025   13,00",2025-10-21,,,0.2,,29.8306,,,,N.D.,,,,,,,,1.0,,MOFs,0.1,26.653,10 ml,10 ml,"Pesato il sale metallico e messo in una vial da 8 ml, aggiunti 5 ml di DMF e sonicato per 2 minuti; poi ho pesato il legante e messo in una vial solvotermica ed aggiunti 5 ml di DMF. Ho travasato il metallo nella vial per la reazione solvotermica, poi sigillato con il teflon e posto in stufa a 140°C.",,,,,Cd-MOF,58.0,,,1
80,"3-amino-4,4'-bipyrazole",Bipyrazole,"3 ammino-4,4' bipirazolo",Cd,Cd(NO3)2*4H2O,Cd-MOF8,DMF/EtOH,,140,48,15,"21/10/2025   13,00",2025-10-21,,,0.2,,29.8306,,,,N.D.,,,,,,,,1.0,,MOFs,0.1,30.847,8 ml/2 ml,8 ml/2 ml,"Pesato il sale metallico e messo in una vial da 8 ml, aggiunti 5 ml di DMF e sonicato per 2 minuti; poi ho pesato il legante e messo in una vial solvotermica ed aggiunti 5 ml di DMF e 2 ml di EtOH. Ho travasato il metallo nella vial per la reazione solvotermica, poi sigillato con il teflon e posto in stufa a 140°C.",,,,,Cd-MOF,65.0,,,1
81,"3-amino-4,4'-bipyrazole",Bipyrazole,"3 ammino-4,4' bipirazolo",Cd,Cd(NO3)2*4H2O,Cd-MOF9,DMF/MeOH,,140,72,15,"24/10/2025  12,30",2025-10-24,,,0.2,,29.8306,,,,N.D.,,,,,,,,1.0,,MOFs,0.1,30.847,10 ml/2 ml,10 ml/2 ml,"Pesato il sale metallico e messo in una vial da 8 ml, aggiunti 5 ml di DMF e sonicato per 2 minuti; poi ho pesato il legante e messo in una vial solvotermica ed aggiunti 6 ml di DMF e 4 ml di EtOH. Ho travasato il metallo nella vial per la reazione solvotermica, poi sigillato con il teflon e posto in stufa a 140°C.",,,,,Cd-MOF,74.0,,,1
82,"3-amino-4,4'-bipyrazole",Bipyrazole,H2BPZNH2,Cd,Cd(NO3)2*4H2O,H2BPz51,,,120,48,15,"15/09/2025   16,15",2025-09-15,,,0.15,,22.37295,,,,N.D.,,,,,,,,0.0,,MOFs,0.15,46.2705,10 ml,10 ml,"Ho pesato il legante e messo in una vial da 15 ml per la reazione solvotermica, ho aggiunto 5 ml di DMF e messa nel sonicatore; nel mentre ho pesato il metallo e messo in una vial ed aggiunto 5 ml di DMF e messo a sonicare. Dopo 10 minuti ho travasato il metallo nel legante e messo in stufa a 120°C per 48H.",,,,,"3-amino-4,4′-bipyrazole",367.0,,,1
83,"3-amino-4,4'-bipyrazole",Bipyrazole,H2BPZNH2,Cd,Cd(OAc)2*2H2O,H2BPz52,,,120,48,15,"15/09/2025   16,15",2025-09-15,,,0.15,,22.37295,,,,N.D.,,,,,,,,0.0,,MOFs,0.15,39.975,10 ml,10 ml,"Ho pesato il legante e messo in una vial da 15 ml per la reazione solvotermica, ho aggiunto 5 ml di DMF e messa nel sonicatore; nel mentre ho pesato il metallo e messo in una vial ed aggiunto 5 ml di DMF e messo a sonicare. Dopo 10 minuti ho travasato il metallo nel legante e messo in stufa a 120°C per 48H.",,,,,"3-amino-4,4′-bipyrazole",374.0,,,1
84,"3-amino-4,4'-bipyrazole",Bipyrazole,H2BPZNH2,Cu,CuOAc,H2BPz1,MetOH,Mesitilene,T.A.,24,50,"13/11/2024  16,30",2024-11-13,,,0.2,,29.83,,,,N.D.,,,,,,,,1.0,,MOFs,0.2,25.99,"0,5 ml",2 ml,"Ho pesato il linker e posto all'interno della beuta da 50 ml, solubilizzato con 10 ml di MetOH e lasciato in agitazione sulla piastra; ho pesato lo ione metallico e posto all'interno di una vial da 20ml e solubilizzato con 10ml di MetOH nel sonicatore. Una volta solubilizzato il sale metallico ho aggiunto sempre nella vial da 20 ml l'ammoniaca ed il mesitilene. Dopo aver aggiunto tutto nella vials l'ho travasata nella beuta da 50 ml contenente il linker in metanolo. Ho lasciato sulla piastra sotto agitazione per 24h(ricoperto la beuta con alluminio per evitare che passi la luce).",,,,,"3-amino-4,4′-bipyrazole",4.0,,,1
85,"3-amino-4,4'-bipyrazole",Bipyrazole,H2BPZNH2,Cu,CuOAc,H2BPz12,ButOH,,T.A.,36,20 ml,"25/11/2024  17,00",2024-11-25,,,0.15,,22.373,,,,N.D.,,,,,,,,1.0,,MOFs,0.15,19.5,"1,5 ml",16 ml,"Ho pesato il ligando e posto all'interno di una vial da 10 ml con tappo di plastica e solubilizzato con 6 ml di DMF nel sonicatore; nel mentre il sale metallico l'ho messo all'interno di una vial da 20 ml con tappo di plastica e solubilizzato con 10 ml di DMF nel sonicatore. Una volta solubilizzato il ligando ho aggiunto 1,5ml di Et3N e poi travasato il tutto nella vial da 20 ml. Lasciato in agitazione a temperatura ambiente per 24h. Nessun precipitato.",,,,,"3-amino-4,4′-bipyrazole",82.0,,,1
86,"3-amino-4,4'-bipyrazole",Bipyrazole,H2BPZNH2,Cu,CuOAc,H2BPz14,DMF,,110,48,15,45622.458333333336,2024-11-26,,,0.2,,29.83,,,,N.D.,,,,,,,,1.0,,MOFs,0.2,25.99,8 ml,"1,5 ml","Ho pesato il ligando e posto in una vial da 20 ml con tappo di plastica, ho aggiunto 4 ml di DMF e posto il tutto nel sonicatore. Nel mentre ho pesato il sale metallico e messo all'interno di una vial da 15 ml per la reazione solvotermica, ho aggiunto 4 ml di DMF e solubilizzato nel sonicatore per 5 minuti. Una volta solubilizzato tutto ho versato il contenuto della vial contenente il ligando con aggiunta di Et3N all'interno dell'altra, per poi porre il tutto in stufa a 110°C oer 48h.",,,,,"3-amino-4,4′-bipyrazole",96.0,,,1
87,"3-amino-4,4'-bipyrazole",Bipyrazole,H2BPZNH2,Cu,CuOAc,H2BPz16,MetOH,,70,72,20,"2/12/2024  17,30",2024-12-02,,,0.15,,22.373,,,,N.D.,,,,,,,,1.0,,MOFs,0.15,19.5,"1,5 ml",16 ml,"Ho pesato il ligando e solubilizzato con 8 ml di MetOH ed aggiunto 1,5ml di Et3N all'interno della vial con tappo di plastica, nel mentre ho pesato anche il sale metallico e solubilizzato anch'esso con 8 ml di MetOH dentro un'altra vial con tappo di plastica. Una volta solubilizzati bene nel sonicatore(5 minuti) ho travasato il contentuto della vial con il ligando in quella contenente il metallo e posto tutto in stufa a 70°c. La soluzione mi è andata a secco(probabilmente il tappo non sigillava bene), quindi riprovo.",,,,,"3-amino-4,4′-bipyrazole",110.0,,,1
88,"3-amino-4,4'-bipyrazole",Bipyrazole,H2BPZNH2,Cu,CuOAc,H2BPz19,DMF,,120,24,20,"4/12/2024  16,00",2024-12-04,,,0.2,,29.83,,,,N.D.,,,,,,,,1.0,,MOFs,0.4,51.9812,10 ml,10 ml,"Ho pesato il ligando e posto in una vial da 20 ml con tappo di plastica, ho aggiunto 5 ml di DMF e posto il tutto nel sonicatore. Nel mentre ho pesato il sale metallico e messo all'interno di una vial da 20 ml per la reazione solvotermica, ho aggiunto 5 ml di DMF e solubilizzato nel sonicatore per 5 minuti. Una volta solubilizzato tutto ho versato il contenuto della vial contenente il ligando all'interno dell'altra, per poi porre il tutto in stufa a 120°C oer 24h.",,,,,"3-amino-4,4′-bipyrazole",131.0,,,1
89,"3-amino-4,4'-bipyrazole",Bipyrazole,H2BPZNH2,Cu,CuCl,H2BPz21,NH3 28%,,60,24,20,"6/12/2024  11,30",2024-12-06,,,0.3,,44.7459,,,,N.D.,,,,,,,,1.0,,MOFs,0.3,29.6997,8 ml,2 ml,"Ho pesato il legante solubilizzato in MetOH ed aggiunto 2 ml di ammoniaca all'interno di una vial con tappo di plastica; nel mentre ho pesato il metallo e solubilizzato con 4 ml di MetOH all'interno di una vial con tappo di plastica. Ho posto entrambe le vial nel sonicatore per 5 minuti, una volta solubilizzate ho travasato il contenuto di quella con il legante all'interno di quella contenente il sale metallico e poi messo il tutto in stufa per 72h a 60°C.",,,,,"3-amino-4,4′-bipyrazole",145.0,,,1
90,"3-amino-4,4'-bipyrazole",Bipyrazole,H2BPZNH2,Cu,CuI,H2BPz26,,,100,24,15,"15/01/2025   11,00",2025-01-15,,,0.2,,29.83,,,,N.D.,,,,,,,,0.0,,MOFs,0.2,38.09,10 ml,10 ml,"Ho pesato il legante e posto all'interno della vial per la reazione solvotermale da 15 ml, aggiunto 5ml di  DMF e messo nel sonicatore; nel frattempo ho pesato anche il metallo e solubilizzato  con 5 ml di DMF. Una volta solubilizzato il metallo l'ho travasato nella vial contenente il legante. Ho messo il tutto in stufa a 100°C per 24h.",,,,,"3-amino-4,4′-bipyrazole",180.0,,,1
91,"3-amino-4,4'-bipyrazole",Bipyrazole,H2BPZNH2,Cu,CuI,H2BPz29,,,100,24,15,"22/01/2025    16,30",2025-01-22,,,0.2,,29.83,,,,N.D.,,,,,,,,0.0,,MOFs,0.2,38.09,10 ml,10 ml,"Ho pesato il legante e messo all'interno di una vial da 15 ml resistente alla pressione e temperatura ed aggiunti 5 ml di CH3CN, nel contempo ho pesato il metallo e posto in una vial con il tappo di plastica ed aggiunro 5 ml di CH3CN. Le ho messe entrambe nel sonicatore per  20 minuti finchè il legante non si è solubilizzato. Ho travasato il contenuto della vial con il metallo all'interno di quella contenente il legante e messo in stufa a 100°C per 24h. Spettro non chiaro, buttato il precipitato.",,,,,"3-amino-4,4′-bipyrazole",201.0,,,1
92,"3-amino-4,4'-bipyrazole",Bipyrazole,H2BPZNH2,Cu,CuOAc,H2BPz4,Met/H2O,,160,72,15,"18/11/2024  12,00",2024-11-18,,,0.5,,74.576,,,,N.D.,,,,,,,,1.0,,MOFs,0.5,64.976,"2,5 ml",1ml/1ml,"Una miscela di CuOAc, H2BPZNH2, ammoniaca acquosa (28%) e metanolo/H2O è stata agitata per 15 min in aria, quindi trasferita e sigillata in una vial da reazione da 15 mL, che è sta riscaldato a 160 °C per 72h in stufa. Dopo il raffreddamento a temperatura ambiente è stato filtrato.",,,,,"3-amino-4,4′-bipyrazole",25.0,,,1
93,"3-amino-4,4'-bipyrazole",Bipyrazole,H2BPZNH2,Cu,CuOAc,H2BPz5,DMF,,100,48,15,"20/11/2024  12,30",2024-11-20,,,0.2,,29.83,,,,N.D.,,,,,,,,1.0,,MOFs,0.2,25.99,8 ml,8 ml,"Ho pesato il ligando e posto in una vial da 20 ml con tappo di plastica, ho aggiunto 4 ml di DMF e posto il tutto nel sonicatore. Nel mentre ho pesato il sale metallico e messo all'interno di una vial da 15 ml per la reazione solvotermica, ho aggiunto 4 ml di DMF e solubilizzato nel sonicatore per 5 minuti. Una volta solubilizzato tutto ho versato il contenuto della vial contenente il ligando all'interno dell'altra, per poi porre il tutto in stufa a 100°C oer 48h.",,,,,"3-amino-4,4′-bipyrazole",32.0,,,1
94,"3-amino-4,4'-bipyrazole",Bipyrazole,H2BPZNH2,Cu,CuOAc,H2BPz8,DMF,,T.a.,72,20,45615.520833333336,2024-11-19,,,0.3,,44.745,,,,N.D.,,,,,,,,1.0,,MOFs,0.3,25.99,10 ml,10 ml,"Ho pesato il ligando in una vial da 20 ml con tappo di plastica ed aggiunto 5 ml di DMF, il tutto posto nel sonicatore a caldo per 5 minuti; nel mentre ho pesato il sale metallico e messo dentro una vial con tappo di plastica ed aggiunto DMF 5ml, il tutto posto nel sonicaotre a caldo per 5 minuti. A completa solubilizzazione in entrambe le vials, ho versato il contenuto di quella con il ligando all'interno della provetta contenente il metallo, aggiunto un ancoretta metallica e posta in un agitatore a tempetratura ambiente per 72h.",,,,,"3-amino-4,4′-bipyrazole",53.0,,,1
95,"3-amino-4,4'-bipyrazole",Bipyrazole,"3-amino-4,4′-bipyrazole",Cu,Cu(OAc)2*H2O,Me1,,,T.A.,60 min,10,"10/12/2024   15,15",2024-12-10,,,,,,,,,N.D.,,,,,,,,0.0,,MOFs,,,,,"Ho pesato il sale metallico e il legante e li ho posti all'interno del cilindro di acciaio inox. Ho aggiunto 100 microlitri di EtOH, 100 microlitri di H2O pura . Ho aggiunto 12 sfere sempre di acciaio inox ed ho avviato il vibromulino per 60 minuti a 30 oscillazioni al secondo.",,,,,Meccanochimica,13.0,,,1
96,"3-amino-4,4'-bipyrazole",Bipyrazole,"3-amino-4,4′-bipyrazole",Cu,Cu(OAc),Me2,,,T.A.,60 min,10,45637,2024-12-11,,,,,,,,,N.D.,,,,,,,,0.0,,MOFs,,,,,"Ho pesato il sale metallico e il legante e li ho posti all'interno del cilindro di acciaio inox. Ho aggiunto 100 microlitri di EtOH, 100 microlitri di H2O pura . Ho aggiunto 12 sfere sempre di acciaio inox ed ho avviato il vibromulino per 60 minuti a 30 oscillazioni al secondo.",,,,,Meccanochimica,20.0,,,1
97,"3-amino-4,4'-bipyrazole",Bipyrazole,"3-amino-4,4′-bipyrazole",Cu,Cu2O,Me4,,,T.A.,60 min,10,45642,2024-12-16,,,,,,,,,N.D.,,,,,,,,0.0,,MOFs,,,,,"Ho pesato il sale metallico e il legante e li ho posti all'interno del cilindro di acciaio inox. Ho aggiunto 200 microlitri di MetOH, 50 microlitri di NH3 30% . Ho aggiunto 12 sfere sempre di acciaio inox ed ho avviato il vibromulino per 60 minuti a 30 oscillazioni al secondo.Spettro IR pessimo, composto formatosi buttato.",,,,,Meccanochimica,34.0,,,1
98,"3-amino-4,4'-bipyrazole",Bipyrazole,"3-amino-4,4′-bipyrazole",Cu,CuCl,Me5,Na(OAc),,T.A.,60 min,10,45642,2024-12-16,,,,,,,,,N.D.,,,,,,,,2.0,,MOFs,,,,,Ho pesato il sale metallico e il legante e li ho posti all'interno del cilindro di acciaio inox. Ho aggiunto 12 sfere sempre di acciaio inox ed ho avviato il vibromulino per 60 minuti a 30 oscillazioni al secondo. Spettro IR non classificabile.,,,,,Meccanochimica,41.0,,,1
99,"3-amino-4,4'-bipyrazole",Bipyrazole,"3-amino-4,4′-bipyrazole",Cu,CuCl,Me6,Na(OAc),,T.A.,60 min,10,45642,2024-12-16,,,,,,,,,N.D.,,,,,,,,2.0,,MOFs,,,,,Ho pesato il sale metallico e il legante e li ho posti all'interno del cilindro di acciaio inox aggiunto DMF. Ho aggiunto 12 sfere sempre di acciaio inox ed ho avviato il vibromulino per 60 minuti a 30 oscillazioni al secondo. Spettro IR non classificabile.,,,,,Meccanochimica,48.0,,,1
100,"3-amino-4,4'-bipyrazole",Bipyrazole,"3-amino-4,4′-bipyrazole",Cu,CuI,Me9,,,T.A.,180 min,10,45677,2025-01-20,,,,,,,,,N.D.,,,,,,,,0.0,,MOFs,,,,,"Ho pesato entrambi i composti e messi all'interno del contenitore da 10 ml; l'ho messo nel vibromulino senza solvente per 60 minuti, fatto un IR, ma mostrava non essersi formato nulla. Quindi ho aggiunto 40 microL di DMF e posto per altri 60 minuti, ma l'IR non mostrava acnora cordinazioni, quindi ho aggiunto altri 60 microL di DMF e lasciato per altri 60 minuti. Fatto lo spettro finale,ma poco risoluto.",,,,,Meccanochimica,69.0,,,1
101,"3-amino-4,4'-bipyrazole",Bipyrazole,H2BPZNH2,Fe,Fe(NO3)3*9H2O,H2BPz50,,,140,24,15,"11/09/2025   12,00",2025-09-11,,,0.15,,22.37295,,,,N.D.,,,,,,,,0.0,,MOFs,0.15,60.5985,10 ml,10 ml,,,,,,"3-amino-4,4′-bipyrazole",360.0,,,1
102,"3-amino-4,4'-bipyrazole",Bipyrazole,"3 amino-4,4' bipirazolo",Fe,Fe(NO3)3*9H2O,H2BPz55,DMF,,120,24,15,45986.479166666664,2025-11-25,,,0.2,,29.8306,,,,N.D.,,,,,,,,1.0,,MOFs,0.1,40.4,10 ml,10 ml,"amorfo, nulla di buono",,,,,"3-amino-4,4′-bipyrazole",396.0,,,1
103,"3-amino-4,4'-bipyrazole",Bipyrazole,"3 amino-4,4' bipirazolo",Fe,FeCl3,H2BPz56,DMF,,120,24,15,45986.479166666664,2025-11-25,,,0.2,,29.8306,,,,N.D.,,,,,,,,2.0,,MOFs,0.1,16.22,10 ml,10 ml,"amorfo, nulla di buono",,,,,"3-amino-4,4′-bipyrazole",403.0,,,1
104,"3-amino-4,4'-bipyrazole",Bipyrazole,"3 amino-4,4' bipirazolo",Fe,FeCl3,H2BPz57,DMF,Acido acetico glaciale,R.T.,24,15,45987.729166666664,2025-11-26,,,0.2,,29.8306,,,,N.D.,,,,,,,,1.0,,MOFs,0.1,16.22,1.2,1.2,Nessun precipitato,,,,,"3-amino-4,4′-bipyrazole",410.0,,,1
105,"3-amino-4,4'-bipyrazole",Bipyrazole,"3 amino-4,4' bipirazolo",Fe,FeCl3,H2BPz58,DMF,Acido acetico glaciale,120,24,15,45987.729166666664,2025-11-26,,,0.2,,29.8306,,,,N.D.,,,,,,,,2.0,,MOFs,0.1,16.22,1.2,1.2,Nessun precipitato,,,,,"3-amino-4,4′-bipyrazole",417.0,,,1
106,"3-amino-4,4'-bipyrazole",Bipyrazole,"3 amino-4,4' bipirazolo",Fe,FeCl3,H2BPz59,H2O/DMF,Acido acetico glaciale,100,24,20,"27/11/25    11,00",2025-11-27,,,0.2,,29.8306,,,,N.D.,,,,,,,,1.0,,MOFs,0.1,16.22,,,"il precipitato nella vial c'era, ma è rimasto tutto sul filtro, quindi impossibile fare una caratterizzazione.",,,,,"3-amino-4,4′-bipyrazole",425.0,,,1
107,"3-amino-4,4'-bipyrazole",Bipyrazole,"3 amino-4,4' bipirazolo",Fe,FeCl3,H2BPz60,H2O/DMF,Acido acetico glaciale,110,72,15,"28/11/25   17,00",2025-11-28,,,0.2,,29.8306,,,,N.D.,,,,,,,,1.0,,MOFs,0.2,32.44,,,"solubilizzato il legante in DMF all'interno della vial da solvotermal; il etallo solubilizzato in acqua in un altra vial e poi versato nell'altra. Nel momento in cui ho versato il metallo all'interno della vial contenente il legante ho notato variazione della soluzione, da limpida ad un verde scuro/nero. Probabilmente ridurre quantitativo di DMF e magari aumentare il modulatore acido.",,,,,"3-amino-4,4′-bipyrazole",432.0,,,1
108,"3-amino-4,4'-bipyrazole",Bipyrazole,H2BPZNH2,Mg,Mg(OAc)2*4H2O,H2BPz18,H2O,,130,48,20,"2/12/2024  17,30",2024-12-02,,,0.15,,22.37295,,,,N.D.,,,,,,,,1.0,,MOFs,0.45,96.507,8 ml,"0,5 ml","Ho pesato il ligando e solubilizzato con 4 ml di DMF, poi messo la vial da 20 ml nel sonicatore (10 min); nel contempo ho pesato il metallo e solubilizzato con 4 ml di DMF  ed aggiunto 0,5 ml di metanolo e 0,5 ml di acqua pura all'interno di una vial da 20 ml termoresistente, posta nel sonicatore per 10 minuti. Una volta solubilizzato ho travasato il contenuto della vial con il ligando all'interno della vial termoresistente e poi messo in stufa a 130 gradi per 24h. Nessun precipitato.",,,,,"3-amino-4,4′-bipyrazole",124.0,,,1
109,"3-amino-4,4'-bipyrazole",Bipyrazole,H2BPZNH2,Mn,MnCl2 · 4H2O,H2BPz24,,,100,24,15,"13/01/2025    14,00",2025-01-13,,,0.2,,29.83,,,,N.D.,,,,,,,,0.0,,MOFs,0.2,39.582,5ml/5ml,5ml/5ml,"Ho pesato il legante e posto all'interno della vial per la reazione solvotermale da 15 ml, aggiunto DMF/EtOH e messo nel sonicatore; nel frattempo ho pesato anche il metallo e solubilizzato sempre con 5 ml di DMF/EtOH. Una volta solubilizzato il metallo l'ho travasato nella vial contenente il legante. Ho messo il tutto in stufa a 100°C per 24h.",,,,,"3-amino-4,4′-bipyrazole",166.0,,,1
110,"3-amino-4,4'-bipyrazole",Bipyrazole,H2BPZNH2,Mn,MnCl2 · 4H2O,H2BPz25,,,100,5 giorni,15,"15/01/2025    10,00",2025-01-15,,,0.2,,29.83,,,,N.D.,,,,,,,,0.0,,MOFs,0.2,39.582,10 ml,10 ml,"Ho pesato il legante e posto all'interno della vial per la reazione solvotermale da 15 ml, aggiunto 7 ml di  DMF e messo nel sonicatore; nel frattempo ho pesato anche il metallo e solubilizzato  con 3 ml di DMF. Una volta solubilizzato il metallo l'ho travasato nella vial contenente il legante. Ho messo il tutto in stufa a 100°C. Nessun precipitato, l'ho messa in una vial da 20 ml con tappo di plastica in frigorifero per vedere se cristallizzerà qualcosa.",,,,,"3-amino-4,4′-bipyrazole",173.0,,,1
111,"3-amino-4,4'-bipyrazole",Bipyrazole,H2BPZNH2,Mn,Mn(Oac)2*4H2O,H2BPz27,,,130,72,15,"17/01/2025    15,30",2025-01-17,,,0.2,,29.83,,,,N.D.,,,,,,,,0.0,,MOFs,0.2,49.02,5ml/5ml,5ml/5ml,"Ho pesato il legante e posto all'interno della vial per la reazione solvotermale da 15 ml, aggiunto 5 ml di  DMF/EtOH e messo nel sonicatore; nel frattempo ho pesato anche il metallo e solubilizzato  con 5 ml di DMFEtOH. Una volta solubilizzato il metallo l'ho travasato nella vial contenente il legante. Ho messo il tutto in stufa a 130°C per 72h.  Spettro IR non risoluto e chiaro, composto buttato.",,,,,"3-amino-4,4′-bipyrazole",187.0,,,1
112,"3-amino-4,4'-bipyrazole",Bipyrazole,H2BPZNH2,Mn,MnCl2 · 4H2O,H2BPz28,,,100,48,15,"21/01/2025     11,00",2025-01-21,,,0.2,,29.83,,,,N.D.,,,,,,,,0.0,,MOFs,0.2,39.582,10 ml,10 ml,"Ho pesato il legante e posto all'interno della vial per la reazione solvotermale da 15 ml, aggiunto 6,5ml di  EtOH e messo nel sonicatore; nel frattempo ho pesato anche il metallo e solubilizzato  con 3,5 ml di EtOH. Una volta solubilizzato il metallo l'ho travasato nella vial contenente il legante. Ho messo il tutto in stufa a 100°C per 24h.  Spettro IR praticamente del legante, non mi ha reagito. Riprovo a temperature più alte",,,,,"3-amino-4,4′-bipyrazole",194.0,,,1
113,"3-amino-4,4'-bipyrazole",Bipyrazole,H2BPZNH2,Mn,MnCl2 · 4H2O,H2BPz30,,,160,48,15,"22/01/2025    16,30",2025-01-22,,,0.2,,29.83,,,,N.D.,,,,,,,,0.0,,MOFs,0.2,39.582,5 ml/5 ml,5 ml/5 ml,"Ho pesato il legante e posto all'interno della vial per la reazione solvotermale da 15 ml, aggiunto 5 ml di  DMF/EtOH e messo nel sonicatore; nel frattempo ho pesato anche il metallo e solubilizzato  con 5 ml di DMF/EtOH. Una volta solubilizzato il metallo l'ho travasato nella vial contenente il legante. Ho messo il tutto in stufa a 160°C per 24h.",,,,,"3-amino-4,4′-bipyrazole",208.0,,,1
114,"3-amino-4,4'-bipyrazole",Bipyrazole,H2BPZNH2,Mn,MnCl2 · 4H2O,H2BPz31,,,160,72,15,"24/01/2025  12,30",2025-01-24,,,0.2,,29.83,,,,N.D.,,,,,,,,0.0,,MOFs,0.2,39.582,10 ml,10 ml,"Ho pesato il legante e posto all'interno della vial per la reazione solvotermale da 15 ml, aggiunto 7 ml di  DMF e messo nel sonicatore; nel frattempo ho pesato anche il metallo e solubilizzato  con 3 ml di DMF. Una volta solubilizzato il metallo l'ho travasato nella vial contenente il legante. Ho messo il tutto in stufa a 160°C per 24h.",,,,,"3-amino-4,4′-bipyrazole",215.0,,,1
115,"3-amino-4,4'-bipyrazole",Bipyrazole,H2BPZNH2,Mn,Mn(Oac)2*4H2O,H2BPz32,,,160,24,15,"27/01/2025 12,30",2025-01-27,,,0.2,,29.83,,,,N.D.,,,,,,,,0.0,,MOFs,0.2,49.02,10 ml,10 ml,"Ho pesato il legante e posto all'interno della vial per la reazione solvotermale da 15 ml, aggiunto 7 ml di  DMF e messo nel sonicatore; nel frattempo ho pesato anche il metallo e solubilizzato  con 3 ml di DMF. Una volta solubilizzato il metallo l'ho travasato nella vial contenente il legante. Ho messo il tutto in stufa a 160°C per 24h. Spettro IR non molto risoluto.",,,,,"3-amino-4,4′-bipyrazole",222.0,,,1
116,"3-amino-4,4'-bipyrazole",Bipyrazole,H2BPZNH2,Mn,Mn(Oac)2*4H2O,H2BPz33,DMF,BDC,140,115,15,"29/01/2025     15,45",2025-01-29,,,0.2,,29.83,,,,N.D.,,,,,,,,1.0,,MOFs,0.2,49.02,0.1,10 ml,"Ho pesato il legante ed il BDC e posto all'interno della vial per la reazione solvotermale da 15 ml, aggiunto 7 ml di  DMF e messo nel sonicatore; nel frattempo ho pesato anche il metallo e solubilizzato  con 3 ml di DMF. Una volta solubilizzato il metallo l'ho travasato nella vial contenente il legante. Ho messo il tutto in stufa a 140°C per 115 ore.",,,,,"3-amino-4,4′-bipyrazole",229.0,,,1
117,"3-amino-4,4'-bipyrazole",Bipyrazole,H2BPZNH2,Zr,Zr(OCH3)4,H2BPz48,HCl 37%,,120,48,15,"07/07/2025   10,45",2025-07-07,,,0.15,,22.37295,,,,N.D.,,,,,,,,1.0,,MOFs,0.15,32.454,10 ml,90 microL,"Ho pesato il legante e messo in una vial da 15 ml per la reazione solvotermica, ho aggiunto 5 ml di DMF e messa nel sonicatore; nel mentre ho pesato il metallo e messo in una vial ed aggiunto 5 ml di DMF e messo a sonicare. Dopo 10 minuti ho travasato il metallo nel legante, ho aggiunto 90 microL di HCl 37 % e messo in stufa a 120°C per 48H.",,,,,"3-amino-4,4′-bipyrazole",345.0,,,1
118,"3-amino-4,4'-bipyrazole",Bipyrazole,H2BPZNH2,Zr,ZrCl4,H2BPz49,HCl 37%,,120,48,15,"07/07/2025   10,45",2025-07-07,,,0.15,,22.37295,,,,N.D.,,,,,,,,1.0,,MOFs,0.15,34.956,10 ml,90 microL,"Ho pesato il legante e messo in una vial da 15 ml per la reazione solvotermica, ho aggiunto 5 ml di DMF e messa nel sonicatore; nel mentre ho pesato il metallo e messo in una vial ed aggiunto 5 ml di DMF e messo a sonicare. Dopo 10 minuti ho travasato il metallo nel legante, ho aggiunto 90 microL di HCl 37 % e messo in stufa a 120°C per 48H.",,,,,"3-amino-4,4′-bipyrazole",352.0,,,1
119,"3-amino-4,4'-bipyrazole",Bipyrazole,H2BPZNH2,Zr,ZrCl4,H2BPz53,H2O,,100,48,15,"14/11/25   17,00",2025-11-14,,,0.2,,29.8306,,,,N.D.,,,,,,,,1.0,,MOFs,0.1,23.3,60 microL,10 ml,nessun precipitato,,,,,"3-amino-4,4′-bipyrazole",382.0,,,1
120,"3-amino-4,4'-bipyrazole",Bipyrazole,H2BPZNH2,Zr,ZrCl4,H2BPz54,DMF,,120,48,15,"17/11/2025    17,00",2025-11-17,,,0.2,,29.8306,,,,N.D.,,,,,,,,1.0,,MOFs,0.1,23.3,60 microL,10 ml,amorfo,,,,,"3-amino-4,4′-bipyrazole",389.0,,,1
121,3-MePz-4-COOH,Pyrazole carbossilati,3-MePz-4-COOH,Al,Al(NO3)3*9H2O,MePzDC2,DMF,,120,24,15,"29/04/25   17,30",2025-04-29,,,0.2,,25.222,,,,N.D.,,,,,,,,1.0,,MOFs,0.2,75.028,10 ml,10 ml,nessun precipitato.,,,,,PzDC,15.0,,,1
122,3-MePz-4-COOH,Pyrazole carbossilati,3-MePz-4-COOH,Cu,Cu(OAc)2*H2O,MPC1,H2O,,RT,96,20,"5/12/25  18,00",2025-12-05,,,0.2,,28.028,,,,Promettente,,,,,,,,1.0,,MOFs,0.1,18.164,,,,,buono,,,3-METHYLPYRAZOLE-4-CARBOXYLIC A,3.0,,,2
123,3-MePz-4-COOH,Pyrazole carbossilati,3-MePz-4-COOH,Fe,Fe2(SO4)3*xH2O,MPC2,DMF/EtOH,,RT,24,20,"10/12/2025   16,30",2025-12-10,,,0.2,,28.028,,,,N.D.,,,,,,,,1.0,,MOFs,0.1,39.988,,,Nessun precipitato,,,,,3-METHYLPYRAZOLE-4-CARBOXYLIC A,10.0,,,1
124,3-MePz-4-COOH,Pyrazole carbossilati,3-MePz-4-COOH,Fe,FeCl3,MPC3,DMF/EtOH,,RT,24,20,"10/12/2025   16,30",2025-12-10,,,0.2,,28.028,,,,N.D.,,,,,,,,1.0,,MOFs,0.1,16.22,,,,,,,,3-METHYLPYRAZOLE-4-CARBOXYLIC A,17.0,,,1
125,3-MePz-4-COOH,Pyrazole carbossilati,3-MePz-4-COOH,Mn,Mn(OAc)2*4H2O,MPC4,DMF/H2O,,120,24,15,"11/12/25   12,00",2025-12-11,,,0.2,,28.028,,,,Promettente,,,,,,,,1.0,,MOFs,0.1,24.509,,,Precipitato rossastro,,"picchi ad alti teta, quindi probabile complesso, niente MOF",,,3-METHYLPYRAZOLE-4-CARBOXYLIC A,24.0,,,2
126,3-MePz-4-COOH,Pyrazole carbossilati,3-MePz-4-COOH,Mn,Mn(OAc)2*4H2O,MPC6,DMF/H2O,,120,72,15,"12/12/2025  17,00",2025-12-12,,,0.2,,28.028,,,,Promettente,,,,,,,,1.0,,MOFs,0.1,24.509,,1 ml,,,"XRD buono, ma i picchi sono sopra i 10 tetha, quindi probabile un complesso o legante",,,3-METHYLPYRAZOLE-4-CARBOXYLIC A,39.0,,,2
127,3-MePz-4-COOH,Pyrazole carbossilati,3-MePz-4-COOH,Ni,Ni(NO3)2,MPC5,DMF/H2O,,120,72,15,"11/12/25   12,00",2025-12-11,,,0.2,,28.028,,,,Promettente,,,,,,,,1.0,,MOFs,0.1,29.081,,,,,"XRD buono, ma picchi poco sharpe, quindi magari migliorare condizioni di sintesi",,,3-METHYLPYRAZOLE-4-CARBOXYLIC A,31.0,,,2
128,3-MePz-4-COOH,Pyrazole carbossilati,3-MePz-4-COOH,Zr,ZrCl4,MePzDC11,MeOH,,110,94,35,"30/05/2025  12,00",2025-05-30,,,0.3,,37.833,,,,N.D.,,,,,,,,1.0,,MOFs,0.3,69.912,20 ml,20 ml,"Ho pesato il legante e messo nella vial da 35 ml per la reazione solvotermal, aggiunto 12  ml di MeOH e posto nel sonicatore; nel mentre ho pesato il sale metallico e messo in una vial con tappo di plastica, ho aggiunto 8 ml di MeOh e messo nel sonicatore. Una volta ottenuta una soluzione limpida ho travasato tutto nella vial da 15 ml e posta in stufa a 110°C.",,,,,PzDC,79.0,,,1
129,3-MePz-4-COOH,Pyrazole carbossilati,3-MePz-4-COOH,Zr,ZrCl4,MePzDC14,MeOH,,100,,35,"10/06/2025  12,00",2025-06-10,,,0.3,,37.833,,,,N.D.,,,,,,,,0.0,,MOFs,0.3,69.912,20 ml,20 ml,"Ho pesato il legante e messo nella vial da 35 ml per la reazione solvotermal, aggiunto 12  ml di MeOH e posto nel sonicatore; nel mentre ho pesato il sale metallico e messo in una vial con tappo di plastica, ho aggiunto 8 ml di MeOH e messo nel sonicatore. Una volta ottenuta una soluzione limpida ho travasato tutto nella vial da 15 ml e posta in stufa a 100°C.",,,,,PzDC,103.0,,,1
130,3-MePz-4-COOH,Pyrazole carbossilati,3-MePz-4-COOH,Zr,ZrCl4,MePzDC3,MeOH,,110,24,15,"06/05/25  17,30",2025-05-06,,,0.15,,18.9165,,,,N.D.,,,,,,,,1.0,,MOFs,0.15,34.956,10 ml,10 ml,"Ho pesato il legante e messo nella vial da 15 ml per la reazione solvotermal, aggiunto 5 ml di MeOH e posto nel sonicatore; nel mentre ho pesato il sale metallico e messo in una vial con tappo di plastica, ho aggiunto 5 ml di MeOh e messo nel sonicatore. Una volta ottenuta una soluzione limpida ho travasato tutto nella vial da 15 ml e posta in stufa a 110°C per 24h. XRD molto buono.",,,,,PzDC,21.0,,,1
131,3-MePz-4-COOH,Pyrazole carbossilati,3-MePz-4-COOH,Zr,ZrCl4,MePzDC7,DMF/MeOH,,110,,15,"19/05/2025  15,30",2025-05-19,,,0.15,,18.9165,,,,N.D.,,,,,,,,0.0,,MOFs,0.15,34.956,7 ml/ 3 ml,7 ml/ 3 ml,"Ho pesato il legante e messo nella vial da 15 ml per la reazione solvotermal, aggiunto 7 ml diDMF e posto nel sonicatore; nel mentre ho pesato il sale metallico e messo in una vial con tappo di plastica, ho aggiunto 3 ml di MeOH e messo nel sonicatore. Una volta ottenuta una soluzione limpida ho travasato tutto nella vial da 15 ml e posta in stufa a 110°C per 24h.",,,,,PzDC,47.0,,,1
132,3-MePz-4-COOH,Pyrazole carbossilati,3-MePz-4-COOH,Zr,ZrCl4,MePzDC8,MeOH,,110,72,15,"23/05/2025  16,00",2025-05-23,,,0.15,,18.9165,,,,N.D.,,,,,,,,1.0,,MOFs,0.15,34.956,10 ml,10 ml,"Ho pesato il legante e messo nella vial da 15 ml per la reazione solvotermal, aggiunto 5 ml di MeOH e posto nel sonicatore; nel mentre ho pesato il sale metallico e messo in una vial con tappo di plastica, ho aggiunto 5 ml di MeOh e messo nel sonicatore. Una volta ottenuta una soluzione limpida ho travasato tutto nella vial da 15 ml e posta in stufa a 110°C per 24h. XRD molto buono.",,,,,PzDC,56.0,,,1
133,"3-nitro-4,4'-bipyrazole",Bipyrazole,"3 nitro-4,4' bipirazolo",Cd,Cd(NO3)2*4H2O,Cd-MOF10,DMF/EtOH,,140,72,20,"24/10/2025  12,30",2025-10-24,,,0.2,,35.826,,,,N.D.,,,,,,,,1.0,,MOFs,0.1,30.847,11 ml/4 ml,11 ml/4 ml,"Pesato il sale metallico e messo in una vial da 8 ml, aggiunti 5 ml di DMF e sonicato per 2 minuti; poi ho pesato il legante e messo in una vial solvotermica ed aggiunti 6 ml di DMF e 4 ml di EtOH. Ho travasato il metallo nella vial per la reazione solvotermica, poi sigillato con il teflon e posto in stufa a 140°C.",,,dopo lo scambio con il MeOH solvente rimosso completamente,,Cd-MOF,81.0,,,1
134,"3-nitro-4,4'-bipyrazole",Bipyrazole,"3 nitro-4,4' bipirazolo",Cd,Cd(NO3)2*4H2O,Cd-MOF11,DMF,,140,72,15,45965.729166666664,2025-11-04,,,0.2,,35.826,,,,N.D.,,,,,,,,2.0,,MOFs,0.1,30.847,10 ml,10 ml,"Pesato il sale metallico e messo in una vial da 8 ml, aggiunti 5 ml di DMF e sonicato per 2 minuti; poi ho pesato il legante e messo in una vial solvotermica ed aggiunti 5 ml di DMF . Ho travasato il metallo nella vial per la reazione solvotermica, poi sigillato con il teflon e posto in stufa a 140°C.",,,,,Cd-MOF,89.0,,,1
135,"3-nitro-4,4'-bipyrazole",Bipyrazole,"3 nitro-4,4' bipirazolo",Cd,Cd(NO3)2*4H2O,"Cd-MOF11,2",DMF,,140,72,35,"30/01/26   12,00",2026-01-30,,,0.6,,107.478,,,,Da valutare,,,,,,,,2.0,,MOFs,0.3,92.541,30 ml,30 ml,,,stesso XRD del Cd-11,,,Cd-MOF,162.0,,,1
136,"3-nitro-4,4'-bipyrazole",Bipyrazole,"3 nitro-4,4' bipirazolo",Cd,Cd(OAc)2*2H2O,"Cd-MOF11,3",DMF,,140,72,15,"30/01/26   12,00",2026-01-30,,,0.2,,35.826,,,,N.D.,,,,,,,,1.0,,MOFs,0.1,26.653,10 ml,10 ml,"Il precipitato si è formato appena aggiunto il sale metallico al legante. praticamente solo soluzione torbida, ma passsata attraverso il filtro",,,,,Cd-MOF,170.0,,,1
137,"3-nitro-4,4'-bipyrazole",Bipyrazole,"3 nitro-4,4' bipirazolo",Cd,Cd(NO3)2*4H2O,"Cd-MOF11,3",DMF,,160,24,20,"21/04/26   11,30",2026-04-21,,,0.2,,35.826,,,,Promettente,,,,,,,,1.0,,MOFs,0.1,30.847,12 ml,12 ml,"Pesato il sale metallico e messo in una vial da 8 ml, aggiunti 6 ml di DMF e sonicato per 2 minuti; poi ho pesato il legante e messo in una vial solvotermica ed aggiunti 6 ml di DMF. Ho travasato il metallo nella vial per la reazione solvotermica, poi sigillato con il teflon e posto in stufa a 160°C.",identico all'altro,"buono, ma 11.2 era meglio",,,Cd-MOF,223.0,,,2
138,"3-nitro-4,4'-bipyrazole",Bipyrazole,"3 nitro-4,4' bipirazolo",Cd,Cd(NO3)2*4H2O,"Cd-MOF11,5",DMF,,160,48,20,"11/05/2026  18,00",2026-05-11,,,0.1,,17.913,,,,Da valutare,,,,,,,,2.0,,MOFs,0.1,30.847,15 ml,15 ml,"Pesato il sale metallico e messo in una vial da 8 ml, aggiunti 7 ml di DMF e sonicato per 2 minuti; poi ho pesato il legante e messo in una vial solvotermica ed aggiunti 8 ml di DMF. Ho travasato il metallo nella vial per la reazione solvotermica, poi sigillato con il teflon e posto in stufa a 160°C.",fatto,fatto,,,Cd-MOF,244.0,,,1
139,"3-nitro-4,4'-bipyrazole",Bipyrazole,"3 nitro-4,4' bipirazolo",Cd,Cd(NO3)2*4H2O,"Cd-MOF11,6",DMF,,160,48,15,"13/05/2026   15,30",2026-05-13,,,0.1,,17.913,,,,Da valutare,,,,,,,,2.0,,MOFs,0.2,61.694,10 ml,10 ml,"Pesato il sale metallico e messo in una vial da 8 ml, aggiunti 5 ml di DMF e sonicato per 2 minuti; poi ho pesato il legante e messo in una vial solvotermica ed aggiunti 5 ml di DMF. Ho travasato il metallo nella vial per la reazione solvotermica, poi sigillato con il teflon e posto in stufa a 160°C.",fatto,fatto,,,Cd-MOF,258.0,,,1
140,"3-nitro-4,4'-bipyrazole",Bipyrazole,"3 nitro-4,4' bipirazolo",Cd,Cd(NO3)2*4H2O,Cd-MOF2,DMF/H2O,,160,72,20,"06/10/2025  11,00",2025-10-06,,,0.3,,53.739,,,,N.D.,,,,,,,,1.0,,MOFs,0.3,92.541,12 ml/4ml,12 ml/4ml,"Pesato il sale metallico e messo in una vial da 8 ml, aggiunti 5 ml di DMF e sonicato per 2 minuti; poi ho pesato il legante e messo in una vial solvotermica ed aggiunti 7 ml di DMF e 4 ml di H2O milliQ. Ho travasato il metallo nella vial per la reazione solvotermica, poi sigillato con il teflon e posto in stufa a 160°C.",,,,,Cd-MOF,21.0,,,1
141,"3-nitro-4,4'-bipyrazole",Bipyrazole,"3 nitro-4,4' bipirazolo",Cd,Cd(NO3)2*4H2O,Cd-MOF5,DMF/H2O,,140,120,35,"16/10/25   10,30",2025-10-16,,,0.2,,35.826,,,,N.D.,,,,,,,,1.0,,MOFs,0.1,30.847,20ml/10ml,20ml/10ml,"Pesato il sale metallico e messo in una vial da 8 ml, aggiunti 5 ml di DMF e sonicato per 2 minuti; poi ho pesato il legante e messo in una vial solvotermica ed aggiunti 7 ml di DMF e 4 ml di H2O milliQ. Ho travasato il metallo nella vial per la reazione solvotermica, poi sigillato con il teflon e posto in stufa a 140°C.",,,,,Cd-MOF,44.0,,,1
142,"3,3-dimethyl-4,4'-bipyrazole",Bipyrazole,"3,3-dimethyl-4,4′-bipyrazole",Ag,AgNO3,Me2BPZ2,DMF,,100,48,15,"14/05/2025  12,15",2025-05-14,,,0.15,,24.3285,,,,N.D.,,,,,,,,2.0,,MOFs,0.15,25.4805,8 ml,8 ml,,,,,,"3,3-dimethyl-4,4′-bipyrazole",19.0,,,1
143,"3,3-dimethyl-4,4'-bipyrazole",Bipyrazole,"3,3-dimethyl-4,4′-bipyrazole",Ag,AgNO3,Me2BPZ3,DMF,Acido benzoico,100,24,15,"21/05/2025  12,30",2025-05-21,,,0.15,,24.3285,,,,N.D.,,,,,,,,3.0,,MOFs,0.15,25.4805,,8 ml,"Ho pesato il legante e l'acido benzoico e messo in una vial da 15 ml per la reazione solvotermica, aggiunto 4 ml di DMF e posto nel sonicatore; nel contempo ho pesato il sale metallico e messo in una vial con tappo di plastica da 8 ml ed aggiunto 4 ml di DMF e posto nel sonicatore. Dopo 5 minuti si è notata la completa dissoluzione in entrambe le vial, ho travasato il sale metallico nell'altra vial, aggiunto teflon e posto in stufa a 100°C.  Dopo 30 minuti ho notato un precipitato bianco che con il passare del tempo si è annerito, dopo 24h era completamente nero. Una volta filtrato ed asciugato è rimasto un precipitato giallo/grigiastro.",,,,,"3,3-dimethyl-4,4′-bipyrazole",26.0,,,1
144,"3,3-dimethyl-4,4'-bipyrazole",Bipyrazole,"3,3-dimethyl-4,4′-bipyrazole",Ag,AgNO3,Me2BPZ4,DMF,Acido acetico glaciale,100,24,15,"26/05/2025   15,30",2025-05-26,,,0.15,,24.3285,,,,N.D.,,,,,,,,3.0,,MOFs,0.15,25.4805,,8 ml,"Ho pesato il legante e l'acido acetico glaciale e messo in una vial da 15 ml per la reazione solvotermica, aggiunto 4 ml di DMF e posto nel sonicatore; nel contempo ho pesato il sale metallico e messo in una vial con tappo di plastica da 8 ml ed aggiunto 4 ml di DMF e posto nel sonicatore. Dopo 5 minuti si è notata la completa dissoluzione in entrambe le vial, ho travasato il sale metallico nell'altra vial, aggiunto teflon e posto in stufa a 100°C.  Dopo 30 minuti ho notato un precipitato bianco che con il passare del tempo si è annerito, dopo 24h era completamente nero.",,,,,"3,3-dimethyl-4,4′-bipyrazole",35.0,,,1
145,"3,3-dimethyl-4,4'-bipyrazole",Bipyrazole,"3,3-dimethyl-4,4′-bipyrazole",Ag,AgNO3,Me2BPZ5,DMF,Acido benzoico,100,24,35,"05/06/2025   11,00",2025-06-05,,,0.3,,48.657,,,,N.D.,,,,,,,,3.0,,MOFs,0.3,50.961,,16 ml,"Ho pesato il legante e l'acido benzoico e messo in una vial da 35 ml per la reazione solvotermica, aggiunto 10 ml di DMF e posto nel sonicatore; nel contempo ho pesato il sale metallico e messo in una vial con tappo di plastica da 8 ml ed aggiunto 8 ml di DMF e posto nel sonicatore. Dopo 5 minuti si è notata la completa dissoluzione in entrambe le vial, ho travasato il sale metallico nell'altra vial, aggiunto teflon e posto in stufa a 100°C.  Dopo 30 minuti ho notato un precipitato bianco che con il passare del tempo si è annerito, dopo 24h era completamente nero. Una volta filtrato ed asciugato è rimasto un precipitato giallo/grigiastro.",,,,,"3,3-dimethyl-4,4′-bipyrazole",42.0,,,1
146,"3,3-dimethyl-4,4'-bipyrazole",Bipyrazole,"3,3-dimethyl-4,4′-bipyrazole",Ag,AgNO3,Me2BPZ6,DMF,,100,25,35,"09/06/2025  16,00",2025-06-09,,,0.3,,48.657,,,,N.D.,,,,,,,,1.0,,MOFs,0.3,50.961,,18 ml,"Ho pesato il legante  e messo in una vial da 35 ml per la reazione solvotermica, aggiunto 14  ml di DMF e posto nel sonicatore; nel contempo ho pesato il sale metallico e messo in una vial con tappo di plastica da 8 ml ed aggiunto 4 ml di DMF e posto nel sonicatore. Dopo 5 minuti si è notata la completa dissoluzione in entrambe le vial, ho travasato il sale metallico nell'altra vial, aggiunto teflon e posto in stufa a 100°C.",,,,,"3,3-dimethyl-4,4′-bipyrazole",49.0,,,1
147,"3,3-dimethyl-4,4'-bipyrazole",Bipyrazole,"3,3-dimethyl-4,4′-bipyrazole",Ag,AgNO3,Me2BPZ7,DMF,,100,48,100,"16,00   16/07/2025",2025-07-16,,,0.9,,145.971,,,,Promettente,,,,,,,,2.0,,MOFs,0.9,152.883,,55 ml,"Ho pesato il legante  e messo in una vial da 100 ml per la reazione solvotermica, aggiunto 40  ml di DMF e posto nel sonicatore; nel contempo ho pesato il sale metallico e messo in una vial con tappo di plastica da 20 ml ed aggiunto 14 ml di DMF e posto nel sonicatore. Dopo 5 minuti si è notata la completa dissoluzione in entrambe le vial, ho travasato il sale metallico nell'altra vial, aggiunto teflon e posto in stufa a 100°C.","Non male, poco sharpe","Pattern ripetuti, abbastanza sharpe",,,"3,3-dimethyl-4,4′-bipyrazole",58.0,,,2
148,"3,3-dimethyl-4,4'-bipyrazole",Bipyrazole,"3,3-dimethyl-4,4′-bipyrazole",Cd,Cd(NO3)2*4H2O,Cd-MOF14,DMF,,140,48,15,45966.5,2025-11-05,,,0.2,,32.438,,,,N.D.,,,,,,,,2.0,,MOFs,0.1,30.847,10 ml,10 ml,"Pesato il sale metallico e messo in una vial da 8 ml, aggiunti 5 ml di DMF e sonicato per 2 minuti; poi ho pesato il legante e messo in una vial solvotermica ed aggiunti 5 ml di DMF . Ho travasato il metallo nella vial per la reazione solvotermica, poi sigillato con il teflon e posto in stufa a 140°C.",,,,,Cd-MOF,113.0,,,1
149,"3,3-dimethyl-4,4'-bipyrazole",Bipyrazole,"3,3-dimethyl-4,4′-bipyrazole",Cd,Cd(NO3)2*4H2O,"Cd-MOF14,2",DMF,,140,120,100,"4/12/2025  15,30",2025-12-04,,,1.2,,194.628,,,,Promettente,,,,,,,,2.0,,MOFs,0.6,185.082,70 ml,70 ml,"Pesato il sale metallico e messo in una vial da 20 ml, aggiunti 20 ml di DMF e sonicato per 2 minuti; poi ho pesato il legante e messo in una vial solvotermica ed aggiunti 50 ml di DMF . Ho travasato il metallo nella vial per la reazione solvotermica, poi sigillato con il teflon e posto in stufa a 140°C.",,"XRD identico al precedente, ma picchi più intensi e sharpe",,,Cd-MOF,130.0,,,2
150,"3,3-dimethyl-4,4'-bipyrazole",Bipyrazole,"3,3-dimethyl-4,4′-bipyrazole",Cd,Cd(NO3)2*4H2O,"Cd-MOF14,3",DMF,,140,120,100,"18/12/25  16,00",2025-12-18,,,1.2,,194.628,,,,Promettente,,,,,,,,2.0,,MOFs,0.6,185.082,60 ml,60 ml,"Pesato il sale metallico e messo in una vial da 20 ml, aggiunti 20 ml di DMF e sonicato per 2 minuti; poi ho pesato il legante e messo in una vial solvotermica ed aggiunti 40 ml di DMF . Ho travasato il metallo nella vial per la reazione solvotermica, poi sigillato con il teflon e posto in stufa a 140°C. Scambio di solvente in MeOH, prima dello scambio 139 mg di precipitato",,"XRD molto buono, come il Cd-14",,,Cd-MOF,139.0,,,2
151,"3,3-dimethyl-4,4'-bipyrazole",Bipyrazole,"3,3-dimethyl-4,4′-bipyrazole",Cd,Cd(NO3)2*4H2O,"Cd-MOF14,4",DMF,,140,48,100,"03/02/2026  17,00",2026-02-03,,,1.0,,162.19,,,,Da valutare,,,,,,,,2.0,,MOFs,0.5,154.235,60 ml,60 ml,,,the same,,,Cd-MOF,193.0,,,1
152,"3,3-dimethyl-4,4'-bipyrazole",Bipyrazole,"3,3-dimethyl-4,4′-bipyrazole",Cd,Cd(NO3)2*4H2O,Me2BPZ14,DMF/H2O,,120,48,15,"27/05/2026   18,00",2026-05-27,,,0.1,,16.219,,,,N.D.,,,,,,,,1.0,,MOFs,0.1,30.847,,8 ml/2ml,"Ho pesato il legante  e messo in una vial da 15 ml per la reazione solvotermica, aggiunto 5  ml di DMF e posto nel sonicatore; nel contempo ho pesato il sale metallico e messo in una vial con tappo di plastica da 20 ml ed aggiunto 4 ml di DMF e posto nel sonicatore. Dopo 5 minuti si è notata la completa dissoluzione in entrambe le vial, ho travasato il sale metallico nell'altra vial, aggiunto teflon e posto in stufa a 120°C.",,,,,"3,3-dimethyl-4,4′-bipyrazole",112.0,,,1
153,"3,3-dimethyl-4,4'-bipyrazole",Bipyrazole,"3,3-dimethyl-4,4′-bipyrazole",Cd,Cd(NO3)2*4H2O,Me2BPZ8,DMF,,120,48,15,"15/09/2025  12,00",2025-09-15,,,0.15,,24.3285,,,,N.D.,,,,,,,,1.0,,MOFs,0.15,46.2705,,9,"Ho pesato il legante  e messo in una vial da 15 ml per la reazione solvotermica, aggiunto 5  ml di DMF e posto nel sonicatore; nel contempo ho pesato il sale metallico e messo in una vial con tappo di plastica da 20 ml ed aggiunto 4 ml di DMF e posto nel sonicatore. Dopo 5 minuti si è notata la completa dissoluzione in entrambe le vial, ho travasato il sale metallico nell'altra vial, aggiunto teflon e posto in stufa a 120°C.",,,,,"3,3-dimethyl-4,4′-bipyrazole",67.0,,,1
154,"3,3-dimethyl-4,4'-bipyrazole",Bipyrazole,"3,3-dimethyl-4,4′-bipyrazole",Cd,Cd(OAc)2*2H2O,Me2BPZ9,DMF,,120,48,15,"15/09/2025  12,00",2025-09-15,,,0.15,,24.3285,,,,N.D.,,,,,,,,1.0,,MOFs,0.15,39.975,,9,"Ho pesato il legante  e messo in una vial da 15 ml per la reazione solvotermica, aggiunto 5  ml di DMF e posto nel sonicatore; nel contempo ho pesato il sale metallico e messo in una vial con tappo di plastica da 20 ml ed aggiunto 4 ml di DMF e posto nel sonicatore. Dopo 5 minuti si è notata la completa dissoluzione in entrambe le vial, ho travasato il sale metallico nell'altra vial, aggiunto teflon e posto in stufa a 120°C.",,,,,"3,3-dimethyl-4,4′-bipyrazole",75.0,,,1
155,"3,3-dimethyl-4,4'-bipyrazole",Bipyrazole,"3,3-dimethyl-4,4′-bipyrazole",Fe,Fe(NO)3*9H2O,Me2BPZ0,DMF,,90,24,20,"12/05/25   10,30",2025-05-12,,,0.2,,32.438,,,,N.D.,,,,,,,,1.0,,MOFs,0.2,80.79,8 ml,8 ml,Nessun precipitato,,,,,"3,3-dimethyl-4,4′-bipyrazole",5.0,,,1
156,"3,3-dimethyl-4,4'-bipyrazole",Bipyrazole,"3,3-dimethyl-4,4′-bipyrazole",Fe,FeCl3,Me2BPZ1,DMF,,90,24,20,"12/05/25   10,30",2025-05-12,,,0.2,,32.438,,,,N.D.,,,,,,,,1.0,,MOFs,0.2,32.44,8 ml,8 ml,Nessun precipitato,,,,,"3,3-dimethyl-4,4′-bipyrazole",12.0,,,1
157,"3,3-dimethyl-4,4'-bipyrazole",Bipyrazole,"3,3-dimethyl-4,4′-bipyrazole",Fe,FeCl3*6H2O,Me2BPZ10,DMF,,110,48,15,45973.6875,2025-11-12,,,0.2,,32.438,,,,N.D.,,,,,,,,1.0,,MOFs,0.1,27.03,,10,Nessun precipitato,,,,,"3,3-dimethyl-4,4′-bipyrazole",83.0,,,1
158,"3,3-dimethyl-4,4'-bipyrazole",Bipyrazole,"3,3-dimethyl-4,4′-bipyrazole",Mn,Mn(NO3)2·xH2O,Me2BPZ11,DMF,,110,48,15,45973.6875,2025-11-12,,,0.2,,32.438,,,,N.D.,,,,,,,,1.0,,MOFs,0.1,17.935,,10,Nessun precipitato,,,,,"3,3-dimethyl-4,4′-bipyrazole",90.0,,,1
159,"3,3-dimethyl-4,4'-bipyrazole",Bipyrazole,"3,3-dimethyl-4,4′-bipyrazole",Ti,Ti(OEt)4,Me2BPZ913,DMF,,110,48,15,45973.6875,2025-11-12,,,0.2,,32.438,,,,N.D.,,,,,,,,1.0,,MOFs,0.1,22.811,,10,"XRD pressochè nullo, buttato",,,,,"3,3-dimethyl-4,4′-bipyrazole",105.0,,,1
160,"3,3-dimethyl-4,4'-bipyrazole",Bipyrazole,"3,3-dimethyl-4,4′-bipyrazole",Zr,ZrCl4,Me2BPZ12,DMF,,110,48,15,45973.6875,2025-11-12,,,0.2,,32.438,,,,N.D.,,,,,,,,1.0,,MOFs,0.1,23.3,,10,"XRD pressochè nullo, buttato",,,,,"3,3-dimethyl-4,4′-bipyrazole",98.0,,,1
161,"3,3'-dinitro-4,4'-bipyrazole",Bipyrazole,"3,3'-(NO2)2-4,4'-BPz",Cd,Cd(NO3)2*4H2O,Cd15,DMF,,150,24,15,"08/06/2026  17,30",2026-06-08,,,0.1,,22.413,,,,Promettente,,,,,,,,2.0,,MOFs,0.1,30.847,10 ml,10 ml,precipitato dopo 24 ore all'apparenza molto cristallino. Procedo con le caratterizzazioni,molto buono,"poco intenso, ma i picchi che ci sono sharpe","male, non è un MOF",,Cd-MOF,277.0,,,2
162,"3,3'-dinitro-4,4'-bipyrazole",Bipyrazole,"3,3'-(NO2)2-4,4'-BPz",Cd,Cd(NO3)2*4H2O,"Cd15,2",DMF,,150,24,15,,,,,0.1,,22.413,,,,N.D.,,,,,,,,2.0,,MOFs,0.2,61.694,10 ml,10 ml,,,,,,Cd-MOF,283.0,,,1
163,"3,3'-dinitro-4,4'-bipyrazole",Bipyrazole,"3,3'-(NO2)2-4,4'-BPz",Cd,Cd(NO3)2*4H2O,CdNO2,DMF/H20,,160,48,20,"21/04/26   11,30",2026-04-21,,,0.2,,44.826,,,,Non riuscito,,,,,,,,1.0,,MOFs,0.1,30.847,8 ml/4 ml,8 ml/4 ml,"Pochissimo precipitato,",,Pessimo,,,"3,3-dinitro-4,4-Bipirazole",46.0,,,0
164,"3,3'-dinitro-4,4'-bipyrazole",Bipyrazole,"3,3'-(NO2)2-4,4'-BPz",Co,Co(OAc)2*4H2O,CoNO2_1,DMF/H20,,160,48,20,"07/04/26    17,30",2026-04-07,,,0.2,,44.826,,,,Promettente,,,,,,,,1.0,,MOFs,0.1,24.908,8 ml/4 ml,8 ml/4 ml,,buono,buono,fatta,,"3,3-dinitro-4,4-Bipirazole",25.0,,,2
165,"3,3'-dinitro-4,4'-bipyrazole",Bipyrazole,"3,3'-(NO2)2-4,4'-BPz",Co,Cd(OAc)2*4H2O,CdNO2_3,DMF/H20,,160,24,20,"27/04/2026   12,30",2026-04-27,,,0.2,,44.826,,,,Da valutare,,,,,,,,2.0,,MOFs,0.2,49.816,8 ml/4 ml,8 ml/4 ml,,fatto,meglio il precedente,,,"3,3-dinitro-4,4-Bipirazole",53.0,,,1
166,"3,3'-dinitro-4,4'-bipyrazole",Bipyrazole,"3,3'-(NO2)2-4,4'-BPz",Co,Co(NO3)2*6H2O,CoNO2_4,DMF/H20,,120,24,20,"29/04/2026   17,30",2026-04-29,,,0.1,,22.413,,,,Da valutare,,,,,,,,1.0,,MOFs,0.1,29.104,5 ml/5 ml,5 ml/5 ml,,,non buono,,,"3,3-dinitro-4,4-Bipirazole",75.0,,,1
167,"3,3'-dinitro-4,4'-bipyrazole",Bipyrazole,"3,3'-(NO2)2-4,4'-BPz",Co,Co(NO3)2*6H2O,CoNO2_5,DMF/H20,,150,48,20,"04/05/20226   18,00",2022-05-04,,,0.1,,22.413,,,,N.D.,,,,,,,,1.0,,MOFs,0.1,29.104,8 ml/4 ml,8 ml/4 ml,,,,,,"3,3-dinitro-4,4-Bipirazole",96.0,,,1
168,"3,3'-dinitro-4,4'-bipyrazole",Bipyrazole,"3,3'-(NO2)2-4,4'-BPz",Co,Cd(OAc)2*4H2O,CdNO2_6,DMF/H20,,160,24,35,"12/05/2026    11,30",2026-05-12,,,0.1,,22.413,,,,Da valutare,,,,,,,,2.0,,MOFs,0.2,49.816,14 ml/6 ml,14 ml/6 ml,,fatto,Meglio,,,"3,3-dinitro-4,4-Bipirazole",117.0,,,1
169,"3,3'-dinitro-4,4'-bipyrazole",Bipyrazole,"3,3'-(NO2)2-4,4'-BPz",Co,Co(NO3)2*6H2O,CoNO2-0,DMF,,160,6,20,"02/04/2026   12,00",2026-04-02,,,0.2,,44.826,,,,Promettente,,,,,,,,1.0,,MOFs,0.1,29.104,10 ml,10 ml,,IR non male picchi abbastanza sharpe,"non molto buono, non sharpe, ma alcuni picchi ci sono. Ottimizzare la sintesi",,,"3,3-dinitro-4,4-Bipirazole",4.0,,,2
170,"3,3'-dinitro-4,4'-bipyrazole",Bipyrazole,"3,3'-(NO2)2-4,4'-BPz",Cu,Cu(NO3)2*3H2O,CuNO2_1,DMF/H20,,160,48,20,"07/04/26    17,30",2026-04-07,,,0.2,,44.826,,,,Promettente,,,,,,,,2.0,,MOFs,0.1,24.16,8 ml/4 ml,8 ml/4 ml,,fatta,buono,fatta,,"3,3-dinitro-4,4-Bipirazole",39.0,,,2
171,"3,3'-dinitro-4,4'-bipyrazole",Bipyrazole,"3,3'-(NO2)2-4,4'-BPz",Cu,Cu(NO3)2*3H2O,CuNO2_3,DMF/H20,,160,24,20,"27/04/2026   12,30",2026-04-27,,,0.2,,44.826,,,,Da valutare,,,,,,,,1.0,,MOFs,0.2,48.32,8 ml/4 ml,8 ml/4 ml,,fatto,meglio rispetto al primo,,,"3,3-dinitro-4,4-Bipirazole",67.0,,,1
172,"3,3'-dinitro-4,4'-bipyrazole",Bipyrazole,"3,3'-(NO2)2-4,4'-BPz",Cu,Cu(NO3)2*3H2O,CuNO2_3,DMF/H20,,160,48,15,"03/06/2026   18,30",2026-06-03,,,0.1,,22.413,,,,N.D.,,,,,,,,2.0,,MOFs,0.2,48.32,6 ml/4 ml,6 ml/4 ml,,"piatto, pessimo",,,,"3,3-dinitro-4,4-Bipirazole",131.0,,,1
173,"3,3'-dinitro-4,4'-bipyrazole",Bipyrazole,"3,3'-(NO2)2-4,4'-BPz",Cu,Cu(OAc)2*H2O,CuNO2_4,DMF/H20,,120,24,20,"29/04/2026   17,30",2026-04-29,,,0.1,,22.413,,,,Da valutare,,,,,,,,1.0,,MOFs,0.1,36.328,5 ml/5 ml,5 ml/5 ml,,,non buono,,,"3,3-dinitro-4,4-Bipirazole",89.0,,,1
174,"3,3'-dinitro-4,4'-bipyrazole",Bipyrazole,"3,3'-(NO2)2-4,4'-BPz",Cu,Cu(OAc)2*H2O,CuNO2_5,DMF/H20,,150,48,20,"04/05/20226   18,00",2022-05-04,,,0.1,,22.413,,,,N.D.,,,,,,,,1.0,,MOFs,0.1,36.328,8 ml/4 ml,8 ml/4 ml,,,,,,"3,3-dinitro-4,4-Bipirazole",110.0,,,1
175,"3,3'-dinitro-4,4'-bipyrazole",Bipyrazole,"3,3'-(NO2)2-4,4'-BPz",Cu,Cu(NO3)2*3H2O,CuNO2-0,DMF,,160,6,20,"02/04/2026   12,00",2026-04-02,,,0.2,,44.826,,,,Promettente,,,,,,,,1.0,,MOFs,0.1,24.16,10 ml,10 ml,,"molto buono, come sopra",solo due picchi ma molto sharpe,,,"3,3-dinitro-4,4-Bipirazole",18.0,,,2
176,"3,3'-dinitro-4,4'-bipyrazole",Bipyrazole,"3,3'-(NO2)2-4,4'-BPz",Ni,Ni(OAc)2*4H2O,ZrNO2_2,CH3CN,,reflux,6,25,"11/06/2026  11,00",2026-06-11,,,0.2,,44.826,,,,N.D.,,,,,,,,1.0,,MOFs,0.2,49.768,,5 ml,pesati i due reagenti all'interno di un pallone da 25 ml; aggiunti 5 ml di CH3CN e lasciato in stirring a 60°C per 20 minuti. Trascorsi i 20 minuti ho alzato la temperatura e lasciato a reflusso per 6 ore. Una volta freddata all'aria l'ho filtrata e lavata con 10 ml di CH3CN e 10 ml di acetone. Il precipitato fatto asciugare all'aria,"Stesso del legante, quindi non si è formato nessun MOF",,,,"3,3-dinitro-4,4-Bipirazole",152.0,,,1
177,"3,3'-dinitro-4,4'-bipyrazole",Bipyrazole,"3,3'-(NO2)2-4,4'-BPz",Zn,Zn(NO3)2*6H2O,ZnNO2_1,DMF/H20,,160,48,20,"07/04/26    17,30",2026-04-07,,,0.2,,44.826,,,,Promettente,,,,,,,,1.0,,MOFs,0.1,29.747,8 ml/4 ml,8 ml/4 ml,,fatta,buono,fatta,,"3,3-dinitro-4,4-Bipirazole",32.0,,,2
178,"3,3'-dinitro-4,4'-bipyrazole",Bipyrazole,"3,3'-(NO2)2-4,4'-BPz",Zn,Zn(NO3)2*6H2O,ZnNO2_3,DMF/H20,,160,24,20,"27/04/2026   12,30",2026-04-27,,,0.2,,44.826,,,,Da valutare,,,,,,,,2.0,,MOFs,0.2,59.494,8 ml/4 ml,8 ml/4 ml,,fatto,meglio il precedente,,,"3,3-dinitro-4,4-Bipirazole",60.0,,,1
179,"3,3'-dinitro-4,4'-bipyrazole",Bipyrazole,"3,3'-(NO2)2-4,4'-BPz",Zn,Zn(OAc)2*2H2O,ZnNO2_4,DMF/H20,,120,24,20,"29/04/2026   17,30",2026-04-29,,,0.1,,22.413,,,,Da valutare,,,,,,,,1.0,,MOFs,0.1,21.951,5 ml/5 ml,5 ml/5 ml,"colore giallo, molto differente da quello con il nitrato",,non buono,,,"3,3-dinitro-4,4-Bipirazole",82.0,,,1
180,"3,3'-dinitro-4,4'-bipyrazole",Bipyrazole,"3,3'-(NO2)2-4,4'-BPz",Zn,Zn(OAc)2*2H2O,ZnNO2_5,DMF/H20,,150,48,20,"04/05/20226   18,00",2022-05-04,,,0.1,,22.413,,,,N.D.,,,,,,,,1.0,,MOFs,0.1,21.951,8 ml/4 ml,8 ml/4 ml,,,,,,"3,3-dinitro-4,4-Bipirazole",103.0,,,1
181,"3,3'-dinitro-4,4'-bipyrazole",Bipyrazole,"3,3'-(NO2)2-4,4'-BPz",Zn,Zn(NO3)2*6H2O,ZnNO2_6,DMF/H20,,160,24,35,"12/05/2026    11,30",2026-05-12,,,0.1,,22.413,,,,Promettente,,,,,,,,2.0,,MOFs,0.2,59.494,14 ml/6 ml,14 ml/6 ml,,fatto,buono,,,"3,3-dinitro-4,4-Bipirazole",124.0,,,2
182,"3,3'-dinitro-4,4'-bipyrazole",Bipyrazole,"3,3'-(NO2)2-4,4'-BPz",Zn,Zn(NO3)2*6H2O,ZnNO2-0,DMF,,160,6,20,"02/04/2026   12,00",2026-04-02,,,0.2,,44.826,,,,Promettente,,,,,,,,1.0,,MOFs,0.1,29.747,10 ml,10 ml,,"IR BUONO, molto simile a quello sopra, ma alcuni picchi leggermente shiftati","XRD buono, picchi sharpe, cercare di migliorare leggermente la sintesi",,,"3,3-dinitro-4,4-Bipirazole",11.0,,,2
183,"3,3'-dinitro-4,4'-bipyrazole",Bipyrazole,"3,3'-(NO2)2-4,4'-BPz",Zr,ZrCl4,ZrNO2_1,DMF,,120,48,15,"03/06/2026   18,30",2026-06-03,,,0.1,,22.413,,,,N.D.,,,,,,,,2.0,,MOFs,0.1,23.304,6 ml,6 ml,precipitato lattigginoso(amorfo),,,,,"3,3-dinitro-4,4-Bipirazole",138.0,,,1
184,"3,3'-dinitro-4,4'-bipyrazole",Bipyrazole,"3,3'-(NO2)2-4,4'-BPz",Zr,ZrCl4,ZrNO2_2,DMF,H2O-Et3N,120,48,15,"03/06/2026   18,30",2026-06-03,,,0.1,,22.413,,,,N.D.,,,,,,,,2.0,,MOFs,0.1,23.304,10 microL-15 microL,6 ml,precipitato lattigginoso(amorfo),,,,,"3,3-dinitro-4,4-Bipirazole",145.0,,,1
185,"3,5-diamino-4,4'-bipyrazole",Bipyrazole,"3,5-diamino-4,4’-bipyrazole",Ag,AgNO3,DAPY16,DMF,,100,1.5,15,"16/05/2025   11,00",2025-05-16,,,0.15,,24.6252,,,,N.D.,,,,,,,,1.0,,MOFs,0.15,25.4805,8 ml,8 ml,"Ho pesato il legante e posto in una vial da 15 ml resistente alla pressione ed aggiunto 4 ml di DMF , poi posto il tutto nel sonicatore. Nel mentre ho pesato il sale di matallo eposto in una vial con tappo in plastica da 8 ml ed aggiunti 4 ml di DMF e posta nel sonicatore. Dopo 30 minuti nel sonicatore ho versato il sale metallico nella vial contenente il legante, ho messo del teflon nel tappo per sigillarla e posto la vial in stufa a 100°C.",,,,,"3,5-diamino-4,4’-bipyrazole",128.0,,,1
186,"3,5-diamino-4,4'-bipyrazole",Bipyrazole,"3,5-diamino-4,4’-bipyrazole",Ag,AgNO3,DAPY17,DMF/MeCN,,100,0.45,15,"26/05/2025  16,30",2025-05-26,,,0.15,,24.6252,,,,N.D.,,,,,,,,1.0,,MOFs,0.15,25.4805,6 ml/ 2 ml,6 ml/ 2 ml,"Ho pesato il legante e posto in una vial da 15 ml resistente alla pressione ed aggiunto 3 ml di DMF e 2 ml di MeCN, poi posto il tutto nel sonicatore. Nel mentre ho pesato il sale di matallo eposto in una vial con tappo in plastica da 8 ml ed aggiunti 3 ml di DMF e posta nel sonicatore. Dopo 30 minuti nel sonicatore ho versato il sale metallico nella vial contenente il legante, ho messo del teflon nel tappo per sigillarla e posto la vial in stufa a 100°C",,,,,"3,5-diamino-4,4’-bipyrazole",137.0,,,1
187,"3,5-diamino-4,4'-bipyrazole",Bipyrazole,"3,5-diamino-4,4’-bipyrazole",Ag,AgNO3,DAPY18,DMF/MeCN,,100,1,15,"27/05/2025   10,45",2025-05-27,,,0.15,,24.6252,,,,N.D.,,,,,,,,1.0,,MOFs,0.15,25.4805,4 ml/ 4 ml,4 ml/ 4 ml,"Ho pesato il legante e posto in una vial da 15 ml resistente alla pressione ed aggiunto 4 ml di DMF , poi posto il tutto nel sonicatore. Nel mentre ho pesato il sale di matallo eposto in una vial con tappo in plastica da 8 ml ed aggiunti 4 ml diMeCN e posta nel sonicatore. Dopo 30 minuti nel sonicatore ho versato il sale metallico nella vial contenente il legante, ho messo del teflon nel tappo per sigillarla e posto la vial in stufa a 100°C",,,,,"3,5-diamino-4,4’-bipyrazole",146.0,,,1
188,"3,5-diamino-4,4'-bipyrazole",Bipyrazole,"3,5-diamino-4,4’-bipyrazole",Ag,AgNO3,DAPY19,DMF/MeCN,,80,,15,"28/05/2025  14,30",2025-05-28,,,0.15,,24.6252,,,,N.D.,,,,,,,,0.0,,MOFs,0.15,25.4805,2 ml/ 6 ml,2 ml/ 6 ml,"Ho pesato il metallo e posto in una vial da 8 ml con tappo di plastica, ho aggiunto  3 ml di MeCN e posto il tutto nel sonicatore. Nel mentre ho pesato il legante e messo all'interno di una vial da 15 ml per la reazione solvotermica, ho aggiunto 2 ml di DMF e 3 ml di MeCN solubilizzato nel sonicatore per 5 minuti. Una volta solubilizzato tutto  posto il tutto in stufa a 80°C .",,,,,"3,5-diamino-4,4’-bipyrazole",155.0,,,1
189,"3,5-diamino-4,4'-bipyrazole",Bipyrazole,"3,5-diamino-4,4’-bipyrazole",Ag,Ag2O,DAPY20,MeOH/NH3,,R.T.,115,50,"29/05/2025   12,00",2025-05-29,,,0.15,,24.6252,,,,N.D.,,,,,,,,1.0,,MOFs,0.15,34.76025,20 ml/ 90 microL,20 ml/ 90 microL,"Ho pesato il metallo e posto in una vial da 20 ml con tappo di plastica, ho aggiunto  10 ml di MeOH e posto il tutto nel sonicatore. Nel mentre ho pesato il legante e messo all'interno di una beuta da 50 ml a, ho aggiunto10 ml di MeOH e 90 microL di NH3 al 30% solubilizzato nel sonicatore per 5 minuti. Una volta solubilizzato tutto li ho messi insieme nella beuta, e lasciato in stirring a 320 rpm a temperatura ambiente.",,,,,"3,5-diamino-4,4’-bipyrazole",162.0,,,1
190,"3,5-diamino-4,4'-bipyrazole",Bipyrazole,"3,5-diamino-4,4’-bipyrazole",Ag,AgNO3,DAPY8,MeOH,,R.T.,,,"25/03/2025  11,00",2025-03-25,,,0.2,,32.833,,,,N.D.,,,,,,,,0.0,,MOFs,0.2,33.97,10 ml,"1,5 ml",,,,,,"3,5-diamino-4,4’-bipyrazole",52.0,,,1
191,"3,5-diamino-4,4'-bipyrazole",Bipyrazole,"3,5-diamino-4,4’-bipyrazole",Ag,AgNO3,DAPY9,DMF/MeOH,,R.T.,,,"25/03/2025  11,00",2025-03-25,,,0.2,,32.833,,,,N.D.,,,,,,,,0.0,,MOFs,0.2,33.97,8 ml/ 2 ml,"1,5 ml",,,,,,"3,5-diamino-4,4’-bipyrazole",58.0,,,1
192,"3,5-diamino-4,4'-bipyrazole",Bipyrazole,"3,5-diamino-4,4’-bipyrazole",Al,Al(NO3)3∙9H2O,DAPY4,DMF,,140,24,15,"19/03/25   15,45",2025-03-19,,,0.2,,32.833,,,,N.D.,,,,,,,,1.0,,MOFs,0.2,75.03,10 ml,10 ml,,,,,,"3,5-diamino-4,4’-bipyrazole",28.0,,,1
193,"3,5-diamino-4,4'-bipyrazole",Bipyrazole,"3,5-diamino-4,4’-bipyrazole",Cd,Cd(NO3)2*4H2O,Cd-MOF0,DMF/H2O,,160,72,20,"06/10/2025  11,00",2025-10-06,,,0.3,,49.2504,,,,N.D.,,,,,,,,1.0,,MOFs,0.3,92.541,12 ml/4ml,12 ml/4ml,"Pesato il sale metallico e messo in una vial da 8 ml, aggiunti 5 ml di DMF e sonicato per 2 minuti; poi ho pesato il legante e messo in una vial solvotermica ed aggiunti 7 ml di DMF e 4 ml di H2O milliQ. Ho travasato il metallo nella vial per la reazione solvotermica, poi sigillato con il teflon e posto in stufa a 160°C.",,,,,Cd-MOF,6.0,,,1
194,"3,5-diamino-4,4'-bipyrazole",Bipyrazole,"3,5-diamino-4,4’-bipyrazole",Cd,Cd(NO3)2*4H2O,Cd-MOF13,DMF,,140,72,15,45965.729166666664,2025-11-04,,,0.2,,32.8336,,,,N.D.,,,,,,,,2.0,,MOFs,0.1,30.847,10 ml,10 ml,"Pesato il sale metallico e messo in una vial da 8 ml, aggiunti 5 ml di DMF e sonicato per 2 minuti; poi ho pesato il legante e messo in una vial solvotermica ed aggiunti 5 ml di DMF . Ho travasato il metallo nella vial per la reazione solvotermica, poi sigillato con il teflon e posto in stufa a 140°C.",,,,,Cd-MOF,105.0,,,1
195,"3,5-diamino-4,4'-bipyrazole",Bipyrazole,"3,5 diamino-4,4' bipirazolo",Cd,Cd(NO3)2*4H2O,"Cd-MOF13,2",DMF,,140,72,35,"21/11/2025   16,30",2025-11-21,,,0.48,,71.59344,,,,Promettente,,,,,,,,2.0,,MOFs,0.2,61.694,20 ml,20 ml,"Pesato il sale metallico e messo in una vial da 20 ml, aggiunti 10 ml di DMF e sonicato per 2 minuti; poi ho pesato il legante e messo in una vial solvotermica ed aggiunti 10 ml di DMF . Ho travasato il metallo nella vial per la reazione solvotermica, poi sigillato con il teflon e posto in stufa a 140°C.",,"picchi meno sharpe, forse sintesi da ottimizzare in grande",,,Cd-MOF,122.0,,,2
196,"3,5-diamino-4,4'-bipyrazole",Bipyrazole,"3,5-diamino-4,4’-bipyrazole",Cd,Cd(NO3)2*4H2O,"Cd-MOF13,2",DMF,,140,48,100,"03/02/2026  17,00",2026-02-03,,,1.0,,164.168,,,,Da valutare,,,,,,,,1.0,,MOFs,0.5,154.235,60 ml,60 ml,,,the same,,,Cd-MOF,200.0,,,1
197,"3,5-diamino-4,4'-bipyrazole",Bipyrazole,"3,5-diamino-4,4’-bipyrazole",Cd,Cd(OAc)2*2H2O,"Cd-MOF13,3",DMF/H2O,,140,48,15,"27/01/26   17,30",2026-01-27,,,0.2,,32.8336,,,,Da valutare,,,,,,,,1.0,,MOFs,0.1,26.653,10 ml/2 ml,10 ml/2 ml,"Pesato il sale metallico e messo in una vial da 20 ml, aggiunti 10 ml di DMF e sonicato per 2 minuti; poi ho pesato il legante e messo in una vial solvotermica ed aggiunti 10 ml di DMF . Ho travasato il metallo nella vial per la reazione solvotermica, poi sigillato con il teflon e posto in stufa a 140°C.",,"Solo acetato, schifo",,,Cd-MOF,154.0,,,1
198,"3,5-diamino-4,4'-bipyrazole",Bipyrazole,"3,5-diamino-4,4’-bipyrazole",Cd,Cd(NO3)2*4H2O,Cd-MOF3,DMF/H2O,,140,120,35,"16/10/25   10,30",2025-10-16,,,0.2,,32.8336,,,,N.D.,,,,,,,,1.0,,MOFs,0.1,30.847,20 ml/10ml,20 ml/10ml,"Pesato il sale metallico e messo in una vial da 8 ml, aggiunti 5 ml di DMF e sonicato per 2 minuti; poi ho pesato il legante e messo in una vial solvotermica ed aggiunti 7 ml di DMF e 4 ml di H2O milliQ. Ho travasato il metallo nella vial per la reazione solvotermica, poi sigillato con il teflon e posto in stufa a 140°C.",,,,,Cd-MOF,29.0,,,1
199,"3,5-diamino-4,4'-bipyrazole",Bipyrazole,BPz(NH2)2,Co,Co(OAc)2*4H2O,BPz12,ButOH,,130,48,15,"11/11/2024 16,30",2024-11-11,,,0.2,,32.833,,,,N.D.,,,,,,,,1.0,,MOFs,0.2,49.816,8 ml,8 ml,"Ho pesato il quantitativo esatto delle sostanza,ho disciolto il ligando con 4ml di ButOH in una piccola Vials nel sonicatore. Per quanto riguarda il composto metallico l'ho disciolto sempre in 4 ml di ButOH nella Vials termoresistente per la stufa, sempre nel sonicatore per 5 minuti. Una volta disiolto il ligando ho travasato il tutto all'interno della vials contenente il metallo. Ho posto tutto il stufa con tappo ben sigillato con teflon a 130°c per 48 ore.",,,,,"3,3’-diamino-4,4’-bipyrazole",80.0,,,1
200,"3,5-diamino-4,4'-bipyrazole",Bipyrazole,BPz(NH2)2,Co,Co(OAc)2*4H2O,BPz15,ButOH,,110,72,15,"15/11/2024  14,45",2024-11-15,,,0.2,,32.833,,,,N.D.,,,,,,,,1.0,,MOFs,0.2,49.816,8 ml,8 ml,"Ho pesato il quantitativo esatto delle sostanza,ho disciolto il ligando con 4ml di ButOH in una piccola Vial nel sonicatore. Per quanto riguarda il composto metallico l'ho disciolto sempre in 4 ml di ButOH nella Vial termoresistente per la stufa, sempre nel sonicatore per 5 minuti. Una volta disiolto il ligando ho travasato il tutto all'interno della vials contenente il metallo. Ho posto tutto il stufa con tappo ben sigillato con teflon a 110°c per 72 ore.",,,,,"3,3’-diamino-4,4’-bipyrazole",101.0,,,1
201,"3,5-diamino-4,4'-bipyrazole",Bipyrazole,BPz(NH2)2,Co,Co(OAc)2*4H2O,BPz18,DMF,,120,3,50,"18/11/2024  10,35",2024-11-18,,,0.5,,32.833,,,,N.D.,,,,,,,,1.0,,MOFs,0.5,49.816,"7,5 ml","7,5 ml","In una beuta da 50 mL dotata di un condensatore a riflusso, 3,3’-diamino-4,4’-bipyrazole  è stato sciolto in DMF . Dopo 10 min di agitazione, a questa soluzione è stato aggiunto acetato di cobalto. La miscela di reazione è stata mantenuta sotto agitazione a 120°C per 3 h e successivamente raffreddata lentamente a temperatura ambiente.",,,,,"3,3’-diamino-4,4’-bipyrazole",122.0,,,1
202,"3,5-diamino-4,4'-bipyrazole",Bipyrazole,BPz(NH2)2,Co,Co(OAc)2*4H2O,BPz21,DMF,,T.a.,24,20,"18/11/2024   16,00",2024-11-18,,,0.2,,32.833,,,,N.D.,,,,,,,,1.0,,MOFs,0.2,49.816,8 ml,8 ml,"Ho pesato il ligando e posto su una vial con tappo di plastica da 20ml, ho aggiunto 4 ml di DMF e posto il tutto nel sonicatore a caldo per 10 minuti; nel mentre ho pesato il sale metallico ed anchesso posto in una vial da 20 ml ed aggiunto 4 ml di DMF e posto nel sonicatore a caldo per 10 minuti. Trascorsi i 10 minuti ho travasato il contenuto della vial contenente il ligando in quella contenente il metallo, ho posto il tutto in agitazione magnetica a temperatura ambiente per 24h.",,,,,"3,3’-diamino-4,4’-bipyrazole",143.0,,,1
203,"3,5-diamino-4,4'-bipyrazole",Bipyrazole,BPz(NH2)2,Co,Co(OAc)2*4H2O,BPz24,EtOH,,70,72,15,"29/11/2024  15,30",2024-11-29,,,0.2,,32.833,,,,N.D.,,,,,,,,1.0,,MOFs,0.2,49.816,10 ml,10 ml,"Ho pesato il ligando e posto su una vial con tappo di plastica da 20ml, ho aggiunto 5 ml di EtOH e posto il tutto nel sonicatore a caldo per 10 minuti; nel mentre ho pesato il sale metallico ed anchesso posto in una vial da 20 ml ed aggiunto 5 ml di EtOH e posto nel sonicatore a caldo per 10 minuti. Trascorsi i 10 minuti ho travasato il contenuto della vial contenente il ligando in quella contenente il metallo, ho posto il tutto in stufa a 70°C sempre dentro la vial con tappo di plastica.",,,,,"3,3’-diamino-4,4’-bipyrazole",164.0,,,1
204,"3,5-diamino-4,4'-bipyrazole",Bipyrazole,BPz(NH2)2,Co,Co(OAc)2*4H2O,BPz26,NH3 28%,,70,24,20,"4/12/2024   10,45",2024-12-04,,,0.2,,32.833,,,,N.D.,,,,,,,,1.0,,MOFs,0.2,49.816,8 ml,"0,5 ml","Ho pesato il ligando e posto in una vial con tappo di plastica, aggiunti 4 ml di etanolo, 2 ml di NH3 e 0,5ml di mesitilene ed ho posto il tutto nel sonicatore; nel mentre ho pesato il metallo ed aggiunti 4 ml di etanolo in un'altra vial con tappo di plastica e posto nel sonicatore. Una volta solubilizzato il ligando l'ho travasato nella vial contenente il sale metallico e messo tutto in stufa a 70°C. Pochissimo precipitato, giusto la quantità per fare l'IR.",,,,,"3,3’-diamino-4,4’-bipyrazole",178.0,,,1
205,"3,5-diamino-4,4'-bipyrazole",Bipyrazole,BPz(NH2)2,Co,Co(OAc)2*4H2O,BPz27,DMF,,160,24,15,"9/12/2024 10,30",2024-12-09,,,0.2,,32.833,,,,N.D.,,,,,,,,1.0,,MOFs,0.2,49.816,10 ml,10 ml,"Ho pesato il legante e solubilizzato con 6 ml di DMF e messo nella vial per la reazione solvotermal e lasciata 30 minuti nel sonicatoee; nel mentre ho pesato il sale metallico ed aggiunto 4 ml di DMF nella vial con tappo di plastica, posto anche questa nel sonicatore per 5 minuti. Una volta solubilizzato il legante ho travasato il metallo all'interno della vial contenente il legante e messo tutto in stufa a 160°C.",,,,,"3,3’-diamino-4,4’-bipyrazole",185.0,,,1
206,"3,5-diamino-4,4'-bipyrazole",Bipyrazole,BPz(NH2)2,Co,Co(NO3)2*6H2O,BPz28,DMF,,160,24,15,"9/12/2024 10,30",2024-12-09,,,0.2,,32.833,,,,N.D.,,,,,,,,1.0,,MOFs,0.2,58.208,10 ml,10 ml,"Ho pesato il legante e solubilizzato con 6 ml di DMF e messo nella vial per la reazione solvotermal e lasciata 30 minuti nel sonicatoee; nel mentre ho pesato il sale metallico ed aggiunto 4 ml di DMF nella vial con tappo di plastica, posto anche questa nel sonicatore per 5 minuti. Una volta solubilizzato il legante ho travasato il metallo all'interno della vial contenente il legante e messo tutto in stufa a 160°C.",,,,,"3,3’-diamino-4,4’-bipyrazole",192.0,,,1
207,"3,5-diamino-4,4'-bipyrazole",Bipyrazole,BPz(NH2)2,Co,Co(OAc)2*4H2O,BPz3,DMF,,120,24,15,"4/11/2024 16,35",2024-11-04,,,0.2,,32.833,,,,N.D.,,,,,,,,1.0,,MOFs,0.2,49.816,8 ml,8 ml,"Ho pesato il quantitativo esatto delle sostanza,ho disciolto il ligando con 4ml di DMF in una piccola Vials nel sonicatore. Per quanto riguarda il composto metallico l'ho disciolto sempre in 4 ml di DMF nella Vials termoresistente per la stufa, sempre nel sonicatore per 5 minuti. Una volta disiolto il ligando ho travasato il tutto all'interno della vials contenente il metallo. Ho posto tutto il stufa con tappo ben sigillato con teflon a 120°c per 24 ore.",,,,,"3,3’-diamino-4,4’-bipyrazole",18.0,,,1
208,"3,5-diamino-4,4'-bipyrazole",Bipyrazole,BPz(NH2)2,Co,Co(OAc)2*4H2O,BPz33,NH3 30%,,140,24,15,"16/12/2024  11,30",2024-12-16,,,0.2,,32.833,,,,N.D.,,,,,,,,1.0,,MOFs,0.2,49.816,8 ml,2 ml,"Ho pesato il legante e posto in una vial per la reazione solvotermica, solubilizzato con 5,5 ml di DMF e posto nel sonicatore per 30 minuti. Nel mentre ho pesato il sale metallico, aggiunti 2,5 ml di DMF in una vial con tappo di plastica e poi aggiunto 2 ml di NH3, messo nel sonicatore per 5 minuti. Una volta solubilizzato il legante, ho travasato il sale metallico all'interno della vial resistente alla temperature. Ho posto il tutto in stufa a 140°C.",,,,,"3,3’-diamino-4,4’-bipyrazole",227.0,,,1
209,"3,5-diamino-4,4'-bipyrazole",Bipyrazole,BPz(NH2)2,Co,Co(OAc)2*4H2O,BPz37,DMF,BDC,160,48,15,04/02/2025   16.30,2025-02-04,,,0.2,,32.833,,,,N.D.,,,,,,,,1.0,,MOFs,0.2,49.816,10 ml,0.1,"Ho pesato il legante ed il BDC e posto all'interno della vial per la reazione solvotermale da 15 ml, aggiunto 7 ml di  DMF e messo nel sonicatore; nel frattempo ho pesato anche il metallo e solubilizzato  con 3 ml di DMF. Una volta solubilizzato il metallo l'ho travasato nella vial contenente il legante. Ho messo il tutto in stufa a 160°C per 24 ore. Lasciato all'XRD, spettro molto risoluto e chiaro",,,,,"3,3’-diamino-4,4’-bipyrazole",255.0,,,1
210,"3,5-diamino-4,4'-bipyrazole",Bipyrazole,BPz(NH2)2,Co,Co(OAc)2*4H2O,BPz38,DMF/H2O,BDC,160,48,15,"06/02/2025     15,30",2025-02-06,,,0.2,,32.833,,,,N.D.,,,,,,,,1.0,,MOFs,0.2,49.816,"8,4 ml/1,6 ml",0.1,"Ho pesato il legante ed il BDC e posto all'interno della vial per la reazione solvotermale da 15 ml, aggiunto di  DMF/H2O e messo nel sonicatore; nel frattempo ho pesato anche il metallo e solubilizzato  con  DMF/H2O. Una volta solubilizzato il metallo l'ho travasato nella vial contenente il legante. Ho messo il tutto in stufa a 160°C per 24 ore. Spettor risoluto e chiaro.",,,,,"3,3’-diamino-4,4’-bipyrazole",263.0,,,1
211,"3,5-diamino-4,4'-bipyrazole",Bipyrazole,BPz(NH2)2,Co,Co(OAc)2*4H2O,BPz39,DMF,,200,144,15,"11/02/2025   16,30",2025-02-11,,,0.2,,32.833,,,,N.D.,,,,,,,,1.0,,MOFs,0.2,49.816,10 ml,10 ml,"IR non molto risoluto, meglio quello a 160°C, comunque messo da parte per poter fare l'XRD",,,,,"3,3’-diamino-4,4’-bipyrazole",270.0,,,1
212,"3,5-diamino-4,4'-bipyrazole",Bipyrazole,BPz(NH2)2,Co,Co(OAc)2*4H2O,BPz40,DMF/H2O,,160,72,15,"03/03/2025   17,00",2025-03-03,,,0.2,,32.833,,,,N.D.,,,,,,,,1.0,,MOFs,0.2,49.816,8 ml/2 ml,8 ml/2 ml,"XRD poco intenso, ma picchi risoluti",,,,,"3,3’-diamino-4,4’-bipyrazole",276.0,,,1
213,"3,5-diamino-4,4'-bipyrazole",Bipyrazole,BPz(NH2)2,Co,Co(OAc)2*4H2O,BPz41,DMF,,160,72,15,"03/03/2025   17,00",2025-03-03,,,0.2,,32.833,,,,N.D.,,,,,,,,1.0,,MOFs,0.2,49.816,10 ml,200 microL,"XRD poco intenso, ma picchi risoluti",,,,,"3,3’-diamino-4,4’-bipyrazole",282.0,,,1
214,"3,5-diamino-4,4'-bipyrazole",Bipyrazole,BPz(NH2)2,Co,Co(NO3)2*6H2O,BPz42,DMF/H2O,,160,72,15,"11/04/25   10,30",2025-04-11,,,0.2,,32.833,,,,N.D.,,,,,,,,4.0,,MOFs,0.2,58.208,8 ml/2 ml,8 ml/2 ml,"Ho pesato il legante e posto in una vial da 15 ml resistente alla pressione ed aggiunto 4 ml di DMF e 2 ml di H2O milliQ, poi posto il tutto nel sonicatore. Nel mentre ho pesato il sale di matallo e posto in una vial con tappo in plastica da 8 ml ed aggiunti 4 ml di DMF e posta nel sonicatore. Dopo 30 minuti nel sonicatore ho versato il sale metallico nella vial contenente il legante, ho messo del teflon nel tappo per sigillarla e posto la vial in stufa a 160°C per 72 ore. Il precipitato lavato con 2 porzioni di DMF per rimuoverlo bene dalla vial, una volta nel filtro, lavato prima con 2 porzioni di H2O distillata e poi con 2 porzioni di acetone. Asciugato il filtro all'aria e poi 15 minuti in stufa a 85°C.",,,,,"3,3’-diamino-4,4’-bipyrazole",288.0,,,1
215,"3,5-diamino-4,4'-bipyrazole",Bipyrazole,BPz(NH2)2,Co,Co(NO3)2*6H2O,BPz42.cristalli,DMF/H2O,,160,120,15,"17/04/25   17,15",2025-04-17,,,0.06091321086,,10.0,,,,N.D.,,,,,,,,2.0,,MOFs,0.03435953821,10,8 ml/2 ml,8 ml/2 ml,"Ho pesato il legante e posto in una vial da 15 ml resistente alla pressione ed aggiunto 4 ml di DMF e 2 ml di H2O milliQ, poi posto il tutto nel sonicatore. Nel mentre ho pesato il sale di matallo e posto in una vial con tappo in plastica da 8 ml ed aggiunti 4 ml di DMF e posta nel sonicatore. Dopo 30 minuti nel sonicatore ho versato il sale metallico nella vial contenente il legante, ho messo del teflon nel tappo per sigillarla e posto la vial in stufa a 160°C per 72 ore. Il precipitato lavato con 2 porzioni di DMF per rimuoverlo bene dalla vial, una volta nel filtro, lavato prima con 2 porzioni di H2O distillata e poi con 2 porzioni di acetone. Asciugato il filtro all'aria e poi 15 minuti in stufa a 85°C.",,,,,"3,3’-diamino-4,4’-bipyrazole",295.0,,,1
216,"3,5-diamino-4,4'-bipyrazole",Bipyrazole,BPz(NH2)2,Co,Co(NO3)2*6H2O,BPz43,DMF/H2O,,160,72,100,"06/10/2025  17,00",2025-10-06,,,1.2,,197.0016,,,,N.D.,,,,,,,,4.0,,MOFs,0.6,174.624,50 ml/12 ml,50 ml/12 ml,"Ho pesato il legante e posto in una vial da 100 ml resistente alla pressione ed aggiunto 30 ml di DMF e 12 ml di H2O milliQ, poi posto il tutto nel sonicatore. Nel mentre ho pesato il sale di metallo e posto in una vial con tappo in plastica da 40 ml ed aggiunti 20 ml di DMF e posta nel sonicatore. Dopo 30 minuti nel sonicatore ho versato il sale metallico nella vial contenente il legante, ho messo del teflon nel tappo per sigillarla e posto la vial in stufa a 160°C per 72 ore.",,,,,"3,3’-diamino-4,4’-bipyrazole",303.0,,,1
217,"3,5-diamino-4,4'-bipyrazole",Bipyrazole,BPz(NH2)2,Co,Co(NO3)2*6H2O,"BPz43,2",DMF/H2O,,160,72,100,"28/11/25    16,00",2025-11-28,,,1.5,,246.252,,,,Da valutare,,,,,,,,4.0,,MOFs,1.5,436.56,65 ml/15 ml,65 ml/15 ml,,,Da XRD è il BPz43,,,"3,3’-diamino-4,4’-bipyrazole",312.0,,,1
218,"3,5-diamino-4,4'-bipyrazole",Bipyrazole,BPz(NH2)2,Co,Co(NO3)2*6H2O,"BPz43,3",DMF/H2O,,160,24,15,"20/04/2026 18,00",2026-04-20,,,0.1,,16.4168,,,,N.D.,,,,,,,,8.0,,MOFs,0.05,14.552,5ml/5ml,5ml/5ml,"sciolto il metallo in 5 ml di acqua ed il legante in 5 ml di DMF(direttamente nella vial solvotermica). Sonicato entrambe le vials per circa 10 minuti e poi unite nella vial solvotermica, sigillato con teflon e poste in stufa.",,,,,"3,3’-diamino-4,4’-bipyrazole",321.0,,,1
219,"3,5-diamino-4,4'-bipyrazole",Bipyrazole,BPz(NH2)2,Co,Co(NO3)2*6H2O,"BPz43,4",DMF/EtOH,,160,24,15,"20/04/2026 18,00",2026-04-20,,,0.1,,16.4168,,,,Da valutare,,,,,,,,1.0,,MOFs,0.05,14.552,5ml/5ml,5ml/5ml,"sciolto il metallo in 5 ml di EtOHed il legante in 5 ml di DMF(direttamente nella vial solvotermica). Sonicato entrambe le vials per circa 10 minuti e poi unite nella vial solvotermica, sigillato con teflon e poste in stufa.",,come 43,,,"3,3’-diamino-4,4’-bipyrazole",329.0,,,1
220,"3,5-diamino-4,4'-bipyrazole",Bipyrazole,BPz(NH2)2,Co,Co(NO3)2*6H2O,"BPz43,5",DMF/H2O,,160,24,15,"20/04/2026 18,00",2026-04-20,,,0.1,,16.4168,,,,Da valutare,,,,,,,,8.0,,MOFs,0.05,14.552,2ml/8ml,2ml/8ml,"sciolto il metallo in 5 ml di acqua ed il legante in 2 ml di DMF+3 ml di acqua(direttamente nella vial solvotermica). Sonicato entrambe le vials per circa 10 minuti e poi unite nella vial solvotermica, sigillato con teflon e poste in stufa.",,come 43,,,"3,3’-diamino-4,4’-bipyrazole",336.0,,,1
221,"3,5-diamino-4,4'-bipyrazole",Bipyrazole,BPz(NH2)2,Co,Co(NO3)2*6H2O,"BPz43,6",DMF/EtOH,,160,16,35,"21/04/2026   16,30",2026-04-21,,,0.2,,32.8336,,,,Da valutare,,,,,,,,1.0,,MOFs,0.1,29.104,10ml/10ml,10ml/10ml,"sciolto il metallo in 10 ml di EtOH ed il legante in 10 ml di DMF(direttamente nella vial solvotermica). Sonicato entrambe le vials per circa 10 minuti e poi unite nella vial solvotermica, sigillato con teflon e poste in stufa.",,come 43,,,"3,3’-diamino-4,4’-bipyrazole",343.0,,,1
222,"3,5-diamino-4,4'-bipyrazole",Bipyrazole,BPz(NH2)2,Co,Co(NO3)2*6H2O,"BPz43,7",DMF/MeOH,,160,24,15,"21/04/2026   17,30",2026-04-21,,,0.1,,16.4168,,,,Da valutare,,,,,,,,1.0,,MOFs,0.05,14.552,5ml/5ml,5ml/5ml,"sciolto il metallo in 5 ml di MeOH ed il legante in 5 ml di DMF(direttamente nella vial solvotermica). Sonicato entrambe le vials per circa 10 minuti e poi unite nella vial solvotermica, sigillato con teflon e poste in stufa.",,come 43,,,"3,3’-diamino-4,4’-bipyrazole",350.0,,,1
223,"3,5-diamino-4,4'-bipyrazole",Bipyrazole,BPz(NH2)2,Co,Co(NO3)2*6H2O,"BPz43,8",MeOH,,120,72,15,"08/05/2026  12,00",2026-05-08,,,0.1,,16.4168,,,,Non riuscito,,,,,,,,1.0,,MOFs,0.1,29.104,10 ml,10 ml,"sciolto il metallo in 5 ml di MeOH ed il legante in 5 ml di MeOH(direttamente nella vial solvotermica). Sonicato entrambe le vials per circa 10 minuti e poi unite nella vial solvotermica, sigillato con teflon e poste in stufa.",,"pessimo, buttato",,,"3,3’-diamino-4,4’-bipyrazole",358.0,,,0
224,"3,5-diamino-4,4'-bipyrazole",Bipyrazole,BPz(NH2)2,Co,Co(NO3)2*6H2O,"BPz43,9",DMF/H2O,,150,72,15,"08/05/2026  12,00",2026-05-08,,,0.05,,8.2084,,,,Promettente,,,,,,,,1.0,,MOFs,0.05,14.552,7 ml/3ml,7 ml/3ml,,come il BPz43,"Molto cristallino, picchi più intensi del BPz43,in più sharpe",,,"3,3’-diamino-4,4’-bipyrazole",365.0,,,2
225,"3,5-diamino-4,4'-bipyrazole",Bipyrazole,BPz(NH2)2,Co,Co(OAc)2*4H2O,BPz6,DMF,,110,48,15,"6/11/2024 16,30",2024-11-06,,,0.2,,32.833,,,,N.D.,,,,,,,,1.0,,MOFs,0.2,49.816,8 ml,8 ml,"Ho pesato il quantitativo esatto delle sostanza,ho disciolto il ligando con 4ml di DMF in una piccola Vials nel sonicatore. Per quanto riguarda il composto metallico l'ho disciolto sempre in 4 ml di DMF nella Vials termoresistente per la stufa, sempre nel sonicatore per 5 minuti. Una volta disiolto il ligando ho travasato il tutto all'interno della vials contenente il metallo. Ho posto tutto il stufa con tappo ben sigillato con teflon a 110°c per 48 ore.",,,,,"3,3’-diamino-4,4’-bipyrazole",38.0,,,1
226,"3,5-diamino-4,4'-bipyrazole",Bipyrazole,BPz(NH2)2,Co,Co(OAc)2*4H2O,BPz9,DMF/H2O,,120,24,15,"11/11/2024 16,00",2024-11-11,,,0.2,,32.833,,,,N.D.,,,,,,,,1.0,,MOFs,0.2,49.816,"6,7/1,3 ml","6,7/1,3 ml","Ho pesato il quantitativo esatto delle sostanza,ho disciolto il ligando con 4ml di DMF/H2O in una piccola Vials nel sonicatore. Per quanto riguarda il composto metallico l'ho disciolto sempre in 4 ml di DMF/H2O nella Vials termoresistente per la stufa, sempre nel sonicatore per 5 minuti. Una volta disiolto il ligando ho travasato il tutto all'interno della vials contenente il metallo. Ho posto tutto il stufa con tappo ben sigillato con teflon a 120°c per 24 ore. Nessun precipitato.",,,,,"3,3’-diamino-4,4’-bipyrazole",59.0,,,1
227,"3,5-diamino-4,4'-bipyrazole",Bipyrazole,"3,5-diamino-4,4’-bipyrazole",Co,Co(OAc)2*4H2O,DAPY0,DMF,,160,,15,"13/03/25  11,30",2025-03-13,,,0.2,,32.833,,,,N.D.,,,,,,,,0.0,,MOFs,0.2,49.816,10 ml,10 ml,,,,,,"3,5-diamino-4,4’-bipyrazole",4.0,,,1
228,"3,5-diamino-4,4'-bipyrazole",Bipyrazole,"3,5-diamino-4,4’-bipyrazole",Co,Co(NO3)2*6H2O,DAPY1,DMF,,160,,15,"13/03/25  11,30",2025-03-13,,,0.2,,32.833,,,,N.D.,,,,,,,,0.0,,MOFs,0.2,58.208,10 ml,10 ml,,,,,,"3,5-diamino-4,4’-bipyrazole",10.0,,,1
229,"3,5-diamino-4,4'-bipyrazole",Bipyrazole,"3,5-diamino-4,4’-bipyrazole",Co,Co(OAc)2*4H2O,DAPY10,DMF,,160,,15,"28/03/25   15,00",2025-03-28,,,0.2,,32.833,,,,N.D.,,,,,,,,0.0,,MOFs,0.4,99.632,10 ml,10 ml,,,,,,"3,5-diamino-4,4’-bipyrazole",64.0,,,1
230,"3,5-diamino-4,4'-bipyrazole",Bipyrazole,"3,5-diamino-4,4’-bipyrazole",Co,Co(NO3)2*6H2O,DAPY11,DMF/MetOH,,160,,15,"28/03/25   15,00",2025-03-28,,,0.2,,32.833,,,,N.D.,,,,,,,,0.0,,MOFs,0.2,58.208,5 ml/5 ml,5 ml/5 ml,,,,,,"3,5-diamino-4,4’-bipyrazole",70.0,,,1
231,"3,5-diamino-4,4'-bipyrazole",Bipyrazole,"3,5-diamino-4,4’-bipyrazole",Co,Co(OAc)2*4H2O,DAPY12,DMF/MetOH,,160,,15,"28/03/25   15,00",2025-03-28,,,0.2,,32.833,,,,N.D.,,,,,,,,0.0,,MOFs,0.2,49.816,5 ml/5 ml,5 ml/5 ml,,,,,,"3,5-diamino-4,4’-bipyrazole",76.0,,,1
232,"3,5-diamino-4,4'-bipyrazole",Bipyrazole,"3,5-diamino-4,4’-bipyrazole",Co,Co(NO3)2*6H2O,DAPY13,DMF/H2O,,160,95,15,"24/04/2025   17,00",2025-04-24,,,0.06091321086,,10.0,,,,N.D.,,,,,,,,1.0,,MOFs,0.03435953821,10,5 ml/5 ml,5 ml/5 ml,non buono,,,,,"3,5-diamino-4,4’-bipyrazole",106.0,,,1
233,"3,5-diamino-4,4'-bipyrazole",Bipyrazole,"3,5-diamino-4,4’-bipyrazole",Co,Co(NO3)2*6H2O,DAPY14,DMF/H2O,,160,24,35,"28/04/25  16,00",2025-04-28,,,0.1218,,19.9956624,,,,N.D.,,,,,,,,8.0,,MOFs,0.0687,19.994448,16  ml/4 ml,16  ml/4 ml,"Ho pesato il legante e posto in una vial da 15 ml resistente alla pressione ed aggiunto 8 ml di DMF e 4 ml di H2O milliQ, poi posto il tutto nel sonicatore. Nel mentre ho pesato il sale di matallo eposto in una vial con tappo in plastica da 8 ml ed aggiunti 8 ml di DMF e posta nel sonicatore. Dopo 30 minuti nel sonicatore ho versato il sale metallico nella vial contenente il legante, ho messo del teflon nel tappo per sigillarla e posto la vial in stufa a 160°C per 24 ore. Il precipitato lavato con 2 porzioni di DMF per rimuoverlo bene dalla vial, una volta nel filtro, lavato prima con 2 porzioni di H2O distillata e poi con 2 porzioni di acetone. Asciugato il filtro all'aria e poi 15 minuti in stufa a 85°C. Una volta asciugato ho travasato il precipitato su una vial da 20 ml per effettuare il cambio solvente con diclorometano, effettuando il cambio per 3 volte nell'arco di 24h.",,,,,"3,5-diamino-4,4’-bipyrazole",112.0,,,1
234,"3,5-diamino-4,4'-bipyrazole",Bipyrazole,"3,5-diamino-4,4’-bipyrazole",Co,Co(NO3)2*6H2O,DAPY15,DMF/H2O,,160,24,100,"12/05/2025    17,00",2025-05-12,,,1.2,,197.0016,,,,N.D.,,,,,,,,8.0,,MOFs,1.2,349.248,50 ml/ 12 ml,50 ml/ 12 ml,"Ho pesato il legante e posto in una vial da 100 ml resistente alla pressione ed aggiunto 30 ml di DMF e 12 ml di H2O milliQ, poi posto il tutto nel sonicatore. Nel mentre ho pesato il sale di matallo eposto in una vial con tappo in plastica da 40 ml ed aggiunti 20 ml di DMF e posta nel sonicatore. Dopo 30 minuti nel sonicatore ho versato il sale metallico nella vial contenente il legante, ho messo del teflon nel tappo per sigillarla e posto la vial in stufa a 160°C per 24 ore. Il precipitato lavato con 2 porzioni di DMF per rimuoverlo bene dalla vial, una volta nel filtro, lavato prima con 2 porzioni di H2O distillata e poi con 2 porzioni di acetone. Asciugato il filtro all'aria e poi 15 minuti in stufa a 85°C.",,,,,"3,5-diamino-4,4’-bipyrazole",120.0,,,1
235,"3,5-diamino-4,4'-bipyrazole",Bipyrazole,"3,5-diamino-4,4’-bipyrazole",Co,Co(NO3)2*6H2O,"DAPY15,2",DMF/H2O,,160,24,100,"2/12/2025 15,00",2025-12-02,,,1.3,,213.4184,,,,Da valutare,,,,,,,,8.0,,MOFs,1.3,378.352,"62,5/ 13 ml","62,5/ 13 ml",,,stesso,,,"3,5-diamino-4,4’-bipyrazole",255.0,,,1
236,"3,5-diamino-4,4'-bipyrazole",Bipyrazole,"3,5-diamino-4,4’-bipyrazole",Co,Co(NO3)2*6H2O,"DAPY15,3",DMF/H2O,,160,72,20,"15/01/26   13,00",2026-01-15,,,0.2,,32.8336,,,,Da valutare,,,,,,,,4.0,,MOFs,0.2,58.208,10 ml/ 2 ml,10 ml/ 2 ml,,,sempre DAPY15,,,"3,5-diamino-4,4’-bipyrazole",262.0,,,1
237,"3,5-diamino-4,4'-bipyrazole",Bipyrazole,"3,5-diamino-4,4’-bipyrazole",Co,Co(NO3)2*6H2O,DAPY2,DMF/H2O,,160,,15,"13/03/25  11,30",2025-03-13,,,0.2,,32.833,,,,N.D.,,,,,,,,0.0,,MOFs,0.2,58.208,8 ml/2 ml,8 ml/2 ml,"Ho pesato il legante e posto in una vial da 15 ml resistente alla pressione ed aggiunto 4 ml di DMF e 2 ml di H2O milliQ, poi posto il tutto nel sonicatore. Nel mentre ho pesato il sale di matallo eposto in una vial con tappo in plastica da 8 ml ed aggiunti 4 ml di DMF e posta nel sonicatore. Dopo 30 minuti nel sonicatore ho versato il sale metallico nella vial contenente il legante, ho messo del teflon nel tappo per sigillarla e posto la vial in stufa a 160°C per 24 ore. Il precipitato lavato con 2 porzioni di DMF per rimuoverlo bene dalla vial, una volta nel filtro, lavato prima con 2 porzioni di H2O distillata e poi con 2 porzioni di acetone. Asciugato il filtro all'aria e poi 15 minuti in stufa a 85°C. Una volta asciugato ho travasato il precipitato su una vial da 20 ml per effettuare il cambio solvente con diclorometano, effettuando il cambio per 3 volte nell'arco di 24h.",,,,,"3,5-diamino-4,4’-bipyrazole",16.0,,,1
238,"3,5-diamino-4,4'-bipyrazole",Bipyrazole,"3,5-diamino-4,4’-bipyrazole",Co,Co(NO3)2*6H2O,"DAPY2,0",DMF/H2O,,160,24,15,"09/04/25   16,00",2025-04-09,,,0.2,,32.833,,,,N.D.,,,,,,,,8.0,,MOFs,0.2,58.208,8 ml/2 ml,8 ml/2 ml,"sintesi riproducibile, XRD e TGA sono identiche al DAPY2. Ho pesato il legante e posto in una vial da 15 ml resistente alla pressione ed aggiunto 4 ml di DMF e 2 ml di H2O milliQ, poi posto il tutto nel sonicatore. Nel mentre ho pesato il sale di matallo eposto in una vial con tappo in plastica da 8 ml ed aggiunti 4 ml di DMF e posta nel sonicatore. Dopo 30 minuti nel sonicatore ho versato il sale metallico nella vial contenente il legante, ho messo del teflon nel tappo per sigillarla e posto la vial in stufa a 160°C per 24 ore. Il precipitato lavato con 2 porzioni di DMF per rimuoverlo bene dalla vial, una volta nel filtro, lavato prima con 2 porzioni di H2O distillata e poi con 2 porzioni di acetone. Asciugato il filtro all'aria e poi 15 minuti in stufa a 85°C. Una volta asciugato ho travasato il precipitato su una vial da 20 ml per effettuare il cambio solvente con diclorometano, effettuando il cambio per 3 volte nell'arco di 24h.",,,,,"3,5-diamino-4,4’-bipyrazole",82.0,,,1
239,"3,5-diamino-4,4'-bipyrazole",Bipyrazole,"3,5-diamino-4,4’-bipyrazole",Co,Co(NO3)2*6H2O,DAPY2.cristalli,DMF/H2O,,160,120,15,"17/04/25   17,15",2025-04-17,,,0.06091321086,,10.0,,,,N.D.,,,,,,,,2.0,,MOFs,0.03435953821,10,8 ml/2 ml,8 ml/2 ml,"sintesi riproducibile, XRD e TGA sono identiche al DAPY2. Ho pesato il legante e posto in una vial da 15 ml resistente alla pressione ed aggiunto 4 ml di DMF e 2 ml di H2O milliQ, poi posto il tutto nel sonicatore. Nel mentre ho pesato il sale di matallo eposto in una vial con tappo in plastica da 8 ml ed aggiunti 4 ml di DMF e posta nel sonicatore. Dopo 30 minuti nel sonicatore ho versato il sale metallico nella vial contenente il legante, ho messo del teflon nel tappo per sigillarla e posto la vial in stufa a 160°C per 24 ore. Il precipitato lavato con 2 porzioni di DMF per rimuoverlo bene dalla vial, una volta nel filtro, lavato prima con 2 porzioni di H2O distillata e poi con 2 porzioni di acetone. Asciugato il filtro all'aria e poi 15 minuti in stufa a 85°C. Una volta asciugato ho travasato il precipitato su una vial da 20 ml per effettuare il cambio solvente con diclorometano, effettuando il cambio per 3 volte nell'arco di 24h. XRD Molto buono, meglio del DAPY2, provo a mantenere la stessa diluizione, ma con quantitativi maggiori di sostanza.",,,,,"3,5-diamino-4,4’-bipyrazole",88.0,,,1
240,"3,5-diamino-4,4'-bipyrazole",Bipyrazole,"3,5-diamino-4,4’-bipyrazole",Co,Co(NO3)2*6H2O,DAPY2.R,DMF/ButOH/CH3CN,,160,48,15,22/04/25   18.00,2025-04-22,,,0.06091321086,,10.0,,,,N.D.,,,,,,,,1.0,,MOFs,0.03435953821,10,3 ml/1 m/1 ml,3 ml/1 m/1 ml,non buono XRD,,,,,"3,5-diamino-4,4’-bipyrazole",94.0,,,1
241,"3,5-diamino-4,4'-bipyrazole",Bipyrazole,"3,5-diamino-4,4’-bipyrazole",Co,Co(NO3)2*6H2O,DAPY2.tris,DMF/H2O,,160,100,35,"24/04/2025   11,00",2025-04-24,,,0.1827,,29.9934936,,,,N.D.,,,,,,,,1.0,,MOFs,0.1029,29.948016,24 ml/6 ml,24 ml/6 ml,"XRD buono come gli altri, quindi è riproducibile anche a questi rapporti. Ho pesato il legante e posto in una vial da 35 ml resistente alla pressione ed aggiunto 20 ml di DMF e 6 ml di H2O milliQ, poi posto il tutto nel sonicatore. Nel mentre ho pesato il sale di matallo eposto in una vial con tappo in plastica da 8 ml ed aggiunti 4 ml di DMF e posta nel sonicatore. Dopo 30 minuti nel sonicatore ho versato il sale metallico nella vial contenente il legante, ho messo del teflon nel tappo per sigillarla e posto la vial in stufa a 160°C per 24 ore. Il precipitato lavato con 2 porzioni di DMF per rimuoverlo bene dalla vial, una volta nel filtro, lavato prima con 2 porzioni di H2O distillata e poi con 2 porzioni di acetone. Asciugato il filtro all'aria e poi 15 minuti in stufa a 85°C. Una volta asciugato ho travasato il precipitato su una vial da 20 ml per effettuare il cambio solvente con diclorometano, effettuando il cambio per 3 volte nell'arco di 24h.",,,,,"3,5-diamino-4,4’-bipyrazole",100.0,,,1
242,"3,5-diamino-4,4'-bipyrazole",Bipyrazole,"3,5-diamino-4,4’-bipyrazole",Co,Co(NO3)2*6H2O,DAPY21,DMF/H2O,,160,24,100,"31/07/2025  13,00",2025-07-31,,,1.2,,197.0016,,,,N.D.,,,,,,,,8.0,,MOFs,1.2,349.248,50 ml/ 12 ml,50 ml/ 12 ml,"Ho pesato il legante e posto in una vial da 100 ml resistente alla pressione ed aggiunto 30 ml di DMF e 12 ml di H2O milliQ, poi posto il tutto nel sonicatore. Nel mentre ho pesato il sale di matallo eposto in una vial con tappo in plastica da 40 ml ed aggiunti 20 ml di DMF e posta nel sonicatore. Dopo 30 minuti nel sonicatore ho versato il sale metallico nella vial contenente il legante, ho messo del teflon nel tappo per sigillarla e posto la vial in stufa a 160°C per 24 ore. Il precipitato lavato con 2 porzioni di DMF per rimuoverlo bene dalla vial, una volta nel filtro, lavato prima con 2 porzioni di H2O distillata e poi con 2 porzioni di acetone. Asciugato il filtro all'aria e poi 15 minuti in stufa a 85°C.",,,,,"3,5-diamino-4,4’-bipyrazole",171.0,,,1
243,"3,5-diamino-4,4'-bipyrazole",Bipyrazole,"3,5-diamino-4,4’-bipyrazole",Co,Co(NO3)2*6H2O,DAPY29,DMF/H2O,,160,24,100,"06/10/2025  10,00",2025-10-06,,,1.2,,197.0016,,,,N.D.,,,,,,,,8.0,,MOFs,0.6,174.624,50 ml/ 12 ml,50 ml/ 12 ml,"Ho pesato il legante e posto in una vial da 100 ml resistente alla pressione ed aggiunto 30 ml di DMF e 12 ml di H2O milliQ, poi posto il tutto nel sonicatore. Nel mentre ho pesato il sale di matallo eposto in una vial con tappo in plastica da 40 ml ed aggiunti 20 ml di DMF e posta nel sonicatore. Dopo 30 minuti nel sonicatore ho versato il sale metallico nella vial contenente il legante, ho messo del teflon nel tappo per sigillarla e posto la vial in stufa a 160°C per 24 ore. Il precipitato lavato con 2 porzioni di DMF per rimuoverlo bene dalla vial, una volta nel filtro, lavato prima con 2 porzioni di H2O distillata e poi con 2 porzioni di acetone. Asciugato il filtro all'aria e poi 15 minuti in stufa a 85°C.",,,,,"3,5-diamino-4,4’-bipyrazole",228.0,,,1
244,"3,5-diamino-4,4'-bipyrazole",Bipyrazole,"3,5-diamino-4,4’-bipyrazole",Co,Co(NO3)2*6H2O,DAPY3,DMF,,160,,15,"13/03/25  11,30",2025-03-13,,,0.2,,32.833,,,,N.D.,,,,,,,,0.0,,MOFs,0.4,116.416,10 ml,10 ml,,,,,,"3,5-diamino-4,4’-bipyrazole",22.0,,,1
245,"3,5-diamino-4,4'-bipyrazole",Bipyrazole,BPz(NH2)2,Co,Co(OAc)2*4H2O,Me8,,,T.A.,60 min,10,45299,2024-01-08,,,,,,,,,N.D.,,,,,,,,0.0,,MOFs,,,,,"Ho pesato il legante ed il sale metallico e li ho messi all'interno dell'apposito cilindro per il vibromulino, ho aggiunto MetOh ed NH3. Ho aggiunto 12 sfere di acciaio inox e posto per 60 minuti a 30 oscillazioni al secondo.",,,,,Meccanochimica,62.0,,,1
246,"3,5-diamino-4,4'-bipyrazole",Bipyrazole,BPz(NH2)2,Cu,Cu(OAc)2*H2O,BPz1,DMF,,120,24,15,"4/11/2024 16,35",2024-11-04,,,0.2,,32.833,,,,N.D.,,,,,,,,1.0,,MOFs,0.2,36.328,8 ml,8 ml,"Ho pesato il quantitativo esatto delle sostanza,ho disciolto il ligando con 4ml di DMF in una piccola Vials nel sonicatore. Per quanto riguarda il composto metallico l'ho disciolto sempre in 4 ml di DMF nella Vials termoresistente per la stufa, sempre nel sonicatore per 5 minuti. Una volta disiolto il ligando ho travasato il tutto all'interno della vials contenente il metallo. Ho posto tutto il stufa con tappo ben sigillato con teflon a 120°c per 24 ore.",,,,,"3,3’-diamino-4,4’-bipyrazole",4.0,,,1
247,"3,5-diamino-4,4'-bipyrazole",Bipyrazole,BPz(NH2)2,Cu,Cu(OAc)2*H2O,BPz10,ButOH,,130,48,15,"11/11/2024 16,30",2024-11-11,,,0.2,,32.833,,,,N.D.,,,,,,,,1.0,,MOFs,0.2,36.328,8 ml,8 ml,"Ho pesato il quantitativo esatto delle sostanza,ho disciolto il ligando con 4ml di ButOH in una piccola Vials nel sonicatore. Per quanto riguarda il composto metallico l'ho disciolto sempre in 4 ml di ButOH nella Vials termoresistente per la stufa, sempre nel sonicatore per 5 minuti. Una volta disiolto il ligando ho travasato il tutto all'interno della vials contenente il metallo. Ho posto tutto il stufa con tappo ben sigillato con teflon a 130°c per 48 ore.",,,,,"3,3’-diamino-4,4’-bipyrazole",66.0,,,1
248,"3,5-diamino-4,4'-bipyrazole",Bipyrazole,BPz(NH2)2,Cu,Cu(OAc)2*H2O,BPz13,ButOH,,110,72,15,"15/11/2024  14,45",2024-11-15,,,0.2,,32.833,,,,N.D.,,,,,,,,1.0,,MOFs,0.2,36.328,8 ml,8 ml,"Ho pesato il quantitativo esatto delle sostanza,ho disciolto il ligando con 4ml di ButOH in una piccola Vial nel sonicatore. Per quanto riguarda il composto metallico l'ho disciolto sempre in 4 ml di ButOH nella Vial termoresistente per la stufa, sempre nel sonicatore per 5 minuti. Una volta disiolto il ligando ho travasato il tutto all'interno della vials contenente il metallo. Ho posto tutto il stufa con tappo ben sigillato con teflon a 110°c per 72 ore.",,,,,"3,3’-diamino-4,4’-bipyrazole",87.0,,,1
249,"3,5-diamino-4,4'-bipyrazole",Bipyrazole,BPz(NH2)2,Cu,Cu(OAc)2*H2O,BPz16,DMF,,120,3,50,"14/11/2024  12,45",2024-11-14,,,0.5,,32.833,,,,N.D.,,,,,,,,1.0,,MOFs,0.5,36.328,"7,5 ml","7,5 ml","In una beuta da 50 mL dotata di un condensatore a riflusso, 3,3′-H 2 L  è stato sciolto in DMF . Dopo 10 min di agitazione, a questa soluzione è stato aggiunto acetato di rame diidrato. La miscela di reazione è stata mantenuta sotto agitazione a 120°C per 3 h e successivamente raffreddata lentamente a temperatura ambiente.",,,,,"3,3’-diamino-4,4’-bipyrazole",108.0,,,1
250,"3,5-diamino-4,4'-bipyrazole",Bipyrazole,BPz(NH2)2,Cu,Cu(OAc)2*H2O,BPz19,DMF,,T.a.,24,20,"18/11/2024   16,00",2024-11-18,,,0.2,,32.833,,,,N.D.,,,,,,,,1.0,,MOFs,0.2,36.328,8 ml,8 ml,"Ho pesato il ligando e posto su una vial con tappo di plastica da 20ml, ho aggiunto 4 ml di DMF e posto il tutto nel sonicatore a caldo per 10 minuti; nel mentre ho pesato il sale metallico ed anchesso posto in una vial da 20 ml ed aggiunto 4 ml di DMF e posto nel sonicatore a caldo per 10 minuti. Trascorsi i 10 minuti ho travasato il contenuto della vial contenente il ligando in quella contenente il metallo, ho posto il tutto in agitazione magnetica a temperatura ambiente per 24h.",,,,,"3,3’-diamino-4,4’-bipyrazole",129.0,,,1
251,"3,5-diamino-4,4'-bipyrazole",Bipyrazole,BPz(NH2)2,Cu,Cu(OAc)2*H2O,BPz22,EtOH,,70,72,15,"29/11/2024  15,30",2024-11-29,,,0.2,,32.833,,,,N.D.,,,,,,,,1.0,,MOFs,0.2,36.328,10 ml,10 ml,"Ho pesato il ligando e posto su una vial con tappo di plastica da 20ml, ho aggiunto 5 ml di EtOH e posto il tutto nel sonicatore a caldo per 10 minuti; nel mentre ho pesato il sale metallico ed anchesso posto in una vial da 20 ml ed aggiunto 5 ml di EtOH e posto nel sonicatore a caldo per 10 minuti. Trascorsi i 10 minuti ho travasato il contenuto della vial contenente il ligando in quella contenente il metallo, ho posto il tutto in stufa a 70°C sempre dentro la vial con tappo di plastica.",,,,,"3,3’-diamino-4,4’-bipyrazole",150.0,,,1
252,"3,5-diamino-4,4'-bipyrazole",Bipyrazole,BPz(NH2)2,Cu,Cu(OAc)2*H2O,BPz29,DMF,,80,3,50,"5/12/2024  10,45",2024-12-05,,,0.5,,32.833,,,,N.D.,,,,,,,,1.0,,MOFs,0.5,36.328,"7,5 ml","7,5 ml","Ho pesato il legante e messo all'interno di un pallone da 50 ml ed aggiunto 7,5 ml di DMF, poi lasciato a reflusso a 80°C per 10 minuti, trascorsi ho aggiunto il sale metallico e lasciato a reflusso per 3 ore a 80°C.",,,,,"3,3’-diamino-4,4’-bipyrazole",199.0,,,1
253,"3,5-diamino-4,4'-bipyrazole",Bipyrazole,BPz(NH2)2,Cu,Cu(OAc)2*H2O,BPz34,NH3 30%,,110,24,15,"16/12/2024  11,30",2024-12-16,,,0.2,,32.833,,,,N.D.,,,,,,,,1.0,,MOFs,0.5,36.328,8 ml,2 ml,"Ho pesato il legante e posto in una vial per la reazione solvotermica, solubilizzato con 5,5 ml di DMF e posto nel sonicatore per 30 minuti. Nel mentre ho pesato il sale metallico, aggiunti 2,5 ml di DMF in una vial con tappo di plastica e poi aggiunto 2 ml di NH3, messo nel sonicatore per 5 minuti. Una volta solubilizzato il legante, ho travasato il sale metallico all'interno della vial resistente alla temperature. Ho posto il tutto in stufa a 110°C.",,,,,"3,3’-diamino-4,4’-bipyrazole",234.0,,,1
254,"3,5-diamino-4,4'-bipyrazole",Bipyrazole,BPz(NH2)2,Cu,Cu(NO3)2*3H2O,BPz35,,,110,24,15,"09/01/2025  14,30",2025-01-09,,,0.2,,32.833,,,,N.D.,,,,,,,,0.0,,MOFs,0.2,48.32,10 ml,10 ml,"precipitato, ma spettro IR non chiaro e definibile",,,,,"3,3’-diamino-4,4’-bipyrazole",241.0,,,1
255,"3,5-diamino-4,4'-bipyrazole",Bipyrazole,BPz(NH2)2,Cu,Cu(OAc)2*H2O,BPz4,DMF,,110,48,15,"6/11/2024 16,30",2024-11-06,,,0.2,,32.833,,,,N.D.,,,,,,,,1.0,,MOFs,0.2,36.328,8 ml,8 ml,"Ho pesato il quantitativo esatto delle sostanza,ho disciolto il ligando con 4ml di DMF in una piccola Vials nel sonicatore. Per quanto riguarda il composto metallico l'ho disciolto sempre in 4 ml di DMF nella Vials termoresistente per la stufa, sempre nel sonicatore per 5 minuti. Una volta disiolto il ligando ho travasato il tutto all'interno della vials contenente il metallo. Ho posto tutto il stufa con tappo ben sigillato con teflon a 110°c per 48 ore.",,,,,"3,3’-diamino-4,4’-bipyrazole",24.0,,,1
256,"3,5-diamino-4,4'-bipyrazole",Bipyrazole,BPz(NH2)2,Cu,Cu(OAc)2*H2O,BPz7,DMF/H2O,,120,24,15,"11/11/2024 16,00",2024-11-11,,,0.2,,32.833,,,,N.D.,,,,,,,,1.0,,MOFs,0.2,36.328,"6,7/1,3 ml","6,7/1,3 ml","Ho pesato il quantitativo esatto delle sostanza,ho disciolto il ligando con 4ml di DMF/H2O in una piccola Vials nel sonicatore. Per quanto riguarda il composto metallico l'ho disciolto sempre in 4 ml di DMF/H2O nella Vials termoresistente per la stufa, sempre nel sonicatore per 5 minuti. Una volta disiolto il ligando ho travasato il tutto all'interno della vials contenente il metallo. Ho posto tutto il stufa con tappo ben sigillato con teflon a 120°c per 24 ore.",,,,,"3,3’-diamino-4,4’-bipyrazole",45.0,,,1
257,"3,5-diamino-4,4'-bipyrazole",Bipyrazole,"3,5-diamino-4,4’-bipyrazole",Cu,Cu(NO3)2*3H2O,DAPY22,DMF/H2O,,160,24,35,"08/09/2025  17,15",2025-09-08,,,0.1218,,19.9956624,,,,N.D.,,,,,,,,2.0,,MOFs,0.0687,16.59792,16  ml/4 ml,16  ml/4 ml,"Pesato il sale metallico e messo in una vial con 8 ml di DMF, mentre il legante è stato posto su una vial per la reazione solvotermica ed aggiunti 8 ml di DMF e 4 ml di H2O; posto entrambi nel sonicatore per 5 minuti, fino a completa dissoluzoine. Poi ho travasato il sale metallico nella vial con il legante, sigillato il tutto e posto in stufa a 160°C per 24 h.",,,,,"3,5-diamino-4,4’-bipyrazole",178.0,,,1
258,"3,5-diamino-4,4'-bipyrazole",Bipyrazole,"3,5-diamino-4,4’-bipyrazole",Cu,Cu(OAc)2 *H2O,DAPY23,DMF/H2O,,160,24,35,"08/09/2025  17,15",2025-09-08,,,0.1218,,19.9956624,,,,N.D.,,,,,,,,1.0,,MOFs,0.0687,13.714581,16  ml/4 ml,16  ml/4 ml,"Pesato il sale metallico e messo in una vial con 8 ml di DMF, mentre il legante è stato posto su una vial per la reazione solvotermica ed aggiunti 8 ml di DMF e 4 ml di H2O; posto entrambi nel sonicatore per 5 minuti, fino a completa dissoluzoine. Poi ho travasato il sale metallico nella vial con il legante, sigillato il tutto e posto in stufa a 160°C per 24 h.",,,,,"3,5-diamino-4,4’-bipyrazole",185.0,,,1
259,"3,5-diamino-4,4'-bipyrazole",Bipyrazole,"3,5-diamino-4,4’-bipyrazole",Cu,Cu(NO3)2*3H2O,DAPY24,DMF/H2O,,160,24,35,"09/09/2025  16,30",2025-09-09,,,0.24,,39.40032,,,,N.D.,,,,,,,,2.0,,MOFs,0.13,31.408,16  ml/4 ml,16  ml/4 ml,"Pesato il sale metallico e messo in una vial con 8 ml di DMF, mentre il legante è stato posto su una vial per la reazione solvotermica ed aggiunti 8 ml di DMF e 4 ml di H2O; posto entrambi nel sonicatore per 5 minuti, fino a completa dissoluzoine. Poi ho travasato il sale metallico nella vial con il legante, sigillato il tutto e posto in stufa a 160°C per 24 h.",,,,,"3,5-diamino-4,4’-bipyrazole",192.0,,,1
260,"3,5-diamino-4,4'-bipyrazole",Bipyrazole,"3,5-diamino-4,4’-bipyrazole",Cu,Cu(OAc)2*H2O,DAPY27,DMF/H2O,,100,72,35,"12/09/2025  14,00",2025-09-12,,,0.24,,39.40032,,,,N.D.,,,,,,,,1.0,,MOFs,0.24,43.68,14  ml/6 ml,14  ml/6 ml,"Pesato il sale metallico e messo in una vial con 8 ml di DMF, mentre il legante è stato posto su una vial per la reazione solvotermica ed aggiunti 8 ml di DMF e 4 ml di H2O; posto entrambi nel sonicatore per 5 minuti, fino a completa dissoluzoine. Poi ho travasato il sale metallico nella vial con il legante, sigillato il tutto e posto in stufa a 160°C per 24 h.",,,,,"3,5-diamino-4,4’-bipyrazole",213.0,,,1
261,"3,5-diamino-4,4'-bipyrazole",Bipyrazole,"3,5-diamino-4,4’-bipyrazole",Cu,Cu(NO3)2*3H2O,DAPY28,DMF/H2O,,100,72,35,"12/09/2025  14,00",2025-09-12,,,0.24,,39.40032,,,,N.D.,,,,,,,,1.0,,MOFs,0.24,57.984,14  ml/6 ml,14  ml/6 ml,"Pesato il sale metallico e messo in una vial con 8 ml di DMF, mentre il legante è stato posto su una vial per la reazione solvotermica ed aggiunti 8 ml di DMF e 4 ml di H2O; posto entrambi nel sonicatore per 5 minuti, fino a completa dissoluzoine. Poi ho travasato il sale metallico nella vial con il legante, sigillato il tutto e posto in stufa a 160°C per 24 h.",,,,,"3,5-diamino-4,4’-bipyrazole",220.0,,,1
262,"3,5-diamino-4,4'-bipyrazole",Bipyrazole,"3,5-diamino-4,4’-bipyrazole",Fe,Fe(NO3)3*9H2O,DAPY30,DMF,,120,24,15,45986.479166666664,2025-11-25,,,0.2,,32.8336,,,,N.D.,,,,,,,,1.0,,MOFs,0.1,40.4,10 ml,10 ml,"amorfo, nulla di buono",,,,,"3,5-diamino-4,4’-bipyrazole",240.0,,,1
263,"3,5-diamino-4,4'-bipyrazole",Bipyrazole,"3,5-diamino-4,4’-bipyrazole",Fe,FeCl3,DAPY31,DMF,,120,24,15,45986.479166666664,2025-11-25,,,0.2,,32.8336,,,,N.D.,,,,,,,,1.0,,MOFs,0.1,16.22,10 ml,10 ml,"amorfo, nulla di buono",,,,,"3,5-diamino-4,4’-bipyrazole",247.0,,,1
264,"3,5-diamino-4,4'-bipyrazole",Bipyrazole,BPz(NH2)2,Mn,MnCl2 · 4H2O,BPz36,,,100,24,15,"14/01/2025     11,00",2025-01-14,,,0.2,,32.833,,,,N.D.,,,,,,,,0.0,,MOFs,0.2,39.582,5ml/5ml,5ml/5ml,"Ho pesato il legante e posto all'interno della vial per la reazione solvotermale da 15 ml, aggiunto DMF/EtOH e messo nel sonicatore; nel frattempo ho pesato anche il metallo e solubilizzato sempre con 5 ml di DMF/EtOH. Una volta solubilizzato il metallo l'ho travasato nella vial contenente il legante. Ho messo il tutto in stufa a 100°C per 24h.",,,,,"3,3’-diamino-4,4’-bipyrazole",248.0,,,1
265,"3,5-diamino-4,4'-bipyrazole",Bipyrazole,BPz(NH2)2,Ni,Ni(OAc)2*4H2O,BPz11,ButOH,,130,48,15,"11/11/2024 16,30",2024-11-11,,,0.2,,32.833,,,,N.D.,,,,,,,,1.0,,MOFs,0.2,49.772,8 ml,8 ml,"Ho pesato il quantitativo esatto delle sostanza,ho disciolto il ligando con 4ml di ButOH in una piccola Vials nel sonicatore. Per quanto riguarda il composto metallico l'ho disciolto sempre in 4 ml di ButOH nella Vials termoresistente per la stufa, sempre nel sonicatore per 5 minuti. Una volta disiolto il ligando ho travasato il tutto all'interno della vials contenente il metallo. Ho posto tutto il stufa con tappo ben sigillato con teflon a 130°c per 48 ore.",,,,,"3,3’-diamino-4,4’-bipyrazole",73.0,,,1
266,"3,5-diamino-4,4'-bipyrazole",Bipyrazole,BPz(NH2)2,Ni,Ni(OAc)2*4H2O,BPz14,ButOH,,110,72,15,"15/11/2024  14,45",2024-11-15,,,0.2,,32.833,,,,N.D.,,,,,,,,1.0,,MOFs,0.2,49.772,8 ml,8 ml,"Ho pesato il quantitativo esatto delle sostanza,ho disciolto il ligando con 4ml di ButOH in una piccola Vial nel sonicatore. Per quanto riguarda il composto metallico l'ho disciolto sempre in 4 ml di ButOH nella Vial termoresistente per la stufa, sempre nel sonicatore per 5 minuti. Una volta disiolto il ligando ho travasato il tutto all'interno della vials contenente il metallo. Ho posto tutto il stufa con tappo ben sigillato con teflon a 110°c per 72 ore.",,,,,"3,3’-diamino-4,4’-bipyrazole",94.0,,,1
267,"3,5-diamino-4,4'-bipyrazole",Bipyrazole,BPz(NH2)2,Ni,Ni(OAc)2*4H2O,BPz17,DMF,,120,3,50,"15/11/2024  11,00",2024-11-15,,,0.5,,32.833,,,,N.D.,,,,,,,,1.0,,MOFs,0.5,49.772,"7,5 ml","7,5 ml","In una beuta da 50 mL dotata di un condensatore a riflusso,  3,3’-diamino-4,4’-bipyrazole  è stato sciolto in DMF . Dopo 10 min di agitazione, a questa soluzione è stato aggiunto acetato di nichel . La miscela di reazione è stata mantenuta sotto agitazione a 120°C per 3 h e successivamente raffreddata lentamente a temperatura ambiente.",,,,,"3,3’-diamino-4,4’-bipyrazole",115.0,,,1
268,"3,5-diamino-4,4'-bipyrazole",Bipyrazole,BPz(NH2)2,Ni,Ni(OAc)2*4H2O,BPz2,DMF,,120,24,15,"4/11/2024 16,35",2024-11-04,,,0.2,,32.833,,,,N.D.,,,,,,,,1.0,,MOFs,0.2,49.772,8 ml,8 ml,"Ho pesato il quantitativo esatto delle sostanza,ho disciolto il ligando con 4ml di DMF in una piccola Vials nel sonicatore. Per quanto riguarda il composto metallico l'ho disciolto sempre in 4 ml di DMF nella Vials termoresistente per la stufa, sempre nel sonicatore per 5 minuti. Una volta disiolto il ligando ho travasato il tutto all'interno della vials contenente il metallo. Ho posto tutto in stufa con tappo ben sigillato con teflon a 120°c per 24 ore.",,,,,"3,3’-diamino-4,4’-bipyrazole",11.0,,,1
269,"3,5-diamino-4,4'-bipyrazole",Bipyrazole,BPz(NH2)2,Ni,Ni(OAc)2*4H2O,BPz20,DMF,,T.a.,24,20,"18/11/2024   16,00",2024-11-18,,,0.2,,32.833,,,,N.D.,,,,,,,,1.0,,MOFs,0.2,49.772,8 ml,8 ml,"Ho pesato il ligando e posto su una vial con tappo di plastica da 20ml, ho aggiunto 4 ml di DMF e posto il tutto nel sonicatore a caldo per 10 minuti; nel mentre ho pesato il sale metallico ed anchesso posto in una vial da 20 ml ed aggiunto 4 ml di DMF e posto nel sonicatore a caldo per 10 minuti. Trascorsi i 10 minuti ho travasato il contenuto della vial contenente il ligando in quella contenente il metallo, ho posto il tutto in agitazione magnetica a temperatura ambiente per 24h.",,,,,"3,3’-diamino-4,4’-bipyrazole",136.0,,,1
270,"3,5-diamino-4,4'-bipyrazole",Bipyrazole,BPz(NH2)2,Ni,Ni(OAc)2*4H2O,BPz23,EtOH,,70,72,15,"29/11/2024  15,30",2024-11-29,,,0.2,,32.833,,,,N.D.,,,,,,,,1.0,,MOFs,0.2,49.772,10 ml,10 ml,"Ho pesato il ligando e posto su una vial con tappo di plastica da 20ml, ho aggiunto 5 ml di EtOH e posto il tutto nel sonicatore a caldo per 10 minuti; nel mentre ho pesato il sale metallico ed anchesso posto in una vial da 20 ml ed aggiunto 5 ml di EtOH e posto nel sonicatore a caldo per 10 minuti. Trascorsi i 10 minuti ho travasato il contenuto della vial contenente il ligando in quella contenente il metallo, ho posto il tutto in stufa a 70°C sempre dentro la vial con tappo di plastica.",,,,,"3,3’-diamino-4,4’-bipyrazole",157.0,,,1
271,"3,5-diamino-4,4'-bipyrazole",Bipyrazole,BPz(NH2)2,Ni,Ni(NO3)2*6H2O,BPz25,Mesitilene,,T.a.,24,20,"02/12/2024  10,30",2024-12-02,,,0.2,,32.833,,,,N.D.,,,,,,,,1.0,,MOFs,0.2,58.162,8 ml,2 ml,"Ho pesato il legante e solubilizzato con 5 ml di metanolo ed aggiunti 2 ml di mesitilene all'interno di una vial con tappo di plastica e posta nel sonicatore; nel mentre ho pesato il sale metallico e solubilizzato con 3 ml di metanolo e messo in una vial da 20 ml con tappo si plastica, poi solubilizzato nel sonicatore. Una volta solubilizzato il legante(10min) l'ho travasato nella vial contenente lo ione metallico, poi posto tutto sotto agitazione a temperatura ambiente su una piastra magnetica. Nessun precipitato.",,,,,"3,3’-diamino-4,4’-bipyrazole",171.0,,,1
272,"3,5-diamino-4,4'-bipyrazole",Bipyrazole,BPz(NH2)2,Ni,Ni(NO3)2*6H2O,BPz30,DMF,,160,24,15,"9/12/2024  14,45",2024-12-09,,,0.2,,32.833,,,,N.D.,,,,,,,,1.0,,MOFs,0.2,58.162,10 ml,10 ml,"Ho pesato il legante, messo nella vial resistente alla pressione per la solvotermal ed aggiunti 7 ml di DMF, posta nel sonicatore per 30 minuti fino a completa solubilizazione; nel mentre ho pesato il metallo e messo nella vial con tappo di plastica e solubilizzato con 3 ml di DMF, messo nel sonicatore per 5 minuti. Una volta solubilizzato il legante ho travasato il metallo nella vial da mettere in stufa. Ho posto il tutto in stufa a 160°C.",,,,,"3,3’-diamino-4,4’-bipyrazole",206.0,,,1
273,"3,5-diamino-4,4'-bipyrazole",Bipyrazole,BPz(NH2)2,Ni,Ni(NO3)2*6H2O,BPz31,DMF,,120,24,15,"9/12/2024  14,45",2024-12-09,,,0.2,,32.833,,,,N.D.,,,,,,,,1.0,,MOFs,0.2,58.162,10 ml,10 ml,"Ho pesato il legante, messo nella vial resistente alla pressione per la solvotermal ed aggiunti 7 ml di DMF, posta nel sonicatore per 30 minuti fino a completa solubilizazione; nel mentre ho pesato il metallo e messo nella vial con tappo di plastica e solubilizzato con 3 ml di DMF, messo nel sonicatore per 5 minuti. Una volta solubilizzato il legante ho travasato il metallo nella vial da mettere in stufa. Ho posto il tutto in stufa a 120°C.",,,,,"3,3’-diamino-4,4’-bipyrazole",213.0,,,1
274,"3,5-diamino-4,4'-bipyrazole",Bipyrazole,BPz(NH2)2,Ni,Ni(NO3)2*6H2O,BPz32,DMF,,65,96,20,"11/12/2024   12,00",2024-12-11,,,0.2,,32.833,,,,N.D.,,,,,,,,1.0,,MOFs,0.2,58.162,10 ml,10 ml,"Ho pesato il legante e messo in una vial con tappo di plastica da 20ml ed aggiunto 7 ml di DMF; nel mentre ho pesato il sale metallico e posto in un'altra vial con tappo di plastica ed aggiunto 3 ml di DMF. Ho messo entrambe le vial nel sonicatore per solubilizzarle al meglio, dopo circa 30 minuti ho travasato il contenuto della vial contenete il metallo in quella del legante. Il tutto l'ho messo in stufa a 65°C per 24 ore. Nessun precipitato.",,,,,"3,3’-diamino-4,4’-bipyrazole",220.0,,,1
275,"3,5-diamino-4,4'-bipyrazole",Bipyrazole,BPz(NH2)2,Ni,Ni(OAc)2*4H2O,BPz5,DMF,,110,48,15,"6/11/2024 16,30",2024-11-06,,,0.2,,32.833,,,,N.D.,,,,,,,,1.0,,MOFs,0.2,49.772,8 ml,8 ml,"Ho pesato il quantitativo esatto delle sostanza,ho disciolto il ligando con 4ml di DMF in una piccola Vials nel sonicatore. Per quanto riguarda il composto metallico l'ho disciolto sempre in 4 ml di DMF nella Vials termoresistente per la stufa, sempre nel sonicatore per 5 minuti. Una volta disiolto il ligando ho travasato il tutto all'interno della vials contenente il metallo. Ho posto tutto il stufa con tappo ben sigillato con teflon a 110°c per 48 ore.",,,,,"3,3’-diamino-4,4’-bipyrazole",31.0,,,1
276,"3,5-diamino-4,4'-bipyrazole",Bipyrazole,BPz(NH2)2,Ni,Ni(OAc)2*4H2O,BPz8,DMF/H2O,,120,24,15,"11/11/2024 16,00",2024-11-11,,,0.2,,32.833,,,,N.D.,,,,,,,,1.0,,MOFs,0.2,49.772,"6,7/1,3 ml","6,7/1,3 ml","Ho pesato il quantitativo esatto delle sostanza,ho disciolto il ligando con 4ml di DMF/H2O in una piccola Vials nel sonicatore. Per quanto riguarda il composto metallico l'ho disciolto sempre in 4 ml di DMF/H2O nella Vials termoresistente per la stufa, sempre nel sonicatore per 5 minuti. Una volta disiolto il ligando ho travasato il tutto all'interno della vials contenente il metallo. Ho posto tutto il stufa con tappo ben sigillato con teflon a 120°c per 24 ore. Nessun precipitato",,,,,"3,3’-diamino-4,4’-bipyrazole",52.0,,,1
277,"3,5-diamino-4,4'-bipyrazole",Bipyrazole,"3,5-diamino-4,4’-bipyrazole",Ni,Ni(NO3)2*6H2O,DAPY25,DMF/H2O,,160,24,35,"11/09/25  11,00",2025-09-11,,,0.24,,39.40032,,,,N.D.,,,,,,,,1.0,,MOFs,0.13,37.8053,16  ml/4 ml,16  ml/4 ml,"Pesato il sale metallico e messo in una vial con 8 ml di DMF, mentre il legante è stato posto su una vial per la reazione solvotermica ed aggiunti 8 ml di DMF e 4 ml di H2O; posto entrambi nel sonicatore per 5 minuti, fino a completa dissoluzoine. Poi ho travasato il sale metallico nella vial con il legante, sigillato il tutto e posto in stufa a 160°C per 24 h.",,,,,"3,5-diamino-4,4’-bipyrazole",199.0,,,1
278,"3,5-diamino-4,4'-bipyrazole",Bipyrazole,"3,5-diamino-4,4’-bipyrazole",Ni,Ni(OAc)2*4H2O,DAPY5,DMF,,140,24,15,"19/03/25   15,45",2025-03-19,,,0.2,,32.833,,,,N.D.,,,,,,,,1.0,,MOFs,0.2,49.772,10 ml,10 ml,,,,,,"3,5-diamino-4,4’-bipyrazole",34.0,,,1
279,"3,5-diamino-4,4'-bipyrazole",Bipyrazole,"3,5-diamino-4,4’-bipyrazole",Ni,Ni(OAc)2*4H2O,DAPY6,DMF,,T.A.,72,50,45737,2025-03-21,,,0.2,,32.833,,,,N.D.,,,,,,,,1.0,,MOFs,0.2,49.772,10 ml,10 ml,,,,,,"3,5-diamino-4,4’-bipyrazole",40.0,,,1
280,"3,5-diamino-4,4'-bipyrazole",Bipyrazole,"3,5-diamino-4,4’-bipyrazole",Ni,Ni(NO3)2*6H2O,DAPY7,DMF,,85,72,20,45737,2025-03-21,,,0.2,,32.833,,,,N.D.,,,,,,,,1.0,,MOFs,0.2,58.162,10 ml,10 ml,,,,,,"3,5-diamino-4,4’-bipyrazole",46.0,,,1
281,"3,5-diamino-4,4'-bipyrazole",Bipyrazole,"3,5-diamino-4,4’-bipyrazole",Zn,Zn(NO3)2*6H2O,DAPY26,DMF/H2O,,160,24,35,"11/09/25  11,00",2025-09-11,,,0.24,,39.40032,,,,N.D.,,,,,,,,1.0,,MOFs,0.13,38.6737,16  ml/4 ml,16  ml/4 ml,"Pesato il sale metallico e messo in una vial con 8 ml di DMF, mentre il legante è stato posto su una vial per la reazione solvotermica ed aggiunti 8 ml di DMF e 4 ml di H2O; posto entrambi nel sonicatore per 5 minuti, fino a completa dissoluzoine. Poi ho travasato il sale metallico nella vial con il legante, sigillato il tutto e posto in stufa a 160°C per 24 h.",,,,,"3,5-diamino-4,4’-bipyrazole",206.0,,,1
282,"3,5-diamino-4,4'-bipyrazole",Bipyrazole,"3,5-diamino-4,4’-bipyrazole",Zn,Zn(OAc)2*2H2O,MixeDAPY,DMF/H2O,,160,72,20,"16/02/2026  19,00",2026-02-16,,,0.2,,32.8336,,,,Da valutare,,,,,,,,1.0,,MOFs,0.2,58.208,0.2,13 ml/ 2 ml,,fatto,fatto,,,"3,5-diamino-4,4’-bipyrazole",269.0,,,1
283,"3,5-diamino-4,4'-bipyrazole",Bipyrazole,"3,5-diamino-4,4’-bipyrazole",Zn,Zn(NO3)2*6H2O,MixeDAPY2,DMF/H2O,,160,72,20,"16/02/2026  19,00",2026-02-16,,,0.2,,32.8336,,,,Da valutare,,,,,,,,1.0,,MOFs,0.2,58.208,0.2,13 ml/ 2 ml,,fatto,fatto,,,"3,5-diamino-4,4’-bipyrazole",276.0,,,1
284,"3,5-DiMePz-4-COOH",Pyrazole carbossilati,"3,5-DiMePz-4-COOH",Cu,Cu(OAc)2*H2O,DMPC1,H2O,,RT,48,20,"14/11/25   12,00",2025-11-14,,,0.2,,28.028,,,,Promettente,,,,,,,,1.0,,MOFs,0.1,18.164,,,,buono discreti picchi e sharpe,Molto buono,Degradazione 350°C; residuo 17% circa,,"3,5-Dimethyl-pyrazole-4-carboxy",4.0,,,2
285,"3,5-DiMePz-4-COOH",Pyrazole carbossilati,"3,5-DiMePz-4-COOH",Cu,Cu(OAc)2*H2O,"DMPC1,2",H2O,,RT,72,pallone da 100 ml,"28/11/25   12,30",2025-11-28,,,1.0,,140.14,,,,Da valutare,,,,,,,,1.0,,MOFs,0.5,90.82,,,COMPOSTO GIA PRESENTE IN LETTERATURA,,Come DMPC1,,,"3,5-Dimethyl-pyrazole-4-carboxy",34.0,,,1
286,"3,5-DiMePz-4-COOH",Pyrazole carbossilati,"3,5-DiMePz-4-COOH",Cu,Cu(OAc)2*H2O,DMPC2,EtOH,,RT,48,20,"14/11/25   12,00",2025-11-14,,,0.2,,28.028,,,,Promettente,,,,,,,,1.0,,MOFs,0.1,18.164,,,,buono discreti picchi e sharpe,"non sharpe,meglio sintesi sopra",,,"3,5-Dimethyl-pyrazole-4-carboxy",12.0,,,2
287,"3,5-DiMePz-4-COOH",Pyrazole carbossilati,"3,5-DiMePz-4-COOH",Zn,Zn(OAc)2*2H2O,DMPC3,H2O,,RT,48,20,"14/11/25   12,00",2025-11-14,,,0.2,,28.028,,,,Da valutare,,,,,,,,1.0,,MOFs,0.1,21.95,,,,non molto buono,non fatto,,,"3,5-Dimethyl-pyrazole-4-carboxy",19.0,,,1
288,"3,5-DiMePz-4-COOH",Pyrazole carbossilati,"3,5-DiMePz-4-COOH",Zn,Zn(OAc)2*2H2O,DMPC4,EtOH,,RT,48,20,"14/11/25   12,00",2025-11-14,,,0.2,,28.028,,,,Promettente,,,,,,,,1.0,,MOFs,0.1,21.95,,,,buono discreti picchi e sharpe,Molto buono,"più stabilità termica del DMPC1, circa 400°C",,"3,5-Dimethyl-pyrazole-4-carboxy",26.0,,,2
289,"3,5-DiMePz-4-COOH",Pyrazole carbossilati,"3,5-DiMePz-4-COOH",Zn,Zn(OAc)2*2H2O,"DMPC4,2",EtOH,,RT,72,pallone da 100 ml,"28/11/25   12,30",2025-11-28,,,1.0,,140.14,,,,Da valutare,,,,,,,,1.0,,MOFs,0.5,109.75,,,COMPOSTO GIA PRESENTE IN LETTERATURA,,Come DMPC4,,,"3,5-Dimethyl-pyrazole-4-carboxy",41.0,,,1
290,"3,5-DiMePz-4-COOH",Pyrazole carbossilati,"3,5-DiMePz-4-COOH",Zr,ZrCl4,MePzDC10,MeOH,,110,72,15,"23/05/2025  16,00",2025-05-23,,,0.15,,21.021,,,,N.D.,,,,,,,,1.0,,MOFs,0.15,34.956,10 ml,10 ml,"Ho pesato il legante e messo nella vial da 15 ml per la reazione solvotermal, aggiunto 5 ml di MeOH e posto nel sonicatore; nel mentre ho pesato il sale metallico e messo in una vial con tappo di plastica, ho aggiunto 5 ml di MeOh e messo nel sonicatore. Una volta ottenuta una soluzione limpida ho travasato tutto nella vial da 15 ml e posta in stufa a 110°C per 24h.
Dopo 5 ore soluzione ancora limpida senza nessun precipitato, dopo 24 ore si è iniziato ad intravedere un precipitato, lascio 48h, XRD molto buono, da riprovare in maggior quantità e vedere riproducibilità.",,,,,PzDC,72.0,,,1
291,"3,5-DiMePz-4-COOH",Pyrazole carbossilati,"3,5-DiMePz-4-COOH",Zr,ZrCl4,MePzDC13,MeOH,,110,94,35,"30/05/2025  12,00",2025-05-30,,,0.3,,42.042,,,,N.D.,,,,,,,,1.0,,MOFs,0.3,69.912,20 ml,20 ml,"Ho pesato il legante e messo nella vial da 35 ml per la reazione solvotermal, aggiunto 12  ml di MeOH e posto nel sonicatore; nel mentre ho pesato il sale metallico e messo in una vial con tappo di plastica, ho aggiunto 8 ml di MeOh e messo nel sonicatore. Una volta ottenuta una soluzione limpida ho travasato tutto nella vial da 15 ml e posta in stufa a 110°C.",,,,,PzDC,95.0,,,1
292,"3,5-DiMePz-4-COOH",Pyrazole carbossilati,"3,5-DiMePz-4-COOH",Zr,ZrCl4,MePzDC16,MeOH,,100,,35,"10/06/2025  12,00",2025-06-10,,,0.3,,42.042,,,,N.D.,,,,,,,,0.0,,MOFs,0.3,69.912,20 ml,20 ml,"Ho pesato il legante e messo nella vial da 35 ml per la reazione solvotermal, aggiunto 12  ml di MeOH e posto nel sonicatore; nel mentre ho pesato il sale metallico e messo in una vial con tappo di plastica, ho aggiunto 8 ml di MeOH e messo nel sonicatore. Una volta ottenuta una soluzione limpida ho travasato tutto nella vial da 15 ml e posta in stufa a 100°C.",,,,,PzDC,119.0,,,1
293,"3,5-DiMePz-4-COOH",Pyrazole carbossilati,"3,5-DiMePz-4-COOH",Zr,ZrCl4,MePzDC4,MeOH,,110,,15,"19/05/2025  10,30",2025-05-19,,,0.15,,21.021,,,,N.D.,,,,,,,,0.0,,MOFs,0.15,34.956,10 microL,210 microL,"Non ho ottenuto precipitato nelle prime 48h, quindi provo ad aggiungere Et3N (1 ml) e rimettere in stufa per altre 24h",,,,,PzDC,27.0,,,1
294,"3,5-DiMePz-4-COOH",Pyrazole carbossilati,"3,5-DiMePz-4-COOH",Zr,ZrCl4,MePzDC6,MeOH,,110,48,15,"19/05/2025  10,30",2025-05-19,,,0.15,,21.021,,,,N.D.,,,,,,,,1.0,,MOFs,0.15,34.956,10 ml,10 ml,"Ho pesato il legante e messo nella vial da 15 ml per la reazione solvotermal, aggiunto 5 ml di MeOH e posto nel sonicatore; nel mentre ho pesato il sale metallico e messo in una vial con tappo di plastica, ho aggiunto 5 ml di MeOh e messo nel sonicatore. Una volta ottenuta una soluzione limpida ho travasato tutto nella vial da 15 ml e posta in stufa a 110°C per 24h.
Dopo 5 ore soluzione ancora limpida senza nessun precipitato, dopo 24 ore si è iniziato ad intravedere un precipitato, lascio 48h, XRD molto buono, da riprovare in maggior quantità e vedere riproducibilità.",,,,,PzDC,40.0,,,1
295,"3,5-DiMePz-4-COOH",Pyrazole carbossilati,"3,5-DiMePz-4-COOH",Zr,Zr(OCH3)4,MW0,MetOH,,120,30 min,,,,,,,,24.0,,,,N.D.,,,,,,,,1.0,,MOFs,,18,100 microL,20 microL,"Pesato il tutto e posto nella vial spessa del microonde, aggiunto acido acetico ed il DMF; sonicato fino a completa dissoluzione e poi sigillato e messo nel microonde. Poca quantità di precipitato, XDR identico a quello dell' Zr(OCH3)4, quindi non si è formato nulla,",,,,,Microwave,3.0,,,1
296,"3,5-DiMePz-4-COOH",Pyrazole carbossilati,"3,5-DiMePz-4-COOH",Zr,Zr(OCH3)4,MW1,MeOH,,120,2 ore,,,,,,0.2,,25.222,,,,N.D.,,,,,,,,1.0,,MOFs,0.1,21.636,"0,50 ml","0,50 ml","Pesato il tutto e posto nella vial spessa del microonde, aggiunto acido acetico e Metanolo e DMF; sonicato fino a completa dissoluzione e poi sigillato e messo nel microonde.",,,,,Microwave,10.0,,,1
297,"3,5-DiMePz-4-COOH",Pyrazole carbossilati,"3,5-DiMePz-4-COOH",Zr,ZrCl4,ZrDMPC,H2O,,RT,72,pallone da 100 ml,"28/11/25   12,30",2025-11-28,,,1.0,,140.14,,,,Da valutare,,,,,,,,1.0,,MOFs,0.5,90.82,,,COMPOSTO GIA PRESENTE IN LETTERATURA,,Come DMPC1,,,"3,5-Dimethyl-pyrazole-4-carboxy",51.0,,,1
298,"4-Amino-4H-1,2,4-triazole",Triazole,"4-Amino-4H-1,2,4-triazole",Cu,Cu(OAc)2*H2O,4Am1,EtOH,,T.A.,24,20 ml con tappo di plastica,45608.479166666664,2024-11-12,,,1.0,,84.08,,,,N.D.,,,,,,,,1.0,,MOFs,2,363.28,20 ml,20 ml,"Peso separatamente i vari composti, in una beuta pongo lo ione metallico e lo porto ad agitazione su piastra a temperatura 40°C con 10 ml di EtOH. In un'altra beuta pongo l'altro composto ed aggiungo 10 ml di EtOH, lascio in agitazione su piastra a tempertatura 40°C. Dopo circa 10 minuti aggiungo la soluzione contenente il ligando in quella dello ione metallico e lascio reagire per 24h a temperatura ambiente. Precipitato di colore blu chiaro(simile all'HKUST), dopo lavaggio con etanolo, lascio asciugare in stufa a 80°C per poi porlo in un eppendorf.",,,,,"4-Amino-4H-1,2,4-triazole",5.0,,,1
299,"4-Amino-4H-1,2,4-triazole",Triazole,"4-Amino-4H-1,2,4-triazole",Cu,Cu(OAc)2*H2O,4Am5,DMF,,130,48,35,45621.520833333336,2024-11-25,,,0.5,,41.54,,,,N.D.,,,,,,,,1.0,,MOFs,0.5,90.82,,,"Ho pesato il ligando e posto in una vial da 20 ml ed aggiunto 15 ml di DMF, poi posta nel sonicatore per sulubilizzarlo; ho pesato lo ione metallico e posto all'interno della vial resistente alla temperatura da 35 ml ed aggiunto 15 ml di DMF. Una volta solubilizzato tutto, ho versato il contenuto della vial con il ligando all'interno di quella con il metallo. Ho posto tutto in stufa a 130°C per 72 ore. Ho notato la formazione del precipitato già dopo 24h. Precipitato bluastro, lavo con DMF e poi con acetone.",,,,,"4-Amino-4H-1,2,4-triazole",33.0,,,1
300,"4-Amino-4H-1,2,4-triazole",Triazole,"4-Amino-4H-1,2,4-triazole",Cu,Cu(OAc)2*H2O,4Am7,DMF,,T.A.,48,20,"26/11/2024  15,00",2024-11-26,,,0.5,,41.54,,,,N.D.,,,,,,,,1.0,,MOFs,1,181.64,,,"Ho pesato il ligando e posto in una vial da 20 ml ed aggiunto 6 ml di DMF, poi posta nel sonicatore per sulubilizzarlo; ho pesato lo ione metallico e posto all'interno di un'altra vial con tappo di plastica e solubilizzato con 10 ml di DMF. Una volta solubilizzato tutto, ho versato il contenuto della vial con il ligando all'interno di quella con il metallo. Ho posto tutto a temperatura ambiente per 24h. Pochissimo precipitato , solo per fare l'IR.",,,,,"4-Amino-4H-1,2,4-triazole",47.0,,,1
301,"4-Amino-4H-1,2,4-triazole",Triazole,"4-Amino-4H-1,2,4-triazole",Cu,Cu(OAc)2*H2O,4Am8,EtOH,,70,72,20 ml con tappo di plastica,"29/112024  16,00",,,,1.0,,84.08,,,,N.D.,,,,,,,,1.0,,MOFs,2,363.28,18 ml,18 ml,"Ho pesato il legante e solubilizzato con 9 ml di EtOH all'interno di una vial con tappo di plastica, nel mentre ho pesato il sale metallico e solubilizzato con 8 ml di EtOH e messo nella vial con tappo di plastica; ho posto entrambe le vial nel sonicatore per 5 minuti. Ho travasato il contenuto di quella contenente il legante all'interno dell'altra e posto tutto in stufa a 70°C.",,,,,"4-Amino-4H-1,2,4-triazole",54.0,,,1
302,"4-Amino-4H-1,2,4-triazole",Triazole,"4-Amino-4H-1,2,4-triazole",Zn,Zn(OAc)2*2H2O,4Am2,EtOH,,T.A.,24,20 ml con tappo di plastica,45608.479166666664,2024-11-12,,,1.0,,83.08,,,,N.D.,,,,,,,,1.0,,MOFs,1,219.5,20 ml,20 ml,"Peso separatamente i vari composti, in una beuta pongo lo ione metallico e lo porto ad agitazione su piastra a temperatura 40°C con 10 ml di EtOH. In un'altra beuta pongo l'altro composto ed aggiungo 10 ml di EtOH, lascio in agitazione su piastra a tempertatura 40°C. Dopo circa 10 minuti aggiungo la soluzione contenente il ligando in quella dello ione metallico e lascio reagire per 24h a temperatura ambiente.Non si riscontra nessun precipitato dopo 24h di reazione. Lascio evaporare le acque madri per vedere se si sia formato un composto solubile in EtOH, non è cristallizzato nulla.",,,,,"4-Amino-4H-1,2,4-triazole",12.0,,,1
303,"4-Amino-4H-1,2,4-triazole",Triazole,"4-Amino-4H-1,2,4-triazole",Zn,Zn(NO3)2 *6H2O,4Am3,DMF,BTC,160,75,100,"15/11/2024  12,45",2024-11-15,,,0.5,,41.54,,,,N.D.,,,,,,,,2.0,,MOFs,0.5,139.73,0.31,0.48,"Ho pesato i due linker e posti in una vials da 20 ml e discioliti con 18 ml di DMF e posti all'interno del sonicatore per farli solubilizzare per 10 minuti; nel mentre lo ione metallico posto nella vials per la solvotermica da 100ml l'ho disciolto con 20 ml di  DMF e posto anchesso nel sonicatore per 5 minuti. Passato il predeterminato tempo ho travasato i due linker nella vial contenente lo ione metallico, ho messo del teflon nel tappo per sigillare meglio e poi posto in stufa a 160°C per 75h. Precipitato biancastro.",,,,,"4-Amino-4H-1,2,4-triazole",19.0,,,1
304,"4-Amino-4H-1,2,4-triazole",Triazole,"4-Amino-4H-1,2,4-triazole",Zn,Zn(NO3)2 *6H2O,4Am4,DMF,,160,75,35,"19/11/2024   16,15",2024-11-19,,,0.5,,41.54,,,,N.D.,,,,,,,,2.0,,MOFs,0.5,139.73,,,"Ho pesato il ligando e posto in una vial da 20 ml ed aggiunto 15 ml di DMF, poi posta nel sonicatore per sulubilizzarlo; ho pesato lo ione metallico e posto all'interno della vial resistente alla temperatura da 35 ml ed aggiunto 15 ml di DMF. Una volta solubilizzato tutto, ho versato il contenuto della vial con il ligando all'interno di quella con il metallo. Ho posto tutto in stufa a 160°C per 75 ore. Precipitato biancastro. Spettro IR identifica che sono rimasti solo ossidi, non si è formato nulla. Buttato via.",,,,,"4-Amino-4H-1,2,4-triazole",26.0,,,1
305,"4-Amino-4H-1,2,4-triazole",Triazole,"4-Amino-4H-1,2,4-triazole",Zn,Zn(NO3)2 *6H2O,4Am6,DMF,,T.A.,48,50,45621.520833333336,2024-11-25,,,0.5,,41.54,,,,N.D.,,,,,,,,1.0,,MOFs,0.5,139.73,,,"Ho pesato il ligando e posto in una vial da 20 ml ed aggiunto 15 ml di DMF, poi posta nel sonicatore per sulubilizzarlo; ho pesato lo ione metallico e posto all'interno della beuta da 50 ml ed aggiunto 15 ml di DMF. Una volta solubilizzato tutto, ho versato il contenuto della vial con il ligando all'interno di quella con il metallo. Ho posto sotto agitazione a temperatura ambiente per 72h. Nessun precupitato formatosi, soluzione rimasta limpida.",,,,,"4-Amino-4H-1,2,4-triazole",40.0,,,1
306,"4-Amino-4H-1,2,4-triazole",Triazole,"4-Amino-4H-1,2,4-triazole",Zn,Zn(OAc)2*2H2O,4Am9,EtOH,,70,72,20 ml con tappo di plastica,"29/112024  16,00",,,,1.0,,83.08,,,,N.D.,,,,,,,,1.0,,MOFs,2,439,18 ml,18 ml,"Ho pesato il legante e solubilizzato con 9 ml di EtOH all'interno di una vial con tappo di plastica, nel mentre ho pesato il sale metallico e solubilizzato con 8 ml di EtOH e messo nella vial con tappo di plastica; ho posto entrambe le vial nel sonicatore per 5 minuti. Ho travasato il contenuto di quella contenente il legante all'interno dell'altra e posto tutto in stufa a 70°C.",,,,,"4-Amino-4H-1,2,4-triazole",61.0,,,1
307,5-MePz-4-COOH,Pyrazole carbossilati,5-MePz-4-COOH,Zn,Zn(NO3)2*6H2O,MePzDC1,DMF,,120,24,15,"29/04/25   17,30",2025-04-29,,,0.2,,25.222,,,,N.D.,,,,,,,,1.0,,MOFs,0.2,59.498,10 ml,10 ml,"XRD buono, ma utilizziamo metodo di sintesi di letizia",,,,,PzDC,9.0,,,1
308,5-MePz-4-COOH,Pyrazole carbossilati,5-MePz-4-COOH,Zr,ZrCl4,MePzDC0,DMF,,120,24,15,"29/04/25   17,30",2025-04-29,,,0.2,,25.222,,,,N.D.,,,,,,,,1.0,,MOFs,0.2,46.608,10 ml,10 ml,XRD pessimo da migliorare le condizioni,,,,,PzDC,3.0,,,1
309,5-MePz-4-COOH,Pyrazole carbossilati,5-MePz-4-COOH,Zr,ZrCl4,MePzDC17,DMF,Benzoic acid,120,24-48,15,"11/06/2025   16,30",2025-06-11,,,0.15,,18.9165,,,,N.D.,,,,,,,,1.0,,MOFs,0.15,34.956,,10 ml,Nessun precipitato,,,,,PzDC,128.0,,,1
310,5-MePz-4-COOH,Pyrazole carbossilati,5-MePz-4-COOH,Zr,ZrCl4,MePzDC18,DMF,HCl 37%,120,72,20,"07/07/2025  13,30",2025-07-07,,,0.15,,18.9165,,,,N.D.,,,,,,,,1.0,,MOFs,0.15,34.956,,160 microL,"Ho pesato il legante e messo in una vial solvotermica da 20 ml, ho aggiunto 5 ml di DMF e 90 microL di HCl 37%, poi posto nel sonicatore; nel contempo ho pesato il metallo, messo in una vial, aggiunti 5 ml di DMF e 90 microL di HCl 37% e messo nel sonicatore fino a completa dissoluzione. Una volta solubilizzato tutto, ho travasato il metallo nella vial solvotermica e poi posto in stufa a 120°C.",,,,,PzDC,135.0,,,1
311,BDC,Carbossilati aromatici,BDC,Cu,Cu(OAc)2*H2O,Cp0,EtOH,Pz,T.A.,24,20,,,,,0.5,,83.0,,,,N.D.,,,,,,,,5.0,,MOFs,1,68.07,2,"17,5 ml","Peso separatamente i vari composti, in una beuta pongo lo ione metallico e lo porto ad agitazione su piastra a temperatura ambiente con 7ml di EtOH. In un'altra beuta pongo gli altri due composti ed aggiungo 7ml di EtOH, lascio in agitazione su piastra a tempertatura ambiente. Dopo circa 30 minuti aggiungo la soluzione contenente i ligandi in quella dello ione metallico per sciacquare utilizzo 3,5ml di EtOh e lascio reagire per 24h.",,,,,Cu(OAc)2+BDC+Pz,5.0,,,1
312,BDC,Carbossilati aromatici,BDC,Cu,Cu(OAc)2*H2O,Cp1,EtOH,4-BrPz,T.A.,24,20,,,,,0.5,,83.0,,,,N.D.,,,,,,,,5.0,,MOFs,1,146.97,2,"17,5 ml","Peso separatamente i vari composti, in una beuta pongo lo ione metallico e lo porto ad agitazione su piastra a temperatura ambiente con 7ml di EtOH. In un'altra beuta pongo gli altri due composti ed aggiungo 7ml di EtOH, lascio in agitazione su piastra a tempertatura ambiente. Dopo circa 30 minuti aggiungo la soluzione contenente i ligandi in quella dello ione metallico per sciacquare utilizzo 3,5ml di EtOh e lascio reagire per 24h.",,,,,Cu(OAc)2+BDC+Pz,12.0,,,1
313,BDC,Carbossilati aromatici,BDC,Cu,Cu(OAc)2*H2O,Cp2,EtOH,"3,5-dimetilPz",T.A.,24,20,,,,,0.5,,83.0,,,,N.D.,,,,,,,,5.0,,MOFs,1,96.13,2,"17,5 ml","Peso separatamente i vari composti, in una beuta pongo lo ione metallico e lo porto ad agitazione su piastra a temperatura ambiente con 7ml di EtOH. In un'altra beuta pongo gli altri due composti ed aggiungo 7ml di EtOH, lascio in agitazione su piastra a tempertatura ambiente. Dopo circa 30 minuti aggiungo la soluzione contenente i ligandi in quella dello ione metallico per sciacquare utilizzo 3,5ml di EtOh e lascio reagire per 24h.",,,,,Cu(OAc)2+BDC+Pz,19.0,,,1
314,BDC,Carbossilati aromatici,BDC,Cu,Cu(OAc)2*H2O,Cp3,EtOH,4-ClPz,T.A.,24,20,,,,,0.5,,83.0,,,,N.D.,,,,,,,,5.0,,MOFs,1,102.52,2,"17,5 ml","Peso separatamente i vari composti, in una beuta pongo lo ione metallico e lo porto ad agitazione su piastra a temperatura ambiente con 7ml di EtOH. In un'altra beuta pongo gli altri due composti ed aggiungo 7ml di EtOH, lascio in agitazione su piastra a tempertatura ambiente. Dopo circa 30 minuti aggiungo la soluzione contenente i ligandi in quella dello ione metallico e lascio reagire per 24h",,,,,Cu(OAc)2+BDC+Pz,26.0,,,1
315,BDC,Carbossilati aromatici,BDC,Cu,Cu(OAc)2*H2O,Cp4,EtOH,Pz,T.A.,24,20,"02/12/2024 16,15",2024-12-02,,,0.5,,83.0,,,,N.D.,,,,,,,,5.0,,MOFs,1,68.07,1,"17,5 ml","Peso separatamente i vari composti, in una beuta pongo lo ione metallico e lo porto ad agitazione su piastra a temperatura ambiente con 7ml di EtOH. In un'altra beuta pongo gli altri due composti ed aggiungo 7 ml di EtOH, lascio in agitazione su piastra a tempertatura ambiente. Dopo circa 30 minuti aggiungo la soluzione contenente i ligandi in quella dello ione metallico, lavando la vial con 3,5 ml di EtOH e lascio reagire per 24h. Spettro IR molto simile al campione 1.",,,,,Cu(OAc)2+BDC+Pz,33.0,,,1
316,BDC,Carbossilati aromatici,BDC,Cu,Cu(OAc)2*H2O,Cp5,EtOH/H2O,Pz,T.A.,24,20,"4/12/2024  15,30",2024-12-04,,,0.5,,83.0,,,,N.D.,,,,,,,,1.0,,MOFs,1,68.07,2,"13,12/4,38","Ho pesato i leganti e posti in una vial di plastica, poi ho aggiunto 6,56 ml di etanolo e li ho posti a solubilizzare; nel mentre ho pesato il sale di metallo e messo in una vial con tappo di plastica, ho aggiunto 6,56 ml di etanolo e 4,38 ml di H2O pura e messo nel sonicatore. Dopo circa 30 minuti ho travasato il contenuto della vial con i ligandi all'interno di quella del metallo e poi messo tutto sotto agitazione magnetica per 24h a temperatura ambiente.",,,,,Cu(OAc)2+BDC+Pz,40.0,,,1
317,BPz,Bipyrazole,BPz,Au,NaAuCl4 · 2H2O,Au-0,DMF,,60,48,15,45965.645833333336,2025-11-04,,,0.2,,26.824,,,,N.D.,,,,,,,,1.0,,MOFs,0.1,39.78,10 ml,10 ml,nessun precipitato,,,,,Au-MOF,4.0,,,1
318,BPz,Bipyrazole,BPz,Au,NaAuCl4 · 2H2O,Au-1,DMF,Et3N,140,24,15,45967.479166666664,2025-11-06,,,0.2,,26.824,,,,N.D.,,,,,,,,1.0,,MOFs,0.1,39.78,0 microL,10 ml,"precipitato, ma XRDpraticamente piatto. Buttato",,,,,Au-MOF,11.0,,,1
319,BPz,Bipyrazole,BPz,Cd,Cd(NO3)2*4H2O,Cd-BPz,DMF,,150,24,35,"09/02/2026  12,00",2026-02-09,,,0.8,,107.304,,,,N.D.,,,,,,,,1.0,,MOFs,0.8,246.776,30 ml,30 ml,,come da articolo,,,,Cd-MOF,213.0,,,1
320,BPz,Bipyrazole,BPz,Co,Co(OAc)2*4H2O,CoBPz,DMF,,120,72,100 ml,"19/12/25   13,00",2025-12-19,,,1.5,,201.195,,,,Promettente,,,,,,,,4.0,,MOFs,1.5,373.62,45 ml,45 ml,,,"XRD buono, non molto sharpe e cristallino",,,CoBPz,4.0,,,2
321,BPz,Bipyrazole,BPz,Co,Co(OAc)2*4H2O,CoBPz2,DMF,,120,72,20,"12/01/26   12,15",2026-01-12,,,0.5,,67.065,,,,Promettente,,,,,,,,4.0,,MOFs,0.5,124.54,16 ml,"0,09 ml",,,Non molto sharpe,,,CoBPz,11.0,,,2
322,BPz,Bipyrazole,BPz,Co,Co(OAc)2*4H2O,CoBPz3,DMF,,120,72,20,"12/01/26   12,15",2026-01-12,,,0.5,,67.065,,,,Promettente,,,,,,,,4.0,,MOFs,0.5,124.54,16 ml,"0,15 ml",,,più sharpe,,,CoBPz,18.0,,,2
323,BPz,Bipyrazole,BPz,Co,Co(OAc)2*4H2O,CoBPz4,DMF,,120,72,20,"15/01/26  18,00",2026-01-15,,,0.5,,67.065,,,,Da valutare,,,,,,,,4.0,,MOFs,0.5,124.54,16 ml,"0,15 ml","Pesato il legante, posto nella vial solvotermica, solubilizzato nel sonicatore e poi aggiunto il sale metallico. Ho sigillato il tappo della vial con teflon e poi messo in stufa a 120°C per 72h",,più cristallino rispetto ai precedenti,,,CoBPz,26.0,,,1
324,Et4BPz,Bipyrazole,Et4BPz,Ag,AgNO3,AgEt40,MeOH,,R.T.,48,20,"09/02/26   18,30",2026-02-09,,,0.2,,48.478,,,,N.D.,,,,,,,,1.0,,MOFs,0.2,33.974,10,10,"precipitato dopo 48h, per separarlo dal solvente, dato le particelle finissime l'ho centrifugato.","non male, probabile complesso",,,,Et4BPz,32.0,,,1
325,Et4BPz,Bipyrazole,Et4BPz,Ag,AgPF6,AgEt41,MeOH,,R.T.,48,20,"09/02/26   18,30",2026-02-09,,,0.2,,48.478,,,,N.D.,,,,,,,,1.0,,MOFs,0.2,50.566,10,10,"Dopo 48h nessun precipitato, quindi ho aggiunto 20 microL di trietilammina e si è formato un itorbidimento, dopo altre 24 ore c'è un precipitato. Centrifugato e separato da liquido.",Male,,,,Et4BPz,39.0,,,1
326,Et4BPz,Bipyrazole,ET4BPz,Cd,Cd(NO3)2*4H2O,Cd-Et4BPz,DMF,,140,48,35,"03/02/2026  17,00",2026-02-03,,,0.6,,147.81,,,,Da valutare,,,,,,,,1.0,,MOFs,0.6,185.082,18 ml,18 ml,,,the same,,,Cd-MOF,185.0,,,1
327,Et4BPz,Bipyrazole,Et4BPz,Ni,Ni(NO3)2*6H2O,NiEt4BPz0,DMF/H2O,,160,72,15,"20/01/26   16,30",2026-01-20,,,0.2,,48.478,,,,Da valutare,,,,,,,,1.0,,MOFs,0.1,29.079,10 ml/ 2 ml,10 ml/ 2 ml,"Dopo 48 ore formato un precipitato verdino, mentre dopo 72h il precipitato è diventato grigiastro, forse per formazione di ossido di nichel",,"XRD bruttissimo, solo un picco a 12 tetha",,,Et4BPz,18.0,,,1
328,Et4BPz,Bipyrazole,Et4BPz,Ni,Ni(OAc)2*4H2O,NiEt4BPz1,DMA,,150,24,15,"09/02/26  17,00",2026-02-09,,,0.2,,48.478,,,,N.D.,,,,,,,,1.0,,MOFs,0.2,49.768,10,10,"precipitato colore nero carbone, probabilmente formato il nichel metallico",,,,,Et4BPz,25.0,,,1
329,Et4BPz,Bipyrazole,Et4BPz,Ni,Ni(NO3)2*6H2O,NiEt4BPz2,MeOH,,140,48,15,"24/03/26   11,00",2026-03-24,,,0.2,,48.478,,,,N.D.,,,,,,,,1.0,,MOFs,0.2,58.162,10,10,,,,,,Et4BPz,63.0,,,1
330,Et4BPz,Bipyrazole,Et4BPz,Zn,Zn(OAc)2*2H2O,ZnEt4BPz0,DMF/H2O,,140,72,15,"20/01/26   16,30",2026-01-20,,,0.2,,48.478,,,,N.D.,,,,,,,,1.0,,MOFs,0.1,18.348,10 ml/2 ml,10 ml/2 ml,NESSUN PRECIPITATO,,,,,Et4BPz,4.0,,,1
331,H2Me2BDP,Altro,H2Me2BDP,Ag,AgPF6,AgMe2BDP,MeOH,,R.T.,48,20,"09/02/26   18,30",2026-02-09,,,0.2,,53.268,,,,N.D.,,,,,,,,1.0,,MOFs,0.2,50.566,10,10,"precipitato dopo 48h, per separarlo dal solvente, dato le particelle finissime l'ho centrifugato.","Buono, molto differente dal legante singolo",,,,Et4BPz,46.0,,,1
332,Me4BPz,Bipyrazole,Me4BPz,Ni,Ni(NO3)2*6H2O,Metil1,DMF/H2O/EtOH,,120,72,15,"06/03/2026  14,30",2026-03-06,,,0.2,,38.05,,,,Da valutare,,,,,,,,1.0,,MOFs,0.1,29.081,,"6 ml/0,5 ml/0,5 ml","Riprovare sintesi, poco quantitativo, ic'era un picco a circa 12 tehta che si ripeteva poi.",,"non buono, primo picco sopra i 12 theta e poi nulla",,,Me4BPz,10.0,,,1
333,Me4BPz,Bipyrazole,Me4BPz,Ni,Ni(OAc)2*4H2O,Metil2,DMF/H2O/EtOH,,120,72,15,"06/03/2026  14,30",2026-03-06,,,0.2,,38.05,,,,N.D.,,,,,,,,1.0,,MOFs,0.1,24.89,,"6 ml/0,5 ml/0,5 ml",,,,,,Me4BPz,17.0,,,1
334,Me4BPz,Bipyrazole,Me4BPz,Zr,ZrCl4,Metil0,DMF/H2O,,120,48,15,"18/11/25   12,00",2025-11-18,,,0.2,,38.05,,,,N.D.,,,,,,,,1.0,,MOFs,0.1,23.3,,"6ml/1,2 ml","pochissimo precipirato,sarebbe da cambiare condizioni di sintesi",,,,,Me4BPz,4.0,,,1
335,Me4BPz,Bipyrazole,Me4BPz,Zr,ZrCl4,Metil3,DMF/MeOH,,120,48,15,"27/05/2026   18,00",2026-05-27,,,0.1,,19.025,,,,N.D.,,,,,,,,1.0,,MOFs,0.1,23.3,,5 ml/5 ml,"pochissimo precipitato, finissimo, precipitato tramite centrifugazione 9000rpm per 10 minuti. poi asciugato all'aria prima di caratterizzarlo",,,,,Me4BPz,23.0,,,1
336,"PzDC / 1H-3,5-dicarboxylic",Pyrazole carbossilati,"1H-3,5-diCOOH",Zr,ZrCl4,Zr(COOH)2Pz,DMF/MeOH,,120,48,15,"27/05/2026   18,00",2026-05-27,,,0.1,,15.61,,,,N.D.,,,,,,,,1.0,,MOFs,0.1,23.304,,,"pochissimo precipitato, finissimo, precipitato tramite centrifugazione 9000rpm per 10 minuti. poi asciugato all'aria prima di caratterizzarlo",,,,,"1-H-pyrazole-3,5- dicarboxylic",3.0,,,1
337,"PzDC / 1H-3,5-dicarboxylic",Pyrazole carbossilati,"1H-3,5-diCOOH",Zr,ZrCl4,Zr(COOH)2Pz,H2O,,120,48,20,,,,,0.1,,15.61,,,,N.D.,,,,,,,,1.0,,MOFs,0.1,23.304,,,,,,,,"1-H-pyrazole-3,5- dicarboxylic",23.0,,,1
338,"PzDC / 1H-3,5-dicarboxylic",Pyrazole carbossilati,"1H-3,5-diCOOH",Zr,ZrCl4,Zr(COOH)2Pz_3,DMF/H2O,,120,48,15,"25/05/2026  17,30",2026-05-25,,,0.1,,15.61,,,,N.D.,,,,,,,,1.0,,MOFs,0.1,23.304,,,pochissimo precipitato,,,,,"1-H-pyrazole-3,5- dicarboxylic",10.0,,,1
339,"PzDC / 1H-3,5-dicarboxylic",Pyrazole carbossilati,"1H-3,5-diCOOH",Zr,ZrCl4,Zr(COOH)2Pz_4,H2O,,RT,72,20,"25/05/2026  16,30",2026-05-25,,,0.1,,15.61,,,,N.D.,,,,,,,,1.0,,MOFs,0.075,17.478,,,"precipitato fine, raccoloto con centrifugazione",pessimo,,,,"1-H-pyrazole-3,5- dicarboxylic",16.0,,,1
340,"PzDC / 1H-3,5-dicarboxylic",Pyrazole carbossilati,PzDC,Zr,ZrCl4,Zr(OCH3)4,MeOH,,120,72,35,"07/07/2025  15,00",2025-07-07,,,,,,,,,N.D.,,,,,,,,1.0,,MOFs,0.4,93.216,20 ml,20 ml,,,,,,PzDC,142.0,,,1
341,"3,3'-dinitro-4,4'-bipyrazole",Bipyrazole,"3,3'-(NO2)2-4,4'-BPz",Cd,Cd(NO3)2*4H2O,"Cd15,2",DMF,Et3N,150,72,15,"12/06/2026  18,10",,,,0.1,,22.4,,,,Non riuscito,,,,,,,,1.0,,MOFs,0.1,30.84,70 microL,10,,,poco sharpe come 15,,,,,,,0
342,BDP,Bipyrazole,BDP,Co,Co(NO3)2*6H2O,CoBDP,DMF,,120,72,15,,,,,0.1,,21.0,,,,Non riuscito,,,,,,,,1.0,,MOFs,0.3,87.32,,10,,Male,Pessimo,,,,,,,0
343,BDP,Bipyrazole,BDP,Co,Co(OAc)2*4H2O,CoBDP2,DMF,Acido acetico glaciale,150,16,20,,,,,0.12,,25.2,,,,Non riuscito,,,,,,,,1.0,,MOFs,0.24,59.77,"0,1 ml",20 ml,,non male,probabili due fasi,,,,,,,0
344,BDP,Bipyrazole,BDP,Co,Co(NO3)2*6H2O,CoBDP3,DMF,,150,24,15,,,,,0.1,,21.0,,,,Non riuscito,,,,,,,,1.0,,MOFs,0.2,58.02,,10,,male,male,,,,,,,0
345,BDP,Bipyrazole,BDP,Co,Co(OAc)2*4H2O,CoBDP4,DEF,,160,72,15,,,,,0.2,,42.0,,,,N.D.,,,,,,,,1.0,,MOFs,0.2,49.81,,10,,,,,,,,,,1
346,BDP,Bipyrazole,BDP,Co,Co(NO3)2*6H2O,CoBDP5,DEF,,160,72,15,,,,,0.2,,42.0,,,,N.D.,,,,,,,,1.0,,MOFs,0.2,49.81,,10,,,,,,,,,,1
347,BDP,Bipyrazole,BDP,Co,Co(NO3)2*6H2O,CoBDP6,DMF,H2O,160,72,15,,,,,0.14,,29.41,,,,N.D.,,,,,,,,1.0,,MOFs,0.23,66.93,2 ml,10,,,,,,,,,,1
348,"3,5-diamino-4,4'-bipyrazole",Bipyrazole,"3,5-(NH2)2BPz",Co,CoCl2+FeCl3,CoFe,DMF,MeOH,130,16,8,,,,,0.1,,16.41,,,,N.D.,,,,,,,,1.0,,MOFs,"0,1/0,001","23,79/1,62",1 ml,2 ml,,,,,,,,,,1
349,H2FBDP,Bipyrazole,FBDP,Co,Co(NO3)2*6H2O,CoBDP7,DMF,,160,72,15,,,,,0.1,,28.0,,,,N.D.,,,,,,,,1.0,,MOFs,0.1,29,,10  ml,,,,,,,,,,1
350,H2FBDP,Bipyrazole,FBDP,Co,Co(OAc)2*4H2O,CoBDP8,DMF,,160,72,15,,,,,0.1,,28.0,,,,N.D.,,,,,,,,1.0,,MOFs,0.1,29,,10 ml,,,,,,,,,,1
351,BDP,Bipyrazole,BDP,Co,Co(NO3)2*6H2O,CoBDP9,DMF,,130,16,20,,,,,0.14,,30.0,,,,N.D.,,,,,,,,2.0,,MOFs,0.23,67,,10 ml,,,,,,,,,,1
352,BDP,Bipyrazole,BDP,Co,Co(NO3)2*6H2O,CoBDP10,DMF,H2O,130,16,20,,,,,0.14,,30.0,,,,N.D.,,,,,,,,2.0,,MOFs,0.23,67,2 ml,10 ml,,,,,,,,,,1
353,BDP,Bipyrazole,BDP,Co,Co(NO3)2*6H2O,CoBDP11,DMF,H2O,130,12,20,,,,,0.1,,30.0,,,,N.D.,,,,,,,,1.0,,MOFs,0.1,41,2 ml,10 ml,,,,,,,,,,1
354,Ph2BpPhTl,Organometallica,Ph2BpPhTl,Ru,[Ru(p-cymene)Cl2]2,Org1,CH2Cl2,,T.A.,,20.0,,,655.73,612.39,0.12,0.25,78.6876,153.0975,0.48,"Nessun precipitrato, dopo aver aggiunto etere dietilico ho rimesso in frigo ed aspettato quasi una settimana, mi si è formato un precipitato, ma una volta filtrato sembra eessere tallio cloruro(colere grigiastro); quindi riconservato le acque madri per vedere se la cristallizzazione.Dopo aver aggiunto etere dietilico formati alcuni cristalli.",Cristalli osservati,"Dallo spettro HNMR non c'è nessun protone nella zona aromatica, quinndi i cristalli venuti giù sono il dimero del rutenio",,,,,Organometallica,Organometallica; Rutenio/Rodio/Iridio,,"Dallo spettro HNMR non c'è nessun protone nella zona aromatica, quinndi i cristalli venuti giù sono il dimero del rutenio",Organometallica,,,,,,,,,,,,,,2
355,HB(BPzPh)3Tl,Organometallica - pirazoli,HB(BPzPh)3Tl,Ru,[Ru(p-cymene)Cl2]2,Org2,CH2Cl2,,T.A.,,20.0,,,566.58,612.39,0.12,0.25,67.9896,153.0975,0.48,"Nessun precipitrato, dopo aver aggiunto etere dietilico ho rimesso in frigo ed aspettato quasi una settimana, mi si è formato un precipitato, ma una volta filtrato sembra eessere tallio cloruro(colere grigiastro); quindi riconservato le acque madri per vedere se avverrà qualche cristallizzazione. Dopo aver aggiunto etere dietilico alle acque madri si è formato un precipitato che ho filtrato e poi caratterizzato",Cristalli osservati,"dall'HNMR non risultano picchi di protoni aromatici, quindi non è avvenuta la formazione del complesso",,,,,Organometallica,Organometallica; Rutenio/Rodio/Iridio,,"dall'HNMR non risultano picchi di protoni aromatici, quindi non è avvenuta la formazione del complesso",Organometallica,,,,,,,,,,,,,,2
356,Ph2BpPhTl,Organometallica,Ph2BpPhTl,Rh,[Rh(C5Me5)Cl2]2,Org3,CH2Cl2,,T.A.,,20.0,,,655.73,618.08,0.12,0.25,78.6876,154.52,0.48,Dopo 30 minuti di reazione si è formato un precipitato grigio-bianco( probabilmente TlCl); ho filtrato in modo tale che rimasesse tutto sul filtro e poi le acque madri le ho portate a secco a temperatura ambiente in una notte. Una volta portate a secco ho aggiungo 5-10 ml di MeOH e filtrato. Il filtrato caratterizzzato e le acque madri invece trattate con dietiletere(10 ml circa) e rifiltrate un altra volte. Il precipitato ulteriormente caratterizzzato.,Molti picchi,"Rimesso a cristallizzare per diffusione uno con esano ed uno con diclorometano, entrambi i cristalli rossi formatosi li ho filtrati e poi caratterizzati con HNMR. in più alle acque madri ricavate dalla precedente filtrazione ho aggiunto metanolo per solubilizzare reagenti in eccesso ed i cristalli rimanenti li ho filtrati, procedo con caratterizzazione HNMR. | i Cristalli formatosi in dicloromertano sembrano essere un complesso rapp 1:1",,Molti picchi,,,Organometallica,Organometallica; Rutenio/Rodio/Iridio,,"Rimesso a cristallizzare per diffusione uno con esano ed uno con diclorometano, entrambi i cristalli rossi formatosi li ho filtrati e poi caratterizzati con HNMR. in più alle acque madri ricavate dalla precedente filtrazione ho aggiunto metanolo per solubilizzare reagenti in eccesso ed i cristalli rimanenti li ho filtrati, procedo con caratterizzazione HNMR. | i Cristalli formatosi in dicloromertano sembrano essere un complesso rapp 1:1",Organometallica,,,,,,,,,,,,,,2
357,HB(BPzPh)3Tl,Organometallica - pirazoli,HB(BPzPh)3Tl,Rh,[Rh(C5Me5)Cl2]2,Org4,CH2Cl2,,T.A.,,20.0,,,566.58,618.08,0.12,0.25,67.9896,154.52,0.48,Dopo 30 minuti di reazione si è formato un precipitato grigio-bianco( probabilmente TlCl); ho filtrato in modo tale che rimasesse tutto sul filtro e poi le acque madri le ho portate a secco a temperatura ambiente in una notte. Una volta portate a secco ho aggiungo 5-10 ml di MeOH e filtrato. Il filtrato caratterizzzato e le acque madri invece trattate con dietiletere(10 ml circa) e rifiltrate un altra volte. Il precipitato ulteriormente caratterizzzato.,Molti picchi,,Non molto buono,Molti picchi,,,Organometallica,Organometallica; Rutenio/Rodio/Iridio,,,Organometallica,,,,,,,,,,,,,,2
358,Ph2BpPhTl,Organometallica,Ph2BpPhTl,,C20H30Cl4Ir2,Org5,CH2Cl2,,T.A.,,20.0,,,655.73,796.67,0.12,0.25,78.6876,199.1675,0.48,Dopo 30 minuti di reazione si è formato un precipitato grigio-bianco( probabilmente TlCl); ho filtrato in modo tale che rimasesse tutto sul filtro e poi le acque madri le ho portate a secco a temperatura ambiente in una notte. Una volta portate a secco ho aggiungo 5-10 ml di MeOH e filtrato. Il filtrato caratterizzzato e le acque madri invece trattate con dietiletere(10 ml circa) e rifiltrate un altra volte. Il precipitato ulteriormente caratterizzzato.,Molti picchi,,Non molto buono,Molti picchi,,,Organometallica,Organometallica; Rutenio/Rodio/Iridio,,,Organometallica,,,,,,,,,,,,,,2
359,HB(BPzPh)3Tl,Organometallica - pirazoli,HB(BPzPh)3Tl,,C20H30Cl4Ir2,Org6,CH2Cl2,,T.A.,,20.0,,,566.58,796.67,0.12,0.25,67.9896,199.1675,0.48,Dopo 30 minuti di reazione si è formato un precipitato grigio-bianco( probabilmente TlCl); ho filtrato in modo tale che rimasesse tutto sul filtro e poi le acque madri le ho portate a secco a temperatura ambiente in una notte. Una volta portate a secco ho aggiungo 5-10 ml di MeOH e filtrato. Il filtrato caratterizzzato e le acque madri invece trattate con dietiletere(10 ml circa) e rifiltrate un altra volte. Il precipitato ulteriormente caratterizzzato.,Cristalli osservati,potrebbe essersi formato un complesso dallo spettro HNMR CRISTALLI SPEDITI,,,,,Organometallica,Organometallica; Rutenio/Rodio/Iridio,,potrebbe essersi formato un complesso dallo spettro HNMR CRISTALLI SPEDITI,Organometallica,,,,,,,,,,,,,,2
360,Ph2BpPhTl,Organometallica,Ph2BpPhTl,Ru,[Ru(p-cymene)Cl2]2,Org7,CH2Cl2,,T.A.,,20.0,"16/01/26 12,30",2026-01-16,655.73,612.39,0.12,0.06,78.6876,36.7434,2.0,"Male come Org1. Nessun precipitato, nemmeno dopo aver messo in frigo ed aggiunto eteredietilico. colore giallo, differente dal org1 che era rosso",Precipitato,,,,,,Organometallica,Organometallica; Rutenio/Rodio/Iridio,,,Organometallica,,,,,,,,,,,,,,1
361,HB(BPzPh)3Tl,Organometallica - pirazoli,HB(BPzPh)3Tl,Ru,[Ru(p-cymene)Cl2]2,Org8,CH2Cl2,,T.A.,3,20.0,"13/02/2026 12,00",2026-02-13,566.58,612.39,0.1,0.05,56.658,30.6195,2.0,"Pesato il dimero di rutenio, l'ho messo in un pallone a due colli da 10 ml, iniziato ad insufflare argon per lavorare in ambiente inerte. Una volta solubilizzato il sale metallico ho aggiunto il legante, notando subito la formazione del cloruro di tallio(sospenzione bianca). Lasciata a temperatura ambiente sotto intenso stirring per 3 ore. Lasciato evaporare completamente il solvente, formazione di piccoli cristalli.",Cristalli osservati,"Mandato HNMR Dall'HNMR sembra essere avvenuta la formazione di un complesso, numero di protoni porta rapporto ligando-Ru 1:1 formula ipotetica [Ru(p-cymene)(L)Cl]",FATTO,,,,Organometallica,Organometallica; Rutenio/Rodio/Iridio,,"Mandato HNMR Dall'HNMR sembra essere avvenuta la formazione di un complesso, numero di protoni porta rapporto ligando-Ru 1:1 formula ipotetica [Ru(p-cymene)(L)Cl]",Organometallica,,,,,,,,,,,,,,2
362,TpMe2Tl,Organometallica,TpMe2Tl,Ru,[Ru(p-cymene)Cl2]2,Org9,CH2Cl2,,T.A.,3,20.0,"25/02/26 12,30",2026-02-25,501.57,612.39,0.1,0.05,50.157,30.6195,2.0,"Sciolto prima il sale metallico all'interno della vial, una volta solubilizzato ho aggiunto il legante; lasciato in stirring per 3 ore e poi fatto evaporare lentamente il solvente fino a dimezzare il volume. Una volta dimezzato il volume ho aggiunto dietil etere circa 5 ml, ho notato la formazione di una piccola sospensione, quindi l'ho filtrato su filtro con mesh sottili(precipitato bianco-grigio). Le acque madri raccolte ed aspettato di dimezzare nuovamente il volume. Una volta evaporato tutto il solvente, nel residuo ho aggiunto Et2O e poi filtrato. Ora procedo a caratterizzare il precipitato ed aspetto che le acque madri evaporino.",Precipitato,"Spettro HNMR con molti picchi, impossibile identificare se sia avvenuta la formazione di un complesso",FATTO,,,,Organometallica,Organometallica; Rutenio/Rodio/Iridio,,"Spettro HNMR con molti picchi, impossibile identificare se sia avvenuta la formazione di un complesso",Organometallica,,,,,,,,,,,,,,1
363,KTp,Organometallica,KTp,Ru,[Ru(p-cymene)Cl2]2,Org10,CH2Cl2,,T.A.,3,20.0,"26/02/26 12,30",2026-02-26,336.26,612.39,0.1,0.05,33.626,30.6195,2.0,"Ho sciolto il rutenio in 10 ml di DCM, poi ho aggiunto il legante e lasciato in agitazione per 4 ore. Ho filtrato, perchè la soluzione era leggermente torbida e le acque madri le ho lasciate aperte sotto cappa per far evaporare il solvente.Una volta evaporato tutto il solvente ho aggiunto circa 10-15 ml di etere dietilico e filtrato. Ora procedo a caratterizzare il precipitato ed aspetto che le acque madri evaporino.",Precipitato,"HNMR riporta la rottura del legante(si notano NH); provo a cambiare solvete e lavorare in ambiente inerte, probabilmente solo legante, perchè non ho i picchi degli H aromatici del Rutenio",FATTO,,,,Organometallica,Organometallica; Rutenio/Rodio/Iridio,,"HNMR riporta la rottura del legante(si notano NH); provo a cambiare solvete e lavorare in ambiente inerte, probabilmente solo legante, perchè non ho i picchi degli H aromatici del Rutenio",Organometallica,,,,,,,,,,,,,,1
364,KTp,Organometallica,KTp,Ru,[Ru(p-cymene)Cl2]2,"Org10,2",MeCN,,T.A.,3,20.0,"02/03/2025 12,30",2025-03-02,336.26,612.39,0.1,0.05,33.626,30.6195,2.0,"Solubilizzato il legante in un pallone a due colli con 5 ml di MeCN, messo sotto argon ed una volta solubilizzato ho aggiunto il dimero metallico. Lasciato 3h sotto agitazione a temperatura ambiente, una volrta passate 3 ore ho lasciato l'insufflazione di argon, ma aprendo il tappo sopra per ridurre il volume del solvente .una volta trascorso il tempo di reazione, concentri la soluzione di MeCN sotto vuoto a bassa temperatura fino a piccoli volumi, poi aggiungi lentamente un anti‑solvente apolare (esano) per precipitare il complesso, filtrando non ho notato la presenza di precipitato nel filtro. Le acque madri le faccio evaporare per stringere il solvente ed aggiunto ancora esano e poi lascio in firgo una notte.",Precipitato,"Spettro HNMR non molto buono, troppi picchi dovuti alle impurezze",NOn molto buono,,,,Organometallica,Organometallica; Rutenio/Rodio/Iridio,,"Spettro HNMR non molto buono, troppi picchi dovuti alle impurezze",Organometallica,,,,,,,,,,,,,,1
365,KTp,Organometallica,KTp,Ru,[Ru(p-cymene)Cl2]2,"Org10,3",MeOH,,T.A.,3,20.0,"24/03/26 10,30",2026-03-24,336.26,612.39,0.1,0.05,33.626,30.6195,2.0,"Nessun precipitato, ma soluzione di un rosso intenso, faccio dimezzare il volume all'aria. Una volta dimezzato il volume ho aggiunto etere dietilico e messo in frigo, dopo 24h è venuto giu un precipitato finissimo bianco(forse KCl), che caratterizzato all'IR non risultava essere nulla. Le acque del filtrato le faccio evaporare per dimezzarne il volume",Precipitato,Nulla,,,,,Organometallica,Organometallica; Rutenio/Rodio/Iridio,,Nulla,Organometallica,,,,,,,,,,,,,,1
366,HB(BPzPh)3Tl,Organometallica - pirazoli,HB(BPzPh)3Tl,Rh,[Rh(C5Me5)Cl2]2,Org11,CH2Cl2,,T.A.,3,20.0,,,566.58,618.08,0.1,0.1,56.658,61.808,1.0,"Solubilizzato il dimero del metallo in 5 ml di diclorometano, in un'altra vial ho lasciato in sospensione il legante in altri 5 ml di diclorometano e poi aggiunto goccia a goccia nella soluzione del metallo. Dopo 3 ore ho notato un intorbidimento della reazione(formazione del cloruro di tallio); filtrato e sciacquato con 5 ml di diclorometano e lasciato dimezzare il volume delle acque madri all'ariauna va evaporato tutto il solvente sembrano essere precipitate due specie. Riprovo acristazzare una piccola aliquota con cloroformio e n-esano.",Precipitato,,,,,,Organometallica,Organometallica; Rutenio/Rodio/Iridio,,,Organometallica,,,,,,,,,,,,,,1
367,HB(BPzPh)3Tl,Organometallica - pirazoli,HB(BPzPh)3Tl,,C20H30Cl4Ir2,Org12,CH2Cl2,,T.A.,3,20.0,,,566.58,796.67,0.1,0.1,56.658,79.667,1.0,"Solubilizzato il dimero del metallo in 5 ml di diclorometano, in un'altra vial ho lasciato in sospensione il legante in altri 5 ml di diclorometano e poi aggiunto goccia a goccia nella soluzione del metallo. Dopo 3 ore ho notato un intorbidimento della reazione(formazione del cloruro di tallio); filtrato e sciacquato con 5 ml di diclorometano e lasciato dimezzare il volume delle acque madri all'aria. Una volta evaporato completamente il solvente ho mandato un HNMR.",Da valutare,"HNMR molto confuso, con molti picchi, probabile reazione non completa o rapporto sbagliato",,,,,Organometallica,Organometallica; Rutenio/Rodio/Iridio,,"HNMR molto confuso, con molti picchi, probabile reazione non completa o rapporto sbagliato",Organometallica,,,,,,,,,,,,,,1
368,HB(BPzPh)3Tl,Organometallica - pirazoli,HB(BPzPh)3Tl,Rh,[Rh(C5Me5)Cl2]2,"Org11,2",CH2Cl2,,T.A.,6,20.0,"26/05/2026 10,30",2026-05-26,566.58,618.08,0.05,0.1,28.329,61.808,0.5,"Solubilizzato il dimero del metallo in 4 ml di diclorometano, in un'altra vial ho lasciato in sospensione il legante in altri 4 ml di diclorometano e poi aggiunto goccia a goccia nella soluzione del metallo. Dopo 3 ore ho notato un intorbidimento della reazione(formazione del cloruro di tallio); filtrato e sciacquato con 5 ml di diclorometano e lasciato dimezzare il volume delle acque madri all'aria una va evaporato tutto il solvente sembrano essere precipitate due specie. Aggiunto qualche goccia di dietil etere e messo in frigo una notte; formazione di ulteriore precipitato.",Precipitato,"Ho filtrato il precipitato e sciacquato con etere dietilico, il precipitato mando HNMR, mentre le acque madri le trattengo in frigo Il precipitato rimasto nel filtro l'ho caratterizzato, ma probabilmente era uno starting material Mentre le acque madri messe in frigo hanno precipitato",,,,,Organometallica,Organometallica; Rutenio/Rodio/Iridio,,"Ho filtrato il precipitato e sciacquato con etere dietilico, il precipitato mando HNMR, mentre le acque madri le trattengo in frigo Il precipitato rimasto nel filtro l'ho caratterizzato, ma probabilmente era uno starting material Mentre le acque madri messe in frigo hanno precipitato",Organometallica,,,,,,,,,,,,,,1
369,Et4BPz,Organometallica - pirazoli,Et4BPz,Ru,[Ru(p-cymene)Cl2]2,Ru0,MeOH,,T.A.,4,20.0,"08/01/26 11,30",2026-01-08,246.35,612.39,0.1,0.1,24.635,61.239,1.0,"Solubilizzato il dimero del metallo in 10 ml di MeOH, una volta solulbilizzato ho aggiunto il legante e lasciato in stirring per 16 ore.",Cristalli osservati,Dai picchi dell'HNMR risulta esserci la formazione di un complesso rapporto 1:1; da verificare meglio,,,,,RutenioRodioIridio,Organometallica; Rutenio/Rodio/Iridio,,Dai picchi dell'HNMR risulta esserci la formazione di un complesso rapporto 1:1; da verificare meglio,Organometallica,,,,,,,,,,,,,,2
370,Me4BPz,Organometallica - pirazoli,Me4BPz,Ru,[Ru(p-cymene)Cl2]2,Ru1,MeOH,,T.A.,4,20.0,"09/01/26 10,30",2026-01-09,190.24,612.39,0.16,0.16,30.4384,97.9824,1.0,"Dopo 4 ore ancora nessuna cristallizzazione, quindi scaldato a 50 gradi per far evaporare un po di solvente e poi messo in frido appena raffreddato.",Cristalli osservati,HNMR come da articolo,,,,,RutenioRodioIridio,Organometallica; Rutenio/Rodio/Iridio,,HNMR come da articolo,Organometallica,,,,,,,,,,,,,,2
371,H2BPZNH2,Organometallica - pirazoli,H2BPZNH2,Ru,[Ru(p-cymene)Cl2]2,Ru2,MeOH,,T.A.,4,20.0,"16/01/26 11,00",2026-01-16,149.153,612.39,0.1,0.1,29.83,61.239,1.0,"Dopo 4 ore ancora nessuna cristallizzazione, evaporato un po di solvente e poi messo in frido appena raffreddato. Aggiunto eteredietilico, perchè non vi era avvenuta cristallizzazione.",Cristalli osservati,"Dall'HNMR risulta esserci la formazione del complesso, perchè non si vedono più gli NH del bipirazolo, ma provare una sintesi con rapporto legante-metallo 2:1",,,,,RutenioRodioIridio,Organometallica; Rutenio/Rodio/Iridio,,"Dall'HNMR risulta esserci la formazione del complesso, perchè non si vedono più gli NH del bipirazolo, ma provare una sintesi con rapporto legante-metallo 2:1",Organometallica,,,,,,,,,,,,,,2
372,"3,5-diamino-4,4’-bipyrazole",Organometallica - pirazoli,"3,5-diamino-4,4’-bipyrazole",Ru,[Ru(p-cymene)Cl2]2,Ru3,MeOH,,T.A.,4,20.0,,,164.168,612.39,0.16,0.16,32.833,97.9824,1.0,"Ho pesato il dimero e sciolto in 10 ml di MeOH; una volta sulubilizzato ho aggiunto il legante e lasciato sotto agitazione per 4 ore. Una volta fatto evaporare completamente il solvente ho notato un precipitato rosso bruno, filtrato con dietil etere e mandato un HNMR comr Ru3. Il precipitato rimasto nella vial l'ho lavato con acetone d ulteriormente filtrato, ora mando anche questo all'HNMR come Ru3.lavato con acetone.",Precipitato,,,,,,RutenioRodioIridio,Organometallica; Rutenio/Rodio/Iridio,,,Organometallica,,,,,,,,,,,,,,1
373,Me4BPz,Organometallica - pirazoli,Me4BPz,Ru,[Ru(p-cymene)Cl2]2,"Ru1,2",MeOH,,T.A.,4,,"04/02/2026 10,30",2026-02-04,190.24,612.39,0.3,0.3,57.072,183.717,1.0,"Dopo 4 ore ancora nessuna cristallizzazione, quindi scaldato a 50 gradi per far evaporare un po di solvente e poi messo in frido appena raffreddato.",Cristalli osservati,"Una volta dimezzato il volume del solvente è iniziato a cristallizzare Filtrato e sciacquato con un pò di metanolo Da HNMR identico a Ru1 e quindi all'articolo Campione | Linker | Ione metallico | Solvente | Temperatura °C | Procedimento | Tempo ore | Vials ml | Data inizio reazione | IR | XRD | TGA | BET RuFe1 | FErrocenylPz | [Ru(p-cymene)Cl2]2 | Et3N | MeOH | R.T. | Dopo 4 ore ho aumentato la temperatura della pipastra fino a 100°C, per cercare di ridurre il volume della soluzione, Ridotto notevolmente il solvente di reazione a temperatura ambiente. Ho filtrato le restanti acque madri rimaste(circa 5 ml) e lavato con poco MeOH. Una volta dimezzate le acque madri ho aggiunto qualche ml di dietil etere, ma non ho notato differenze, quindi ho rifatto evaporare il solvente. | 5.0 | 20 ml MM | 250.0 | 612.39 | Stirring Millimoli | 0.1 | 0.05 | 0.1 | 15 ml Milligrammi | 25 | 30.6195 | 30 microL sciolto in una miscela di esano/MeOH(9,5:0,5) in modo tale da rimuovere le impurezze e separare i cristalli formatosi dopo completa evaporazione del solvente. Da HNMR sembra essersi formato un complesso",,,,,RutenioRodioIridio,Organometallica; Rutenio/Rodio/Iridio,,"Una volta dimezzato il volume del solvente è iniziato a cristallizzare Filtrato e sciacquato con un pò di metanolo Da HNMR identico a Ru1 e quindi all'articolo Campione | Linker | Ione metallico | Solvente | Temperatura °C | Procedimento | Tempo ore | Vials ml | Data inizio reazione | IR | XRD | TGA | BET RuFe1 | FErrocenylPz | [Ru(p-cymene)Cl2]2 | Et3N | MeOH | R.T. | Dopo 4 ore ho aumentato la temperatura della pipastra fino a 100°C, per cercare di ridurre il volume della soluzione, Ridotto notevolmente il solvente di reazione a temperatura ambiente. Ho filtrato le restanti acque madri rimaste(circa 5 ml) e lavato con poco MeOH. Una volta dimezzate le acque madri ho aggiunto qualche ml di dietil etere, ma non ho notato differenze, quindi ho rifatto evaporare il solvente. | 5.0 | 20 ml MM | 250.0 | 612.39 | Stirring Millimoli | 0.1 | 0.05 | 0.1 | 15 ml Milligrammi | 25 | 30.6195 | 30 microL sciolto in una miscela di esano/MeOH(9,5:0,5) in modo tale da rimuovere le impurezze e separare i cristalli formatosi dopo completa evaporazione del solvente. Da HNMR sembra essersi formato un complesso",Organometallica,,,,,,,,,,,,,,2
374,FErrocenylPz,Organometallica,FErrocenylPz,,PdCl2 · (CH3CN)2,PdFe1,MeOH,,T.A.,4,20.0,"06/03/26 10,30",2026-03-06,250.0,259.43,0.2,0.1,50.0,25.943,2.0,"Ho sciolto il palladio in 10 ml di metanolo in un pallone a due colli dove insufflavo argono. Dopo 15 minuti ho aggiunto il legante e lasciato insufflare argon per altri 10 minuti, poi cessato il flusso di argon ho messo il tappo. Subito dopo l'aggiunta del legante ho notato cambio di colore con intorbidimento della soluzione. Ho filtrato il precipitato e le acque madri le ho messe in una vial per far evaporare lentamente il solvente. Ilprecipitato era il legante, visto all'IR",Cristalli osservati,"Una volta dimezzato il volume della soluzione all'aria ha iniziato a precipitare a forma di aghetti, messo in frigo. In frigo ha iniziato a precipitare anche un altra specie.Dentro il frigo ho notato formazione di cristalli a forma di aghetti, lavato con dietil etere. Agli aghetti ho eseguito l'HNMR. Campione | Linker | Ione metallico | Solvente | Temperatura °C | Procedimento | Tempo ore | Vials ml | Data inizio reazione | IR | XRD | TGA | BET RhFe1 | FErrocenylPz | [Rh(C5Me5)Cl2]2 | But3N | MeOH | 60.0 | Pesato il sale di rodio, messo in un pallone da 50 ml e sciolto con 20 ml di MeOh; nel contempo su una vial ho pesato il pirazoloferrocenyl e solubilizzato con 10 ml di MeOH. Una volta sciolto il sale metallico ho aggiunto lentamente il ferrocene alla soluzione nel pallone. Dopo 30 minuti ho aggiunto tributilammina ed appena iniziato ad aggiungere la soluzione ha iniziato ad intorbidirsi. Lasciato a riflusso per 4 ore. Al temrine delle 4 ore la soluzione è diventata rosso intenso/scuro; lascio raffreddare a temperatura ambiente ed evaporare il metanolo per ridurre il volume della solulzione. Una volta evaporato tutto il solvente ho aggiunto 20 ml di Et2O e filtrato, ora caratterizzo il precipitato ed aspetto che le acque madri evaporino o si riducano. | 4.0 | 50 ml | FATTO AL PRECIPITATO MM | 250.0 | 618.08 | intense Stirring | sembra identico al'IR del legante Millimoli | 0.22 | 0.1 | 30 ml Milligrammi | 55 | 61.808 | 20 microL",,,,,RutenioRodioIridio,Organometallica; Rutenio/Rodio/Iridio,,"Una volta dimezzato il volume della soluzione all'aria ha iniziato a precipitare a forma di aghetti, messo in frigo. In frigo ha iniziato a precipitare anche un altra specie.Dentro il frigo ho notato formazione di cristalli a forma di aghetti, lavato con dietil etere. Agli aghetti ho eseguito l'HNMR. Campione | Linker | Ione metallico | Solvente | Temperatura °C | Procedimento | Tempo ore | Vials ml | Data inizio reazione | IR | XRD | TGA | BET RhFe1 | FErrocenylPz | [Rh(C5Me5)Cl2]2 | But3N | MeOH | 60.0 | Pesato il sale di rodio, messo in un pallone da 50 ml e sciolto con 20 ml di MeOh; nel contempo su una vial ho pesato il pirazoloferrocenyl e solubilizzato con 10 ml di MeOH. Una volta sciolto il sale metallico ho aggiunto lentamente il ferrocene alla soluzione nel pallone. Dopo 30 minuti ho aggiunto tributilammina ed appena iniziato ad aggiungere la soluzione ha iniziato ad intorbidirsi. Lasciato a riflusso per 4 ore. Al temrine delle 4 ore la soluzione è diventata rosso intenso/scuro; lascio raffreddare a temperatura ambiente ed evaporare il metanolo per ridurre il volume della solulzione. Una volta evaporato tutto il solvente ho aggiunto 20 ml di Et2O e filtrato, ora caratterizzo il precipitato ed aspetto che le acque madri evaporino o si riducano. | 4.0 | 50 ml | FATTO AL PRECIPITATO MM | 250.0 | 618.08 | intense Stirring | sembra identico al'IR del legante Millimoli | 0.22 | 0.1 | 30 ml Milligrammi | 55 | 61.808 | 20 microL",Organometallica,,,,,,,,,,,,,,2
375,Me4BPz,Organometallica - pirazoli,Me4BPz,Ru,[Ru(p-cymene)Cl2]2,"Ru1,3",MeOH,,T.A.,over night,,"25/02/26 16,30",2026-02-25,190.24,612.39,0.4,0.4,76.096,244.956,1.0,"Sciolto il sale di rutenio in metanolo 20 ml, una volta completamente sciolto ho aggiunto il legante. Lasciato reagire tutta la notte e poi lasciato evaporare il solvente in aria. Mandato HNMR del composto cristallizzato dopo completa evaporazione del solvente.",Cristalli osservati,"HNMR conferma l'avvenuta formazione del complesso(come da articolo) Campione | Linker | Ione metallico | Solvente | Temperatura °C | Procedimento | Tempo ore | Vials ml | Data inizio reazione | IR | XRD | TGA | BET IrFe1 | FErrocenylPz | [Ir(C₅Me₅)Cl₂]₂ | Et3N | CH2CL2 | RT | Sciogli il dimero [Ir(C₅Me₅)Cl₂]₂ in CH₂Cl₂ anidro sotto N₂ in un pallone secco. In una vial separata sciogli il ligante ferrocenil‑pirazolo in CH₂Cl₂ con una piccola quantità di trietilammina. Aggiungi lentamente questa soluzione al pallone con l'iridio mantenendo agitazione e atmosfera inerte. Lascia quindi agitare la miscela a temperatura ambiente per alcune ore prima di analizzarla all’NMR per verificare la formazione del complesso. Una volta trascorso il tempo di reazioe lascio evaporare il solvente in aria, la soluzione è rimasta limpida senza precipitato. | 4.0 | 25 ml | 05/03-2026 10,30 MM | 250.0 | 796.7 | intense Stirring Millimoli | 0.2 | 0.05 | 15 ml Milligrammi | 50 | 39.835 | 20 microL provare rapporto 1:1 | Una volta evaporato completamente il solvente si sono formati dei piccoli cristalli, procedo con la caratterizzazione per vedere se si sia formato un complesso Segnale HNMR non chiaro, troppi picchi non si evice la presenza di complesso",,,,,RutenioRodioIridio,Organometallica; Rutenio/Rodio/Iridio,,"HNMR conferma l'avvenuta formazione del complesso(come da articolo) Campione | Linker | Ione metallico | Solvente | Temperatura °C | Procedimento | Tempo ore | Vials ml | Data inizio reazione | IR | XRD | TGA | BET IrFe1 | FErrocenylPz | [Ir(C₅Me₅)Cl₂]₂ | Et3N | CH2CL2 | RT | Sciogli il dimero [Ir(C₅Me₅)Cl₂]₂ in CH₂Cl₂ anidro sotto N₂ in un pallone secco. In una vial separata sciogli il ligante ferrocenil‑pirazolo in CH₂Cl₂ con una piccola quantità di trietilammina. Aggiungi lentamente questa soluzione al pallone con l'iridio mantenendo agitazione e atmosfera inerte. Lascia quindi agitare la miscela a temperatura ambiente per alcune ore prima di analizzarla all’NMR per verificare la formazione del complesso. Una volta trascorso il tempo di reazioe lascio evaporare il solvente in aria, la soluzione è rimasta limpida senza precipitato. | 4.0 | 25 ml | 05/03-2026 10,30 MM | 250.0 | 796.7 | intense Stirring Millimoli | 0.2 | 0.05 | 15 ml Milligrammi | 50 | 39.835 | 20 microL provare rapporto 1:1 | Una volta evaporato completamente il solvente si sono formati dei piccoli cristalli, procedo con la caratterizzazione per vedere se si sia formato un complesso Segnale HNMR non chiaro, troppi picchi non si evice la presenza di complesso",Organometallica,,,,,,,,,,,,,,2
376,Me4BPz,Organometallica - pirazoli,Me4BPz,Ir,[Ir(C₅Me₅)Cl₂]₂,Ru4,MeOH,,T.A.,4,20.0,,,190.24,796.7,0.1,0.1,19.024,79.67,1.0,"Sciogli il dimero [Ir(C₅Me₅)Cl₂]₂ in MeOH anidro sotto N₂ in un pallone secco. In una vial separata sciogli il ligante bipirazolico in MeOH . Aggiungi lentamente questa soluzione al pallone con l'Iridio mantenendo agitazione e atmosfera inerte. Lascia quindi agitare la miscela a temperatura ambiente per alcune ore prima di analizzarla all’NMR per verificare la formazione del complesso. Ho notato un cambio di colore della soluzione, èè passata da rossastra(colore dell'iridio) a gialla, completamente limpida. Lascio evaporare il solvente.",Cristalli osservati,"Una volta ridotto notevolemtne il solvente nella vial ho aggiunetere dietilico, ho notato intorbidimento della soluzione, ho messo in frigo per far riposare il precipitato. Una volta rimosso dal frigo, ho filtraco con filtro di carta, sono rimasti dei cristalli sul fondo della vial, dalla telecamera sembrano buoni, mando l'HNMR. | ottenuto cristallo SPEDITO Da analisi HNMR risulta essersi formato un complesso rapp 1:1",,,,,RutenioRodioIridio,Organometallica; Rutenio/Rodio/Iridio,,"Una volta ridotto notevolemtne il solvente nella vial ho aggiunetere dietilico, ho notato intorbidimento della soluzione, ho messo in frigo per far riposare il precipitato. Una volta rimosso dal frigo, ho filtraco con filtro di carta, sono rimasti dei cristalli sul fondo della vial, dalla telecamera sembrano buoni, mando l'HNMR. | ottenuto cristallo SPEDITO Da analisi HNMR risulta essersi formato un complesso rapp 1:1",Organometallica,,,,,,,,,,,,,,2
377,Me4BPz,Organometallica - pirazoli,Me4BPz,Rh,[Rh(C5Me5)Cl2]2,Ru5,MeOH,,T.A.,4,20.0,"06/03/26 10,30",2026-03-06,190.24,618.08,0.1,0.1,19.024,61.808,1.0,"Sciogli il dimero [Rh(C5Me5)Cl2]2 in MeOH anidro sotto N₂ in un pallone secco. In una vial separata sciogli il ligante bipirazolico in MeOH . Aggiungi lentamente questa soluzione al pallone con il rodio mantenendo agitazione e atmosfera inerte. Lascia quindi agitare la miscela a temperatura ambiente per alcune ore prima di analizzarla all’NMR per verificare la formazione del complesso. Ho notato un cambio di colore della soluzione, èè passata da rossastra(colore dell'iridio) a gialla, completamente limpida. Lascio evaporare il solvente.",Cristalli osservati,"Nessun precipitato formatoso, la soluzione ha leggermente cambiato colore, faccio evaporare un po di solvente all'aria. Una volta ridotto notevolemtne il solvente nella vial ho aggiunetere dietilico, ho notato intorbidimento della soluzione, ho messo in frigo per far riposare il precipitato. Dopo averlo tolto da frigo non c'era nessun tipo di precitato, ma ho filtrato comunque, perche qualcosa si era sciolto in dietil etere, perchè la soluzione era diventata giallina; una volta filtrato nella vial è rimasto incollato sul fondo uno strato rosso, ho fatto evaporare all'aria e ho riscontroato la formazione di un precipitato sembrerebbe cristallino.Caratterizzo con HNMR | ottenuto cristallo SPEDITO Da analisi HNMR risulta essersi formato un complesso rapp 1:1 Campione | Linker | Ione metallico | Solvente | Temperatura °C | Procedimento | Tempo ore | Vials ml | Data inizio reazione | IR | XRD | TGA | BET IrFe2 | FErrocenylPz | [Ir(C₅Me₅)Cl₂]₂ | Et3N | CH2CL2 | RT | Sciogli il dimero [Ir(C₅Me₅)Cl₂]₂ in CH₂Cl₂ anidro sotto N₂ in un pallone secco. In una vial separata sciogli il ligante ferrocenil‑pirazolo in CH₂Cl₂ con una piccola quantità di trietilammina. Aggiungi lentamente questa soluzione al pallone con l'iridio mantenendo agitazione e atmosfera inerte. Lascia quindi agitare la miscela a temperatura ambiente per alcune ore prima di analizzarla all’NMR per verificare la formazione del complesso. Una volta trascorso il tempo di reazioe lascio evaporare il solvente in aria, la soluzione è rimasta limpida senza precipitato. Rimossa dallo stirring e lascio in aria per far ridurre leggermente il volume della soluzione. | overnight | 20 ml | 09/03/26 18,30 MM | 250.0 | 796.7 | intense Stirring Millimoli | 0.1 | 0.1 | 10 ml Milligrammi | 25 | 79.67 | 15 microL Una volta rimossa dal frigo ho filtrato il precipitato, faccio asciugare e mando HNMR, le acque madri le tengo. Nulla da IR solo presenza del legante",,,,,RutenioRodioIridio,Organometallica; Rutenio/Rodio/Iridio,,"Nessun precipitato formatoso, la soluzione ha leggermente cambiato colore, faccio evaporare un po di solvente all'aria. Una volta ridotto notevolemtne il solvente nella vial ho aggiunetere dietilico, ho notato intorbidimento della soluzione, ho messo in frigo per far riposare il precipitato. Dopo averlo tolto da frigo non c'era nessun tipo di precitato, ma ho filtrato comunque, perche qualcosa si era sciolto in dietil etere, perchè la soluzione era diventata giallina; una volta filtrato nella vial è rimasto incollato sul fondo uno strato rosso, ho fatto evaporare all'aria e ho riscontroato la formazione di un precipitato sembrerebbe cristallino.Caratterizzo con HNMR | ottenuto cristallo SPEDITO Da analisi HNMR risulta essersi formato un complesso rapp 1:1 Campione | Linker | Ione metallico | Solvente | Temperatura °C | Procedimento | Tempo ore | Vials ml | Data inizio reazione | IR | XRD | TGA | BET IrFe2 | FErrocenylPz | [Ir(C₅Me₅)Cl₂]₂ | Et3N | CH2CL2 | RT | Sciogli il dimero [Ir(C₅Me₅)Cl₂]₂ in CH₂Cl₂ anidro sotto N₂ in un pallone secco. In una vial separata sciogli il ligante ferrocenil‑pirazolo in CH₂Cl₂ con una piccola quantità di trietilammina. Aggiungi lentamente questa soluzione al pallone con l'iridio mantenendo agitazione e atmosfera inerte. Lascia quindi agitare la miscela a temperatura ambiente per alcune ore prima di analizzarla all’NMR per verificare la formazione del complesso. Una volta trascorso il tempo di reazioe lascio evaporare il solvente in aria, la soluzione è rimasta limpida senza precipitato. Rimossa dallo stirring e lascio in aria per far ridurre leggermente il volume della soluzione. | overnight | 20 ml | 09/03/26 18,30 MM | 250.0 | 796.7 | intense Stirring Millimoli | 0.1 | 0.1 | 10 ml Milligrammi | 25 | 79.67 | 15 microL Una volta rimossa dal frigo ho filtrato il precipitato, faccio asciugare e mando HNMR, le acque madri le tengo. Nulla da IR solo presenza del legante",Organometallica,,,,,,,,,,,,,,2
378,FErrocenylPz,Organometallica,FErrocenylPz,,PdCl2 · (CH3CN)2,PdFe2,MeOH,,T.A.,4,20.0,"24/03/26 10,30",2026-03-24,250.0,259.43,0.4,0.2,100.0,51.886,2.0,"Filtrato il precipitato(eccesso di legante), la soluzione raccolta in una beuta e fatta evaporare all'aria.",Precipitato,PROVARE RAPPORTO 1:1,Pessimo picchi non distinguibili,,,,RutenioRodioIridio,Organometallica; Rutenio/Rodio/Iridio,,PROVARE RAPPORTO 1:1,Organometallica,,,,,,,,,,,,,,1
379,"1,4-Di(1H-pyrazol-4-yl)benzene",Organometallica - pirazoli,"1,4-Di(1H-pyrazol-4-yl)benzene",Ru,[Ru(p-cymene)Cl2]2,Ru6,MeOH,,T.A.,24,20.0,"01/04/2026 11,00",2026-04-01,210.23,612.39,0.2,0.1,42.046,61.239,2.0,"To a methanolic (5 mL) solution of pyrazole based ligand , was added a methanolic (5 mL) solution of [RuCl2(η6-p-cymene)]2 , and the reaction mixture was allowed to stir for 4 h at room temperature. Dopo 24 ore ho filtrato l'eccesso di reagenti e lasciato poi dimezzare il volume della soluzione all'aria lentamente. Portato a secco e mandato l'HNMR",Cristalli osservati,"Da spettro HNMR sembrerebbe formato un complesso, mando ESI-MS. Dalla massa sembrerebbe essersi formato un complesso provo a cristallizzare in CDCl3/Esano e MeOH/esano",,,,,RutenioRodioIridio,Organometallica; Rutenio/Rodio/Iridio,,"Da spettro HNMR sembrerebbe formato un complesso, mando ESI-MS. Dalla massa sembrerebbe essersi formato un complesso provo a cristallizzare in CDCl3/Esano e MeOH/esano",Organometallica,,,,,,,,,,,,,,2
380,(NO2)2BPz,Organometallica - pirazoli,(NO2)2BPz,Ru,[Ru(p-cymene)Cl2]2,Ru7,MeOH,,T.A.,24,20.0,"06/05/2026 10,00",2026-05-06,224.02,612.39,0.1,0.05,22.402,30.6195,2.0,"filtrato e lavato con metanolo, dopo aver dimezzato il volume della soluzione.Precipitato di colore nero, ma sembra cristallino",,,"non buono, picchi poco sharpe",,,,RutenioRodioIridio,Organometallica; Rutenio/Rodio/Iridio,,,Organometallica,,,,,,,,,,,,,,2
381,NO2BPz,Organometallica - pirazoli,NO2BPz,Ru,[Ru(p-cymene)Cl2]2,Ru8,MeOH,,T.A.,24,20.0,"06/05/2026 10,00",2026-05-06,179.04,612.39,0.1,0.05,17.904,30.6195,2.0,"filtrato per rimuovere l'eccesso di reagenti noon reagito, lasciato ridurre il volume. Lavato con etere dietilico e filtrato(precipitato verdino).Ir del primo precipitato è pessimo. Le acque madri le ho tenute.",N.D.,"Le acque madri fatte evaporare all'aria, il residuo analizzato all'HNMR: HNMR più pulito del Ru9, sembrerebbe anche qui formatosi un complesso buinucleare Ru2L. Faccio ESI-MS | ESI-MS","non male, procedo con HNMR",,,,RutenioRodioIridio,Organometallica; Rutenio/Rodio/Iridio,,"Le acque madri fatte evaporare all'aria, il residuo analizzato all'HNMR: HNMR più pulito del Ru9, sembrerebbe anche qui formatosi un complesso buinucleare Ru2L. Faccio ESI-MS | ESI-MS",Organometallica,,,,,,,,,,,,,,1
382,FErrocenylPz,Organometallica,FErrocenylPz,,PdCl2 · (CH3CN)2,PdFe3,MeOH,,T.A.,6,20.0,"26/05/2026 10,30",2026-05-26,250.0,259.43,0.1,0.1,25.0,25.943,1.0,"Ho pesato il dimero e sciolto in 10 ml di MeOH; una volta sulubilizzato ho aggiunto il legante e lasciato sotto agitazione per 6ORE. Ho lasciato dimezzare il volume all'aria, poi aggiunto qualche goccia di dietiletere e messo in frigo. Il precipitato ottenuto l'ho filtrato.",Cristalli osservati,"HNMR probabile formazione del complesso, ma con PdCl2 · (CH3CN)2 non reagito completamente. Rap 1:1; HNMR identico al PdFe1 | messo a cristallizzare in CDCl3/esano",come PdFE1,,,,RutenioRodioIridio,Organometallica; Rutenio/Rodio/Iridio,,"HNMR probabile formazione del complesso, ma con PdCl2 · (CH3CN)2 non reagito completamente. Rap 1:1; HNMR identico al PdFe1 | messo a cristallizzare in CDCl3/esano",Organometallica,,,,,,,,,,,,,,2
383,"3,3'-diamino-4,4’-bipyrazole",Organometallica - pirazoli,"3,3'-diamino-4,4’-bipyrazole",Ru,[Ru(p-cymene)Cl2]2,Ru9,MeOH,,T.A.,24,20.0,"26/05/2026 10,30",2026-05-26,164.168,612.39,0.1,0.1,16.4168,61.239,1.0,Ho pesato il dimero e sciolto in 10 ml di MeOH; una volta sulubilizzato ho aggiunto il legante e lasciato sotto agitazione per 24 ORE.Fatto evaporare all'aria per ridurre il volume,Da valutare,"HNMR Fatto, molti picchi, probabilmente sporco; miscela di componenti, ma probabile formazione di un complesso binucleare con il legante bipirazolico a ponte tra due centri di rutenio. Mando un ESI-MS per verificare almeno la fuoriuscita del complesso, poi ottimizzerò la sintesi | ESI-MS",fatto,,,,RutenioRodioIridio,Organometallica; Rutenio/Rodio/Iridio,,"HNMR Fatto, molti picchi, probabilmente sporco; miscela di componenti, ma probabile formazione di un complesso binucleare con il legante bipirazolico a ponte tra due centri di rutenio. Mando un ESI-MS per verificare almeno la fuoriuscita del complesso, poi ottimizzerò la sintesi | ESI-MS",Organometallica,,,,,,,,,,,,,,1
384,"1,4-Di(1H-pyrazol-4-yl)benzene BDP",Organometallica - pirazoli,"1,4-Di(1H-pyrazol-4-yl)benzene BDP",Ir,[Ir(C₅Me₅)Cl₂]₂,Ru10,MeOH,,T.A.,24,20.0,"04/06/2026 17,30",2026-06-04,210.23,796.7,0.05,0.1,10.5115,79.67,0.5,"Ho sciolto il sale metallico in 10 ml di MeOH, una volta solubilizzato ho aggiunto il linker e lasciato in stirring.",Precipitato,Filtrato l'eccesso di reagenti e lasciato le acque madri evaporare all'aria. Mando HNMR Da HNMR sempra esser venuto un Complesso 1:1 metallo-legante,IR fatto al precipitato una volta andate a secco le acque madri. IR buono,,,,RutenioRodioIridio,Organometallica; Rutenio/Rodio/Iridio,,Filtrato l'eccesso di reagenti e lasciato le acque madri evaporare all'aria. Mando HNMR Da HNMR sempra esser venuto un Complesso 1:1 metallo-legante,Organometallica,,,,,,,,,,,,,,1
385,"1,4-Di(1H-pyrazol-4-yl)benzene BDP",Organometallica - pirazoli,"1,4-Di(1H-pyrazol-4-yl)benzene BDP",Rh,[Rh(C5Me5)Cl2]2,Ru11,MeOH,,T.A.,24,20.0,"04/06/2026 17,30",2026-06-04,210.23,618.08,0.05,0.1,10.5115,61.808,0.5,"Ho sciolto il sale metallico in 10 ml di MeOH, una volta solubilizzato ho aggiunto il linker e lasciato in stirring.",Da valutare,Filtrato l'eccesso di reagenti e lasciato le acque madri evaporare all'aria,,,,,RutenioRodioIridio,Organometallica; Rutenio/Rodio/Iridio,,Filtrato l'eccesso di reagenti e lasciato le acque madri evaporare all'aria,Organometallica,,,,,,,,,,,,,,1
386,Ru1,Organometallica,Ru1,Ru,CAgF3SO3,Scambio Anionico,MeCN,,T.A.,3,20.0,"02/02/26 12,00",2026-02-02,,,0.06,0.12,55.0,31.0,0.5,lasciato aperto a temperatura ambiente per cercare di ridurre il volume di solvente e favorire una cristallizzazione,Cristalli osservati,"Aggiunto etere dietilico, ma ancora nessun precipitato. lascio evaporare il solvente lentamente",,,,,Cage supramolecolare,Organometallica; Rutenio/Rodio/Iridio,,"Aggiunto etere dietilico, ma ancora nessun precipitato. lascio evaporare il solvente lentamente",Organometallica,,,,,,,,,,,,,,2
387,"Ru1 scambio anionico FW=868,73",Organometallica - scambio anionico,"Ru1 scambio anionico FW=868,73",Ru,"4,4'-bipiridina",Cage con Bipiridina,MeCN,,T.A.,,,,,,,0.04,0.04,34.74,7.0,1.0,"Dopo 5h la soluzione ha cambiato colore, ora faccio evaporare un pò di solvente per vedere se verrà giu qualcosa. Una volta dimezzato il volume ho aggiunto 5 ml di dietil etere e poi posto a scaldare su piastra per circa 15 minuti, ho nontato un precipitato nerastro, fatto raffreddare e posto in frigo per vedere se continuerà a venire giu.",Cristalli osservati,"Filtrato il precipitato, grigiastro, troppa poca quantità per poterlo caratterizzare, le acque filtrate le ho lasciate evaporare all'aria. Una volta evaporato il solvente si sono formati dei cristalli.",,,,,Cage supramolecolare,Organometallica; Rutenio/Rodio/Iridio,,"Filtrato il precipitato, grigiastro, troppa poca quantità per poterlo caratterizzare, le acque filtrate le ho lasciate evaporare all'aria. Una volta evaporato il solvente si sono formati dei cristalli.",Organometallica,,,,,,,,,,,,,,2
388,"Ru1,2",Organometallica,"Ru1,2",Ru,CAgF3SO3,Scambio Anionico,CH2Cl2,,T.A.,3,20.0,"17/02/2026 10,30",2026-02-17,,,0.04,0.08,32.0,20.5,0.5,"Precipitato bianco formatosi alla fine delle 4 ore, filtrato e lasciato ridurre di volume all'aria.",Cristalli osservati,"Dovrebbe precipitare AgCl | il precipitato(giallastro ho fatto HNMR e mandata l'ESI-MS, per verificare se effettivamente è avvenuto lo scambio anionico Sono venuti giù dei cristalli una volta ridotto il volume di solvente.",,,,,Cage supramolecolare,Organometallica; Rutenio/Rodio/Iridio,,"Dovrebbe precipitare AgCl | il precipitato(giallastro ho fatto HNMR e mandata l'ESI-MS, per verificare se effettivamente è avvenuto lo scambio anionico Sono venuti giù dei cristalli una volta ridotto il volume di solvente.",Organometallica,,,,,,,,,,,,,,2
389,"Ru1,3 802,63",Organometallica,"Ru1,3 802,63",Ru,CAgF3SO3,Scambio Anionico,CH2Cl2,,T.A.,5,20.0,"03/03/26 10,00",2026-03-03,,,0.05,0.2,43.0,51.0,0.25,"Precipitato bianco formatosi alla fine delle 4 ore, filtrato e lasciato ridurre di volume all'aria.",Precipitato,"Fatto evaporare complletamente il solvente, ora caratterizzo, sembra esserci un precipitato giallo/rossastro. Dall'HNMR risulta essere avvenuto il completo scambio anionico",,,,,Cage supramolecolare,Organometallica; Rutenio/Rodio/Iridio,,"Fatto evaporare complletamente il solvente, ora caratterizzo, sembra esserci un precipitato giallo/rossastro. Dall'HNMR risulta essere avvenuto il completo scambio anionico",Organometallica,,,,,,,,,,,,,,1
390,"Ru1,3 scambio anionico FW=868,73",Organometallica - scambio anionico,"Ru1,3 scambio anionico FW=868,73",Ru,"4,4'-bipiridina",Cage con Bipiridina,MeCN,,T.A.,5,20.0,"10/03/26 12,00",2026-03-10,,,0.02,0.02,18.0,3.5,1.0,"Ho solubilizzato il complesso in 10 ml di MeCN, in un'altra vial ho solubilizzato la bipiridina in altri 10 ml di MeCN, poi ho aggiunto goccia a goccia nella soluzione del complesso.",Da valutare,"Una volta trascorse le 5 ore ho fatto evaporare il solvente fino a circa 5 ml, poi ho aggiunto goccia a goccia dietil etere fino ad intormbidimento della soluzione, poi messa in frigo. | Riprovare HNMR in DMSO Anche in DMSO non molto pulito HNMR",,,,,Cage supramolecolare,Organometallica; Rutenio/Rodio/Iridio,,"Una volta trascorse le 5 ore ho fatto evaporare il solvente fino a circa 5 ml, poi ho aggiunto goccia a goccia dietil etere fino ad intormbidimento della soluzione, poi messa in frigo. | Riprovare HNMR in DMSO Anche in DMSO non molto pulito HNMR",Organometallica,,,,,,,,,,,,,,1
391,"Ru1,3",Organometallica,"Ru1,3",Ru,CAgF3SO3,Scambio Anionico2,CH2Cl2,,T.A.,5,20.0,"24/03/26 12,00",2026-03-24,,,0.05,0.2,40.0,51.0,0.25,"Precipitato bianco formatosi alla fine delle 4 ore, filtrato e lasciato ridurre di volume all'aria.",Precipitato,,,,,,Cage supramolecolare,Organometallica; Rutenio/Rodio/Iridio,,,Organometallica,,,,,,,,,,,,,,1
392,"Ru1,3 scambio anionico2 FW=868,73",Organometallica - scambio anionico,"Ru1,3 scambio anionico2 FW=868,73",Ru,BDP,Cage con BDP,MeCN,,T.A.,24,20.0,"01/04/2026 11,00",2026-04-01,,,0.02,0.02,18.0,4.5,1.0,"Ho solubilizzato il complesso in 52 ml di MeCN, in un'altra vial ho solubilizzato il BDP in altri 5 ml di MeCN, poi ho aggiunto goccia a goccia nella soluzione del complesso. Soluzione torbida, perchè il legante non si è solubilizzato molto bene in MeCN. Dopo 24 ore ho filtrato l'eccesso di reagenti ed ho lasciato ad evaporare il solvente all'aria lentamente.",Da valutare,"IR buono, mando HNMR HNMR fatto, da analizzare;da HNMR sembrerebbe formatosi un cage, picchi del BDP shiftati. Mandare un ESI-MS; forse formazione di un complesso rutenio-BDP e non una cage",,,,,Cage supramolecolare,Organometallica; Rutenio/Rodio/Iridio,,"IR buono, mando HNMR HNMR fatto, da analizzare;da HNMR sembrerebbe formatosi un cage, picchi del BDP shiftati. Mandare un ESI-MS; forse formazione di un complesso rutenio-BDP e non una cage",Organometallica,,,,,,,,,,,,,,1
393,"Ru1,3",Organometallica,"Ru1,3",Ru,CAgF3SO3,Scambio Anionico3,CH2Cl2,,T.A.,6,20.0,"14/04/26 10,30",2026-04-14,,,0.05,0.22,40.0,57.0,0.227,"Filtrato il precipitato formatosi, sciacquato con 5 ml di diclorometano e poi lasciato evaporare all'aria le acque madri.",Precipitato,"è poco solubile in diclorometano | IR buono, procedo con il cage con bpz",,,,,Cage supramolecolare,Organometallica; Rutenio/Rodio/Iridio,,"è poco solubile in diclorometano | IR buono, procedo con il cage con bpz",Organometallica,,,,,,,,,,,,,,1
394,"Ru1,3 scambio anionico3 FW=868,73",Organometallica - scambio anionico,"Ru1,3 scambio anionico3 FW=868,73",Ru,BPz,Cage con Bpz,MeCN,,T.A.,5,20.0,"17/04/2026 12,15",2026-04-17,,,0.02,0.03,18.0,4.0,0.667,andando a secco,Precipitato,"da HNMR il precipitato risulta troppo sporco, ci sono troppi picchi per poterlo risolvere",,,,,Cage supramolecolare,Organometallica; Rutenio/Rodio/Iridio,,"da HNMR il precipitato risulta troppo sporco, ci sono troppi picchi per poterlo risolvere",Organometallica,,,,,,,,,,,,,,1
395,"Ru1,3",Organometallica,"Ru1,3",Ru,CAgF3SO3,Scambio Anionico4,CH2Cl2,,T.A.,5,15.0,"27/05/2026 11,30",2026-05-27,,,0.05,0.2,40.0,51.0,0.25,"Solubilizzato separatamente i due reagenti, poi aggiungo goccia a goccia la soluzione di CAgF3SO3 in quella del complesso. Precipitato bianco formatosi alla fine delle 4 ore, filtrato e lasciato ridurre di volume all'aria.",Precipitato,,,,,,Cage supramolecolare,Organometallica; Rutenio/Rodio/Iridio,,,Organometallica,,,,,,,,,,,,,,1
396,"Ru1 scambio anionico FW=868,73",Organometallica - scambio anionico,"Ru1 scambio anionico FW=868,73",Ru,"4,4'-bipiridina(Az50)",Cage con Bipiridina3,MeCN,,T.A.,24,10.0,"28/05/2026 9,30",2026-05-28,,,0.02,0.04,18.0,7.0,0.5,"Solubilizzare il complesso in 2 ml di acetonitrile, in una vial separata solubilizzare la bipiridina con 3 ml di CH3CN ed aggiungere goccia a goccia la soluzione in quella del complesso. Lasciar reagire 24h.",Da valutare,Lasciato evaporare leggermente il volume una volta passate le 24h. Ho aggiunto qualche goccia di etere dietilico e lasciato in frigo fino al 3 giugno.,,,,,Cage supramolecolare,Organometallica; Rutenio/Rodio/Iridio,,Lasciato evaporare leggermente il volume una volta passate le 24h. Ho aggiunto qualche goccia di etere dietilico e lasciato in frigo fino al 3 giugno.,Organometallica,,,,,,,,,,,,,,1
397,Et4BPz,Organometallica - pirazoli,Et4BPz,Rh,[Rh(C5Me5)Cl2]2,"Ru0,2",MeOH,,T.A.,16,20.0,"11/0/2026 15,31",2026-06-11 00:00:00,246.35,618.08,0.1,0.05,24.635,30.904,0.5,"Solubilizzato il dimero del metallo in 10 ml di MeOH, una volta solulbilizzato ho aggiunto il legante e lasciato in stirring per 16 ore.",N.D.,,,,,,RutenioRodioIridio,Organometallica; Rutenio/Rodio/Iridio,,,Organometallica,,,,,,,,,,,,,,1
398,H2BPZNH2,Organometallica,H2BPzNH2,Rh,[Rh(C5Me5)Cl2]3,Ru13,MeOH,,70,24,20.0,"15/06/2026 18,30",2026-06-15 00:00:00,149.153,618.08,0.1,0.05,14.91,30.904,0.5,"Solubilizzato il dimero del metallo in 10 ml di MeOH, una volta solulbilizzato ho aggiunto il legante e lasciato in stirring per 16 ore.",N.D.,,,,,,RutenioRodioIridio,Organometallica; Rutenio/Rodio/Iridio,,,Organometallica,,,,,,,,,,,,,,1
399,(NO2)2BPz,Organometallica,(NO2)2BPz,Ir,[Ir(C5Me5)Cl2]4,"Ru7,2",MeOH,Et3N 2 eq,70,24,20.0,"15/06/2026 18,31",2026-06-16 00:00:00,224.02,796.7,0.1,0.05,14.91,30.904,0.5,"Solubilizzato il dimero del metallo in 10 ml di MeOH, una volta solulbilizzato ho aggiunto il legante e lasciato in stirring per 16 ore.",N.D.,,"discreto, ci sono sia i picchi del legante che del dimero metallico",,,,RutenioRodioIridio,Organometallica; Rutenio/Rodio/Iridio,,"Ho effettuato l'IR del filtrato dopo le 24 ore di reazione, nelle acque madri non vi era rimasto nulla",Organometallica,,,,,,,,,,,,,,1
400,NO2BPz,Organometallica,NO2BPz,Ir,[Ir(C5Me5)Cl2]5,Ru14,MeOH,Et3N 2 eq,70,24,20.0,"15/06/2026 18,32",2026-06-17 00:00:00,224.02,796.7,0.1,0.05,14.91,30.904,0.5,"Solubilizzato il dimero del metallo in 10 ml di MeOH, una volta solulbilizzato ho aggiunto il legante e lasciato in stirring per 16 ore.",N.D.,,"non male, ci sono sia i picchi del legante che quelli del dimero metallico",,,,RutenioRodioIridio,Organometallica; Rutenio/Rodio/Iridio,,"Ho effettuato l'IR del filtrato dopo le 24 ore di reazione, nelle acque madri non vi era rimasto nulla",Organometallica,,,,,,,,,,,,,,1
401,"1,4-Benzenedicarboxylic acid (H2BDC)",,"1,4-Benzenedicarboxylic acid (H2BDC)",Zn,Zn(NO3)2·6H2O,,DMF,,120,24,,,,,,0.7,2.2,,,0.3182,Solvothermal,,,,,,,,,,MOF Name: MOF-5,MOF-5,2.2,,,,,,,,,,,,,2
402,"1,3,5-Benzenetricarboxylic acid (H3BTC)",,"1,3,5-Benzenetricarboxylic acid (H3BTC)",Cu,Cu(NO3)2·3H2O,,DMF/EtOH/H2O,,110,18,,,,,,2.8,5.0,,,0.56,Solvothermal,,,,,,,,,,MOF Name: HKUST-1 (Cu-BTC),HKUST-1 (Cu-BTC),5.0,,,,,,,,,,,,,2
403,"1,4-Benzenedicarboxylic acid (H2BDC)",,"1,4-Benzenedicarboxylic acid (H2BDC)",Zr,ZrCl4,,DMF/HCl,,120,24,,,,,,1.5,1.5,,,1.0,Solvothermal,,,,,,,,,,MOF Name: UiO-66,UiO-66,1.5,,,,,,,,,,,,,2
404,2-Aminoterephthalic acid,,2-Aminoterephthalic acid,Zr,ZrCl4,,DMF/HCl,,120,24,,,,,,1.5,1.5,,,1.0,Solvothermal,,,,,,,,,,MOF Name: UiO-66-NH2,UiO-66-NH2,1.5,,,,,,,,,,,,,2
405,2-Nitroterephthalic acid,,2-Nitroterephthalic acid,Zr,ZrCl4,,DMF/HCl,,120,24,,,,,,1.0,1.0,,,1.0,Solvothermal,,,,,,,,,,MOF Name: UiO-66-NO2,UiO-66-NO2,1.0,,,,,,,,,,,,,2
406,"4,4'-Biphenyldicarboxylic acid (H2BPDC)",,"4,4'-Biphenyldicarboxylic acid (H2BPDC)",Zr,ZrCl4,,DMF/HCl,,120,24,,,,,,1.0,1.0,,,1.0,Solvothermal,,,,,,,,,,MOF Name: UiO-67,UiO-67,1.0,,,,,,,,,,,,,2
407,2-Methylimidazole,,2-Methylimidazole,Zn,Zn(NO3)2·6H2O,,MeOH,,25,12,,,,,,4.0,1.0,,,4.0,Precipitation,,,,,,,,,,MOF Name: ZIF-8,ZIF-8,1.0,,,,,,,,,,,,,2
408,2-Methylimidazole,,2-Methylimidazole,Co,Co(NO3)2·6H2O,,MeOH,,25,24,,,,,,4.0,1.0,,,4.0,Precipitation,,,,,,,,,,MOF Name: ZIF-67,ZIF-67,1.0,,,,,,,,,,,,,2
409,Benzimidazole,,Benzimidazole,Zn,Zn(NO3)2·6H2O,,DMF,,130,48,,,,,,6.0,1.5,,,4.0,Solvothermal,,,,,,,,,,MOF Name: ZIF-7,ZIF-7,1.5,,,,,,,,,,,,,2
410,Benzimidazole,,Benzimidazole,Zn,Zn(NO3)2·6H2O,,Toluene/MeOH,,100,24,,,,,,3.2,0.8,,,4.0,Solvothermal,,,,,,,,,,MOF Name: ZIF-11,ZIF-11,0.8,,,,,,,,,,,,,2
411,"1,4-Benzenedicarboxylic acid (H2BDC)",,"1,4-Benzenedicarboxylic acid (H2BDC)",Al,Al(NO3)3·9H2O,,H2O,,220,72,,,,,,3.0,3.0,,,1.0,Hydrothermal,,,,,,,,,,MOF Name: MIL-53(Al),MIL-53(Al),3.0,,,,,,,,,,,,,2
412,"1,4-Benzenedicarboxylic acid (H2BDC)",,"1,4-Benzenedicarboxylic acid (H2BDC)",Cr,Cr(NO3)3·9H2O,,H2O/HF,,220,72,,,,,,5.0,5.0,,,1.0,Hydrothermal,,,,,,,,,,MOF Name: MIL-53(Cr),MIL-53(Cr),5.0,,,,,,,,,,,,,2
413,"1,4-Benzenedicarboxylic acid (H2BDC)",,"1,4-Benzenedicarboxylic acid (H2BDC)",Fe,FeCl3·6H2O,,DMF,,150,15,,,,,,5.0,5.0,,,1.0,Solvothermal,,,,,,,,,,MOF Name: MIL-53(Fe),MIL-53(Fe),5.0,,,,,,,,,,,,,2
414,"1,3,5-Benzenetricarboxylic acid (H3BTC)",,"1,3,5-Benzenetricarboxylic acid (H3BTC)",Fe,Fe metal,,H2O/HF/HNO3,,150,12,,,,,,6.7,10.0,,,0.67,Hydrothermal,,,,,,,,,,MOF Name: MIL-100(Fe),MIL-100(Fe),10.0,,,,,,,,,,,,,2
415,"1,3,5-Benzenetricarboxylic acid (H3BTC)",,"1,3,5-Benzenetricarboxylic acid (H3BTC)",Cr,CrO3,,H2O/HF,,220,96,,,,,,6.7,10.0,,,0.67,Hydrothermal,,,,,,,,,,MOF Name: MIL-100(Cr),MIL-100(Cr),10.0,,,,,,,,,,,,,2
416,"1,4-Benzenedicarboxylic acid (H2BDC)",,"1,4-Benzenedicarboxylic acid (H2BDC)",Cr,Cr(NO3)3·9H2O,,H2O/HF,,220,8,,,,,,4.0,4.0,,,1.0,Hydrothermal,,,,,,,,,,MOF Name: MIL-101(Cr),MIL-101(Cr),4.0,,,,,,,,,,,,,2
417,"1,4-Benzenedicarboxylic acid (H2BDC)",,"1,4-Benzenedicarboxylic acid (H2BDC)",Fe,FeCl3·6H2O,,DMF,,110,20,,,,,,1.5,3.0,,,0.5,Solvothermal,,,,,,,,,,MOF Name: MIL-101(Fe),MIL-101(Fe),3.0,,,,,,,,,,,,,2
418,"2,5-Dihydroxyterephthalic acid (H4DOBDC)",,"2,5-Dihydroxyterephthalic acid (H4DOBDC)",Mg,Mg(NO3)2·6H2O,,DMF/EtOH/H2O,,125,24,,,,,,1.0,3.3,,,0.303,Solvothermal,,,,,,,,,,MOF Name: Mg-MOF-74,Mg-MOF-74,3.3,,,,,,,,,,,,,2
419,"2,5-Dihydroxyterephthalic acid (H4DOBDC)",,"2,5-Dihydroxyterephthalic acid (H4DOBDC)",Zn,Zn(NO3)2·6H2O,,DMF/EtOH/H2O,,100,24,,,,,,1.0,3.3,,,0.303,Solvothermal,,,,,,,,,,MOF Name: Zn-MOF-74,Zn-MOF-74,3.3,,,,,,,,,,,,,2
420,"2,5-Dihydroxyterephthalic acid (H4DOBDC)",,"2,5-Dihydroxyterephthalic acid (H4DOBDC)",Ni,Ni(NO3)2·6H2O,,DMF/EtOH/H2O,,120,24,,,,,,1.0,3.3,,,0.303,Solvothermal,,,,,,,,,,MOF Name: Ni-MOF-74,Ni-MOF-74,3.3,,,,,,,,,,,,,2
421,"2,5-Dihydroxyterephthalic acid (H4DOBDC)",,"2,5-Dihydroxyterephthalic acid (H4DOBDC)",Co,Co(NO3)2·6H2O,,DMF/EtOH/H2O,,120,24,,,,,,1.0,3.3,,,0.303,Solvothermal,,,,,,,,,,MOF Name: Co-MOF-74,Co-MOF-74,3.3,,,,,,,,,,,,,2
422,"2,5-Dihydroxyterephthalic acid (H4DOBDC)",,"2,5-Dihydroxyterephthalic acid (H4DOBDC)",Fe,FeCl2·4H2O,,DMF/EtOH,,120,24,,,,,,1.0,3.3,,,0.303,Solvothermal,,,,,,,,,,MOF Name: Fe-MOF-74,Fe-MOF-74,3.3,,,,,,,,,,,,,2
423,"2,5-Dihydroxyterephthalic acid (H4DOBDC)",,"2,5-Dihydroxyterephthalic acid (H4DOBDC)",Mn,Mn(OAc)2·4H2O,,DMF/EtOH/H2O,,120,24,,,,,,1.0,3.3,,,0.303,Solvothermal,,,,,,,,,,MOF Name: Mn-MOF-74,Mn-MOF-74,3.3,,,,,,,,,,,,,2
424,"1,3,6,8-tetrakis(p-benzoic acid)pyrene (H4TBAPy)",,"1,3,6,8-tetrakis(p-benzoic acid)pyrene (H4TBAPy)",Zr,ZrOCl2·8H2O,,DMF/TFA,,120,18,,,,,,0.06,0.3,,,0.2,Solvothermal,,,,,,,,,,MOF Name: NU-1000,NU-1000,0.3,,,,,,,,,,,,,2
425,TCPP (Tetrakis(4-carboxyphenyl)porphyrin),,TCPP (Tetrakis(4-carboxyphenyl)porphyrin),Zr,ZrOCl2·8H2O,,DMF/BA,,120,24,,,,,,0.04,0.23,,,0.1739,Solvothermal,,,,,,,,,,MOF Name: PCN-222,PCN-222,0.23,,,,,,,,,,,,,2
426,"3,3',5,5'-Azobenzenetetracarboxylic acid (H4ABTC)",,"3,3',5,5'-Azobenzenetetracarboxylic acid (H4ABTC)",Fe,Fe(NO3)3·9H2O,,DMF,,150,24,,,,,,0.3,0.6,,,0.5,Solvothermal,,,,,,,,,,MOF Name: PCN-250,PCN-250,0.6,,,,,,,,,,,,,2
427,"Isophthalic acid (1,3-BDC)",,"Isophthalic acid (1,3-BDC)",Al,Al(ClO4)3·6H2O,,H2O/DMF,,130,12,,,,,,2.0,2.0,,,1.0,Hydrothermal,,,,,,,,,,MOF Name: CAU-10-H,CAU-10-H,2.0,,,,,,,,,,,,,2
428,2-Aminoterephthalic acid,,2-Aminoterephthalic acid,Al,Al(ClO4)3·6H2O,,MeOH,,125,5,,,,,,1.0,3.0,,,0.3333,Solvothermal,,,,,,,,,,MOF Name: CAU-1,CAU-1,3.0,,,,,,,,,,,,,2
429,"2,6-NDC (0.5) / H3BTC (0.5)",,"2,6-NDC (0.5) / H3BTC (0.5)",Zn,Zn(NO3)2·6H2O,,DMF,,120,24,,,,,,1.0,2.0,,,0.5,Solvothermal,,,,,,,,,,MOF Name: DUT-6,DUT-6,2.0,,,,,,,,,,,,,2
430,"2,6-NDC (1.0) / DABCO (0.5)",,"2,6-NDC (1.0) / DABCO (0.5)",Ni,Ni(NO3)2·6H2O,,DMF,,120,48,,,,,,1.5,1.0,,,1.5,Solvothermal,,,,,,,,,,MOF Name: DUT-8(Ni),DUT-8(Ni),1.0,,,,,,,,,,,,,2
431,"Biphenyl-3,3',5,5'-tetracarboxylic acid",,"Biphenyl-3,3',5,5'-tetracarboxylic acid",Cu,Cu(NO3)2·2.5H2O,,DMF/MeOH,,75,24,,,,,,0.3,1.2,,,0.25,Solvothermal,,,,,,,,,,MOF Name: NOTT-100 (MFM-300(Cu)),NOTT-100 (MFM-300(Cu)),1.2,,,,,,,,,,,,,2
432,"Biphenyl-3,3',5,5'-tetracarboxylic acid",,"Biphenyl-3,3',5,5'-tetracarboxylic acid",Al,Al(NO3)3·9H2O,,H2O,,210,72,,,,,,0.38,1.5,,,0.2533,Hydrothermal,,,,,,,,,,MOF Name: MFM-300(Al),MFM-300(Al),1.5,,,,,,,,,,,,,2
433,"Biphenyl-3,3',5,5'-tetracarboxylic acid",,"Biphenyl-3,3',5,5'-tetracarboxylic acid",In,In(NO3)3·xH2O,,DMF/MeOH/H2O,,120,24,,,,,,0.25,1.0,,,0.25,Solvothermal,,,,,,,,,,MOF Name: MFM-300(In),MFM-300(In),1.0,,,,,,,,,,,,,2
434,"Biphenyl-3,3',5,5'-tetracarboxylic acid",,"Biphenyl-3,3',5,5'-tetracarboxylic acid",Cu,Cu(NO3)2·2.5H2O,,DMF/Dioxane/H2O,,85,24,,,,,,0.35,1.5,,,0.2333,Solvothermal,,,,,,,,,,MOF Name: NOTT-101,NOTT-101,1.5,,,,,,,,,,,,,2
435,"1,3,5-tris(4-carboxyphenyl)benzene (BTB)",,"1,3,5-tris(4-carboxyphenyl)benzene (BTB)",Zn,Zn(NO3)2·6H2O,,DEF,,85,48,,,,,,0.34,1.8,,,0.1889,Solvothermal,,,,,,,,,,MOF Name: MOF-177,MOF-177,1.8,,,,,,,,,,,,,2
436,"1,3,5-BTB (0.2) / 2,6-NDC (0.2)",,"1,3,5-BTB (0.2) / 2,6-NDC (0.2)",Zn,Zn(NO3)2·6H2O,,DMF,,85,24,,,,,,0.4,1.2,,,0.3333,Solvothermal,,,,,,,,,,MOF Name: MOF-205,MOF-205,1.2,,,,,,,,,,,,,2
437,"3,3',5,5'-Biphenyltetracarboxylic acid",,"3,3',5,5'-Biphenyltetracarboxylic acid",Cu,Cu(NO3)2·2.5H2O,,DMF/EtOH/H2O,,65,24,,,,,,0.3,1.0,,,0.3,Solvothermal,,,,,,,,,,MOF Name: MOF-505,MOF-505,1.0,,,,,,,,,,,,,2
438,2-Bromoterephthalic acid,,2-Bromoterephthalic acid,Zr,ZrCl4,,DMF/HCl,,120,24,,,,,,1.0,1.0,,,1.0,Solvothermal,,,,,,,,,,MOF Name: UiO-66-Br,UiO-66-Br,1.0,,,,,,,,,,,,,2
439,"1,2,4,5-Benzenetetracarboxylic acid",,"1,2,4,5-Benzenetetracarboxylic acid",Zr,ZrCl4,,DMF/HCl,,120,24,,,,,,0.5,1.0,,,0.5,Solvothermal,,,,,,,,,,MOF Name: UiO-66-(COOH)2,UiO-66-(COOH)2,1.0,,,,,,,,,,,,,2
440,"2,5-Dihydroxyterephthalic acid",,"2,5-Dihydroxyterephthalic acid",Zr,ZrCl4,,DMF/HCl,,120,24,,,,,,1.0,1.0,,,1.0,Solvothermal,,,,,,,,,,MOF Name: UiO-66-(OH)2,UiO-66-(OH)2,1.0,,,,,,,,,,,,,2
441,Terphenyldicarboxylic acid (TPDC),,Terphenyldicarboxylic acid (TPDC),Zr,ZrCl4,,DMF/HCl,,120,24,,,,,,0.5,0.5,,,1.0,Solvothermal,,,,,,,,,,MOF Name: UiO-68,UiO-68,0.5,,,,,,,,,,,,,2
442,2-Nitroimidazole,,2-Nitroimidazole,Co,Co(NO3)2·6H2O,,DMF,,100,48,,,,,,4.0,1.0,,,4.0,Solvothermal,,,,,,,,,,MOF Name: ZIF-65,ZIF-65,1.0,,,,,,,,,,,,,2
443,Imidazole-2-carboxaldehyde,,Imidazole-2-carboxaldehyde,Zn,Zn(NO3)2·6H2O,,DMF,,100,18,,,,,,4.0,1.0,,,4.0,Solvothermal,,,,,,,,,,MOF Name: ZIF-90,ZIF-90,1.0,,,,,,,,,,,,,2
444,Benzimidazole,,Benzimidazole,Co,Co(NO3)2·6H2O,,DMF,,140,48,,,,,,4.0,1.0,,,4.0,Solvothermal,,,,,,,,,,MOF Name: ZIF-9,ZIF-9,1.0,,,,,,,,,,,,,2
445,"4,5-Dichloroimidazole",,"4,5-Dichloroimidazole",Zn,Zn(NO3)2·6H2O,,DMF,,85,24,,,,,,4.0,1.0,,,4.0,Solvothermal,,,,,,,,,,MOF Name: ZIF-71,ZIF-71,1.0,,,,,,,,,,,,,2
446,Fumaric acid,,Fumaric acid,Fe,FeCl3·6H2O,,H2O,,65,12,,,,,,5.0,5.0,,,1.0,Hydrothermal,,,,,,,,,,MOF Name: MIL-88A,MIL-88A,5.0,,,,,,,,,,,,,2
447,"1,4-Benzenedicarboxylic acid (H2BDC)",,"1,4-Benzenedicarboxylic acid (H2BDC)",Fe,FeCl3·6H2O,,DMF,,100,12,,,,,,5.0,5.0,,,1.0,Solvothermal,,,,,,,,,,MOF Name: MIL-88B(Fe),MIL-88B(Fe),5.0,,,,,,,,,,,,,2
448,"2,6-Naphthalenedicarboxylic acid",,"2,6-Naphthalenedicarboxylic acid",Fe,FeCl3·6H2O,,DMF,,100,12,,,,,,5.0,5.0,,,1.0,Solvothermal,,,,,,,,,,MOF Name: MIL-88C(Fe),MIL-88C(Fe),5.0,,,,,,,,,,,,,2
449,"4,4'-Biphenyldicarboxylic acid",,"4,4'-Biphenyldicarboxylic acid",Fe,FeCl3·6H2O,,DMF,,100,12,,,,,,5.0,5.0,,,1.0,Solvothermal,,,,,,,,,,MOF Name: MIL-88D(Fe),MIL-88D(Fe),5.0,,,,,,,,,,,,,2
450,"1,4-Benzenedicarboxylic acid (H2BDC)",,"1,4-Benzenedicarboxylic acid (H2BDC)",Al,Al(NO3)3·9H2O,,DMF,,130,24,,,,,,3.0,3.0,,,1.0,Solvothermal,,,,,,,,,,MOF Name: MIL-68(Al),MIL-68(Al),3.0,,,,,,,,,,,,,2
451,"1,4-Benzenedicarboxylic acid (H2BDC)",,"1,4-Benzenedicarboxylic acid (H2BDC)",In,In(NO3)3·xH2O,,DMF,,100,48,,,,,,2.0,2.0,,,1.0,Solvothermal,,,,,,,,,,MOF Name: MIL-68(In),MIL-68(In),2.0,,,,,,,,,,,,,2
452,"1,4-Benzenedicarboxylic acid (H2BDC)",,"1,4-Benzenedicarboxylic acid (H2BDC)",Ti,Ti(OiPr)4,,DMF/MeOH,,150,15,,,,,,12.0,6.0,,,2.0,Solvothermal,,,,,,,,,,MOF Name: MIL-125(Ti),MIL-125(Ti),6.0,,,,,,,,,,,,,2
453,2-Aminoterephthalic acid,,2-Aminoterephthalic acid,Ti,Ti(OiPr)4,,DMF/MeOH,,150,15,,,,,,12.0,6.0,,,2.0,Solvothermal,,,,,,,,,,MOF Name: MIL-125-NH2(Ti),MIL-125-NH2(Ti),6.0,,,,,,,,,,,,,2
454,"1,3,5-Benzenetricarboxylic acid (H3BTC)",,"1,3,5-Benzenetricarboxylic acid (H3BTC)",Al,Al(NO3)3·9H2O,,H2O,,210,24,,,,,,2.5,5.0,,,0.5,Hydrothermal,,,,,,,,,,MOF Name: MIL-96(Al),MIL-96(Al),5.0,,,,,,,,,,,,,2
455,"1,3,5-Benzenetricarboxylic acid (H3BTC)",,"1,3,5-Benzenetricarboxylic acid (H3BTC)",Al,Al(NO3)3·9H2O,,H2O/HNO3,,210,72,,,,,,2.0,4.0,,,0.5,Hydrothermal,,,,,,,,,,MOF Name: MIL-110(Al),MIL-110(Al),4.0,,,,,,,,,,,,,2
456,5-Methoxyisophthalic acid,,5-Methoxyisophthalic acid,Al,Al(ClO4)3·6H2O,,H2O,,130,12,,,,,,2.0,2.0,,,1.0,Hydrothermal,,,,,,,,,,MOF Name: CAU-10-OMe,CAU-10-OMe,2.0,,,,,,,,,,,,,2
457,5-Nitroisophthalic acid,,5-Nitroisophthalic acid,Al,Al(ClO4)3·6H2O,,H2O,,130,12,,,,,,2.0,2.0,,,1.0,Hydrothermal,,,,,,,,,,MOF Name: CAU-10-NO2,CAU-10-NO2,2.0,,,,,,,,,,,,,2
458,"trans-Cyclohexane-1,4-dicarboxylic acid",,"trans-Cyclohexane-1,4-dicarboxylic acid",Al,Al2(SO4)3·18H2O,,H2O,,180,24,,,,,,3.0,1.5,,,2.0,Hydrothermal,,,,,,,,,,MOF Name: CAU-13,CAU-13,1.5,,,,,,,,,,,,,2
459,TCPP (Tetrakis(4-carboxyphenyl)porphyrin),,TCPP (Tetrakis(4-carboxyphenyl)porphyrin),Zr,ZrOCl2·8H2O,,DMF/BA,,120,12,,,,,,0.04,0.3,,,0.1333,Solvothermal,,,,,,,,,,MOF Name: PCN-224,PCN-224,0.3,,,,,,,,,,,,,2
460,TCPP,,TCPP,Hf,HfCl4,,DMF/BA,,120,24,,,,,,0.03,0.2,,,0.15,Solvothermal,,,,,,,,,,MOF Name: PCN-228,PCN-228,0.2,,,,,,,,,,,,,2
461,TCPP,,TCPP,Fe,FeCl3,,DMF,,150,24,,,,,,0.08,0.5,,,0.16,Solvothermal,,,,,,,,,,MOF Name: PCN-600,PCN-600,0.5,,,,,,,,,,,,,2
462,Fumaric acid,,Fumaric acid,Zr,ZrCl4,,DMF/Formic acid,,120,24,,,,,,1.0,1.0,,,1.0,Solvothermal,,,,,,,,,,MOF Name: MOF-801,MOF-801,1.0,,,,,,,,,,,,,2
463,"1,3,5-Benzenetricarboxylic acid (H3BTC)",,"1,3,5-Benzenetricarboxylic acid (H3BTC)",Zr,ZrOCl2·8H2O,,DMF/Formic acid,,100,24,,,,,,0.27,0.8,,,0.3375,Solvothermal,,,,,,,,,,MOF Name: MOF-808,MOF-808,0.8,,,,,,,,,,,,,2
464,"Pyrazole-3,5-dicarboxylic acid",,"Pyrazole-3,5-dicarboxylic acid",Zr,ZrCl4,,DMF/Formic acid,,120,24,,,,,,1.0,1.0,,,1.0,Solvothermal,,,,,,,,,,MOF Name: MOF-802,MOF-802,1.0,,,,,,,,,,,,,2
465,"1H-pyrazole-3,5-dicarboxylic acid",,"1H-pyrazole-3,5-dicarboxylic acid",Al,AlCl3·6H2O,,H2O,,100,24,,,,,,2.0,2.0,,,1.0,Hydrothermal,,,,,,,,,,MOF Name: MOF-303,MOF-303,2.0,,,,,,,,,,,,,2
466,"1,4-Benzenedicarboxylic acid (H2BDC)",,"1,4-Benzenedicarboxylic acid (H2BDC)",Fe,FeCl3,,EtOH,,80,24,,,,,,1.0,2.0,,,0.5,Solvothermal,,,,,,,,,,MOF Name: MOF-71,MOF-71,2.0,,,,,,,,,,,,,2
467,"4,4',4''-Benzene-1,3,5-triyl-tris-benzoic acid",,"4,4',4''-Benzene-1,3,5-triyl-tris-benzoic acid",Cu,Cu(NO3)2·2.5H2O,,DMF,,80,48,,,,,,0.25,0.8,,,0.3125,Solvothermal,,,,,,,,,,MOF Name: MOF-14,MOF-14,0.8,,,,,,,,,,,,,2
468,"5-(2,4,6-trioxohexahydro-1,3,5-triazin-1-yl)isophthalic acid",,"5-(2,4,6-trioxohexahydro-1,3,5-triazin-1-yl)isophthalic acid",Cu,Cu(NO3)2·2.5H2O,,DMA/DMSO,,85,72,,,,,,0.15,0.5,,,0.3,Solvothermal,,,,,,,,,,MOF Name: Cu-TDPAT,Cu-TDPAT,0.5,,,,,,,,,,,,,2
469,"1,3,5-Benzenetricarboxylic acid (H3BTC)",,"1,3,5-Benzenetricarboxylic acid (H3BTC)",Fe,Fe(NO3)3·9H2O,,H2O,,80,4,,,,,,6.7,10.0,,,0.67,Precipitation,,,,,,,,,,MOF Name: Fe-BTC (Basolite F300),Fe-BTC (Basolite F300),10.0,,,,,,,,,,,,,2
470,"4,4'-(naphthalene-2,6-diyl)dibenzonic acid",,"4,4'-(naphthalene-2,6-diyl)dibenzonic acid",Cu,Cu(NO3)2·2.5H2O,,DMF,,85,48,,,,,,0.2,0.6,,,0.3333,Solvothermal,,,,,,,,,,MOF Name: Cu-NBN,Cu-NBN,0.6,,,,,,,,,,,,,2
471,Imidazole (3.0) / Benzimidazole (1.0),,Imidazole (3.0) / Benzimidazole (1.0),Zn,Zn(NO3)2·6H2O,,DMF,,130,48,,,,,,4.0,1.0,,,4.0,Solvothermal,,,,,,,,,,MOF Name: ZIF-62,ZIF-62,1.0,,,,,,,,,,,,,2
472,Imidazole,,Imidazole,Zn,Zn(NO3)2·6H2O,,DMF,,130,48,,,,,,4.0,1.0,,,4.0,Solvothermal,,,,,,,,,,MOF Name: ZIF-4,ZIF-4,1.0,,,,,,,,,,,,,2
473,2-Ethylimidazole,,2-Ethylimidazole,Zn,Zn(ClO4)2·6H2O,,MeOH/NH3,,25,24,,,,,,4.0,1.0,,,4.0,Room Temperature,,,,,,,,,,MOF Name: MAf-6,MAf-6,1.0,,,,,,,,,,,,,2
474,4-Methyl-5-imidazolecarboxaldehyde,,4-Methyl-5-imidazolecarboxaldehyde,Zn,Zn(NO3)2·6H2O,,DMF,,85,24,,,,,,4.0,1.0,,,4.0,Solvothermal,,,,,,,,,,MOF Name: SIM-1,SIM-1,1.0,,,,,,,,,,,,,2
475,"Adenine (0.4) / 4,4'-BPDC (0.8)",,"Adenine (0.4) / 4,4'-BPDC (0.8)",Zn,Zn(NO3)2·6H2O,,DMF,,130,24,,,,,,1.2,1.2,,,1.0,Solvothermal,,,,,,,,,,MOF Name: Bio-MOF-1,Bio-MOF-1,1.2,,,,,,,,,,,,,2
476,Adenine,,Adenine,Co,Co(NO3)2·6H2O,,DMF,,120,24,,,,,,1.0,1.0,,,1.0,Solvothermal,,,,,,,,,,MOF Name: Bio-MOF-11,Bio-MOF-11,1.0,,,,,,,,,,,,,2
477,"Pyrazine-2,3-dicarboxylic acid",,"Pyrazine-2,3-dicarboxylic acid",Zn,Zn(NO3)2·6H2O,,H2O,,140,24,,,,,,1.0,2.0,,,0.5,Hydrothermal,,,,,,,,,,MOF Name: Zn-PNC,Zn-PNC,2.0,,,,,,,,,,,,,2
478,Citric acid (1.0) / Diamondoid linker (1.0),,Citric acid (1.0) / Diamondoid linker (1.0),Co,Co(NO3)2·6H2O,,H2O/EtOH,,120,24,,,,,,2.0,2.0,,,1.0,Hydrothermal,,,,,,,,,,MOF Name: UTSA-16,UTSA-16,2.0,,,,,,,,,,,,,2
479,BHB-based tetracarboxylate,,BHB-based tetracarboxylate,Cu,Cu(NO3)2·2.5H2O,,DMF/Dioxane,,65,48,,,,,,0.2,0.8,,,0.25,Solvothermal,,,,,,,,,,MOF Name: UTSA-20,UTSA-20,0.8,,,,,,,,,,,,,2
480,"2,5-Dihydroxyterephthalic acid",,"2,5-Dihydroxyterephthalic acid",Mg,Mg(OAc)2·4H2O,,THF/H2O,,110,24,,,,,,1.0,3.3,,,0.303,Solvothermal,,,,,,,,,,MOF Name: Mg-CPO-27,Mg-CPO-27,3.3,,,,,,,,,,,,,2
481,"2,6-Naphthalenedicarboxylic acid",,"2,6-Naphthalenedicarboxylic acid",Al,Al(NO3)3·9H2O,,DMF,,120,24,,,,,,2.0,2.0,,,1.0,Solvothermal,,,,,,,,,,MOF Name: DUT-4,DUT-4,2.0,,,,,,,,,,,,,2
482,"4,4'-Biphenyldicarboxylic acid",,"4,4'-Biphenyldicarboxylic acid",Al,Al(NO3)3·9H2O,,DMF,,120,24,,,,,,2.0,2.0,,,1.0,Solvothermal,,,,,,,,,,MOF Name: DUT-5,DUT-5,2.0,,,,,,,,,,,,,2
483,TCPP,,TCPP,Al,Al(NO3)3·9H2O,,H2O,,180,24,,,,,,0.1,0.5,,,0.2,Hydrothermal,,,,,,,,,,MOF Name: Al-PMOF,Al-PMOF,0.5,,,,,,,,,,,,,2
484,Fumaric acid,,Fumaric acid,Zr,ZrOCl2·8H2O,,Water/Formic acid,,100,24,,,,,,2.0,2.0,,,1.0,Hydrothermal,,,,,,,,,,MOF Name: Zr-Fumarate,Zr-Fumarate,2.0,,,,,,,,,,,,,2
485,"1,4-Benzenedicarboxylic acid (H2BDC)",,"1,4-Benzenedicarboxylic acid (H2BDC)",Ce,Ce(NH4)2(NO3)6,,DMF,,100,15,,,,,,1.0,1.0,,,1.0,Solvothermal,,,,,,,,,,MOF Name: Ce-UiO-66,Ce-UiO-66,1.0,,,,,,,,,,,,,2
486,"1,4-Benzenedicarboxylic acid (H2BDC)",,"1,4-Benzenedicarboxylic acid (H2BDC)",Hf,HfCl4,,DMF/HCl,,120,24,,,,,,1.0,1.0,,,1.0,Solvothermal,,,,,,,,,,MOF Name: Hf-UiO-66,Hf-UiO-66,1.0,,,,,,,,,,,,,2
487,"4,4'-Biphenyldicarboxylic acid",,"4,4'-Biphenyldicarboxylic acid",Hf,HfCl4,,DMF/HCl,,120,24,,,,,,0.8,0.8,,,1.0,Solvothermal,,,,,,,,,,MOF Name: Hf-UiO-67,Hf-UiO-67,0.8,,,,,,,,,,,,,2
488,"2,5-Thiophenedicarboxylic acid",,"2,5-Thiophenedicarboxylic acid",Zr,ZrCl4,,DMF/Propanol,,120,24,,,,,,1.0,1.0,,,1.0,Solvothermal,,,,,,,,,,MOF Name: DUT-67,DUT-67,1.0,,,,,,,,,,,,,2
489,TDPAT,,TDPAT,Fe,FeCl3,,DMF,,120,48,,,,,,0.3,1.0,,,0.3,Solvothermal,,,,,,,,,,MOF Name: CPM-200,CPM-200,1.0,,,,,,,,,,,,,2
490,TCPP,,TCPP,Zr,ZrCl4,,DMF,,120,24,,,,,,0.05,0.3,,,0.1667,Solvothermal,,,,,,,,,,MOF Name: Zr-Porphyrin (PCN-221),Zr-Porphyrin (PCN-221),0.3,,,,,,,,,,,,,2
491,TCPP,,TCPP,Zr,ZrOCl2·8H2O,,DMF/Benzoic acid,,120,24,,,,,,0.05,0.3,,,0.1667,Solvothermal,,,,,,,,,,MOF Name: MOF-525,MOF-525,0.3,,,,,,,,,,,,,2
492,TCPP,,TCPP,Zr,ZrOCl2·8H2O,,DMF/Benzoic acid,,120,24,,,,,,0.05,0.3,,,0.1667,Solvothermal,,,,,,,,,,MOF Name: MOF-545,MOF-545,0.3,,,,,,,,,,,,,2
493,TATB,,TATB,Zr,ZrCl4,,DMF/TFA,,120,24,,,,,,0.1,0.4,,,0.25,Solvothermal,,,,,,,,,,MOF Name: PCN-777,PCN-777,0.4,,,,,,,,,,,,,2
494,H4TBAPy derivative,,H4TBAPy derivative,Zr,ZrOCl2·8H2O,,DMF/TFA,,120,24,,,,,,0.05,0.25,,,0.2,Solvothermal,,,,,,,,,,MOF Name: NU-1008,NU-1008,0.25,,,,,,,,,,,,,2
495,4-Aminobenzoic acid,,4-Aminobenzoic acid,Ti,Ti(OiPr)4,,DMF,,120,24,,,,,,4.0,2.0,,,2.0,Solvothermal,,,,,,,,,,MOF Name: Ti-MOF-901,Ti-MOF-901,2.0,,,,,,,,,,,,,2
496,2-Aminoterephthalic acid,,2-Aminoterephthalic acid,Al,AlCl3·6H2O,,DMF,,130,72,,,,,,1.5,3.0,,,0.5,Solvothermal,,,,,,,,,,MOF Name: Al-MIL-101-NH2,Al-MIL-101-NH2,3.0,,,,,,,,,,,,,2
497,2-Aminoterephthalic acid,,2-Aminoterephthalic acid,Cr,Cr(NO3)3·9H2O,,H2O/NaOH,,150,12,,,,,,4.0,4.0,,,1.0,Hydrothermal,,,,,,,,,,MOF Name: Cr-MIL-101-NH2,Cr-MIL-101-NH2,4.0,,,,,,,,,,,,,2
498,2-Aminoterephthalic acid,,2-Aminoterephthalic acid,Fe,FeCl3·6H2O,,DMF,,110,24,,,,,,1.5,3.0,,,0.5,Solvothermal,,,,,,,,,,MOF Name: Fe-MIL-101-NH2,Fe-MIL-101-NH2,3.0,,,,,,,,,,,,,2
499,"1,3,5-Benzenetricarboxylic acid (H3BTC)",,"1,3,5-Benzenetricarboxylic acid (H3BTC)",Zn,Zn(NO3)2·6H2O,,DMF/EtOH,,85,24,,,,,,2.0,3.0,,,0.6667,Solvothermal,,,,,,,,,,MOF Name: Zn-BTC,Zn-BTC,3.0,,,,,,,,,,,,,2
500,"4,4'-Bipyridine (0.5) / H2BDC (0.5)",,"4,4'-Bipyridine (0.5) / H2BDC (0.5)",Cd,Cd(NO3)2·4H2O,,DMF,,100,48,,,,,,1.0,1.0,,,1.0,Solvothermal,,,,,,,,,,MOF Name: Cd-MOF-1,Cd-MOF-1,1.0,,,,,,,,,,,,,2
501,2-Fluoroterephthalic acid,,2-Fluoroterephthalic acid,Zr,ZrCl4,,DMF/HCl,HCl,120,24,,,,,,1.0,1.0,,,1.0,Solvothermal,,,,,,,,,,Sintesi aggiuntiva MOF: UiO-66(Zr)-F,UiO-66(Zr)-F,1.0,,,,,,,,,,,,,2
502,"1,2,4,5-Benzenetetracarboxylic acid",,"1,2,4,5-Benzenetetracarboxylic acid",Zr,ZrOCl2·8H2O,,DMF/Water,Acetic acid,100,24,,,,,,0.5,1.0,,,0.5,Solvothermal,,,,,,,,,,Sintesi aggiuntiva MOF: UiO-66(Zr)-(COOH)2,UiO-66(Zr)-(COOH)2,1.0,,,,,,,,,,,,,2
503,2-Sulfoterephthalic acid monosodium salt,,2-Sulfoterephthalic acid monosodium salt,Zr,ZrCl4,,DMF/HCl,HCl,120,24,,,,,,1.0,1.0,,,1.0,Solvothermal,,,,,,,,,,Sintesi aggiuntiva MOF: UiO-66(Zr)-SO3H,UiO-66(Zr)-SO3H,1.0,,,,,,,,,,,,,2
504,"2,5-Dihydroxyterephthalic acid",,"2,5-Dihydroxyterephthalic acid",Zr,ZrOCl2·8H2O,,DMF/Water,Benzoic acid,120,24,,,,,,1.0,1.0,,,1.0,Solvothermal,,,,,,,,,,Sintesi aggiuntiva MOF: UiO-66(Zr)-(OH)2,UiO-66(Zr)-(OH)2,1.0,,,,,,,,,,,,,2
505,"1,4-Benzenedicarboxylic acid (H2BDC)",,"1,4-Benzenedicarboxylic acid (H2BDC)",Ce,Ce(NH4)2(NO3)6,,DMF,Formic acid,100,15,,,,,,1.0,1.0,,,1.0,Solvothermal,,,,,,,,,,Sintesi aggiuntiva MOF: UiO-66(Ce),UiO-66(Ce),1.0,,,,,,,,,,,,,2
506,2-Aminoterephthalic acid,,2-Aminoterephthalic acid,Hf,HfCl4,,DMF/HCl,HCl,120,24,,,,,,1.0,1.0,,,1.0,Solvothermal,,,,,,,,,,Sintesi aggiuntiva MOF: UiO-66(Hf)-NH2,UiO-66(Hf)-NH2,1.0,,,,,,,,,,,,,2
507,"2,5-Dimethylterephthalic acid",,"2,5-Dimethylterephthalic acid",Zr,ZrCl4,,DMF/HCl,HCl,120,24,,,,,,1.0,1.0,,,1.0,Solvothermal,,,,,,,,,,Sintesi aggiuntiva MOF: UiO-66(Zr)-Me2,UiO-66(Zr)-Me2,1.0,,,,,,,,,,,,,2
508,"2,5-Dinitroterephthalic acid",,"2,5-Dinitroterephthalic acid",Zr,ZrCl4,,DMF/HCl,HCl,120,24,,,,,,1.0,1.0,,,1.0,Solvothermal,,,,,,,,,,Sintesi aggiuntiva MOF: UiO-66(Zr)-(NO2)2,UiO-66(Zr)-(NO2)2,1.0,,,,,,,,,,,,,2
509,"2-Amino-[1,1'-biphenyl]-4,4'-dicarboxylic acid",,"2-Amino-[1,1'-biphenyl]-4,4'-dicarboxylic acid",Zr,ZrCl4,,DMF/HCl,HCl,120,24,,,,,,0.5,0.5,,,1.0,Solvothermal,,,,,,,,,,Sintesi aggiuntiva MOF: UiO-67(Zr)-NH2,UiO-67(Zr)-NH2,0.5,,,,,,,,,,,,,2
510,"3,3'-Dimethyl-[1,1'-biphenyl]-4,4'-dicarboxylic acid",,"3,3'-Dimethyl-[1,1'-biphenyl]-4,4'-dicarboxylic acid",Zr,ZrCl4,,DMF/HCl,Benzoic acid,120,24,,,,,,0.5,0.5,,,1.0,Solvothermal,,,,,,,,,,Sintesi aggiuntiva MOF: UiO-67(Zr)-Me2,UiO-67(Zr)-Me2,0.5,,,,,,,,,,,,,2
511,"2'-Amino-[1,1':4',1''-terphenyl]-4,4''-dicarboxylic acid",,"2'-Amino-[1,1':4',1''-terphenyl]-4,4''-dicarboxylic acid",Zr,ZrCl4,,DMF/HCl,Benzoic acid,120,24,,,,,,0.3,0.3,,,1.0,Solvothermal,,,,,,,,,,Sintesi aggiuntiva MOF: UiO-68(Zr)-NH2,UiO-68(Zr)-NH2,0.3,,,,,,,,,,,,,2
512,"2,6-Naphthalenedicarboxylic acid",,"2,6-Naphthalenedicarboxylic acid",Zr,ZrCl4,,DMF/Acetic acid,Acetic acid,120,24,,,,,,1.0,1.0,,,1.0,Solvothermal,,,,,,,,,,Sintesi aggiuntiva MOF: DUT-52(Zr),DUT-52(Zr),1.0,,,,,,,,,,,,,2
513,"2,6-Naphthalenedicarboxylic acid",,"2,6-Naphthalenedicarboxylic acid",Hf,HfCl4,,DMF/Acetic acid,Acetic acid,120,24,,,,,,1.0,1.0,,,1.0,Solvothermal,,,,,,,,,,Sintesi aggiuntiva MOF: DUT-52(Hf),DUT-52(Hf),1.0,,,,,,,,,,,,,2
514,Fumaric acid,,Fumaric acid,Zr,ZrOCl2·8H2O,,Water/Formic acid,Formic acid,100,24,,,,,,2.0,2.0,,,1.0,Hydrothermal,,,,,,,,,,Sintesi aggiuntiva MOF: MOF-801(Zr),MOF-801(Zr),2.0,,,,,,,,,,,,,2
515,Fumaric acid,,Fumaric acid,Hf,HfCl4,,DMF/Formic acid,Formic acid,120,24,,,,,,2.0,2.0,,,1.0,Solvothermal,,,,,,,,,,Sintesi aggiuntiva MOF: MOF-801(Hf),MOF-801(Hf),2.0,,,,,,,,,,,,,2
516,5-Aminoisophthalic acid,,5-Aminoisophthalic acid,Zr,ZrOCl2·8H2O,,DMF/Formic acid,Formic acid,100,24,,,,,,0.5,1.0,,,0.5,Solvothermal,,,,,,,,,,Sintesi aggiuntiva MOF: MOF-808(Zr)-NH2,MOF-808(Zr)-NH2,1.0,,,,,,,,,,,,,2
517,"1,3,5-Benzenetricarboxylic acid (H3BTC)",,"1,3,5-Benzenetricarboxylic acid (H3BTC)",Hf,HfCl4,,DMF/Formic acid,Formic acid,100,24,,,,,,0.27,0.8,,,0.3375,Solvothermal,,,,,,,,,,Sintesi aggiuntiva MOF: MOF-808(Hf),MOF-808(Hf),0.8,,,,,,,,,,,,,2
518,"Pyrazole-3,5-dicarboxylic acid",,"Pyrazole-3,5-dicarboxylic acid",Hf,HfCl4,,DMF/Formic acid,Formic acid,120,24,,,,,,1.0,1.0,,,1.0,Solvothermal,,,,,,,,,,Sintesi aggiuntiva MOF: MOF-802(Hf),MOF-802(Hf),1.0,,,,,,,,,,,,,2
519,"1,3,6,8-tetrakis(p-benzoic acid)pyrene",,"1,3,6,8-tetrakis(p-benzoic acid)pyrene",Hf,HfCl4,,DMF/TFA,TFA,120,18,,,,,,0.06,0.3,,,0.2,Solvothermal,,,,,,,,,,Sintesi aggiuntiva MOF: NU-1000(Hf),NU-1000(Hf),0.3,,,,,,,,,,,,,2
520,"1,3,6,8-tetrakis(p-benzoic acid)pyrene",,"1,3,6,8-tetrakis(p-benzoic acid)pyrene",Zr,ZrOCl2·8H2O,,DMF/Benzoic acid,Benzoic acid,120,18,,,,,,0.05,0.25,,,0.2,Solvothermal,,,,,,,,,,Sintesi aggiuntiva MOF: NU-901(Zr),NU-901(Zr),0.25,,,,,,,,,,,,,2
521,2-Methylimidazole,,2-Methylimidazole,Co,Co(NO3)2·6H2O,,MeOH/H2O,Formic acid,150,12,,,,,,4.0,2.5,,,1.6,Precipitation,,,,,,,,,,Sintesi aggiuntiva MOF: Synth-MOF-Co-21,Synth-MOF-Co-21,2.5,,,,,,,,,,,,,2
522,Benzimidazole,,Benzimidazole,Co,Co(OAc)2·4H2O,,MeCN,Benzoic acid,25,48,,,,,,2.0,2.5,,,0.8,Room Temperature,,,,,,,,,,Sintesi aggiuntiva MOF: Synth-MOF-Co-22,Synth-MOF-Co-22,2.5,,,,,,,,,,,,,2
523,2-Aminoterephthalic acid,,2-Aminoterephthalic acid,Ni,Ni(NO3)2·6H2O,,DMF,HNO3,85,36,,,,,,1.0,1.5,,,0.6667,Microwave,,,,,,,,,,Sintesi aggiuntiva MOF: Synth-MOF-Ni-23,Synth-MOF-Ni-23,1.5,,,,,,,,,,,,,2
524,"2,5-Dihydroxyterephthalic acid (H4DOBDC)",,"2,5-Dihydroxyterephthalic acid (H4DOBDC)",Ni,Ni(OAc)2·4H2O,,DEF,Triethylamine,100,48,,,,,,1.0,5.0,,,0.2,Sonochemical,,,,,,,,,,Sintesi aggiuntiva MOF: Synth-MOF-Ni-24,Synth-MOF-Ni-24,5.0,,,,,,,,,,,,,2
525,"4,4'-Biphenyldicarboxylic acid (H2BPDC)",,"4,4'-Biphenyldicarboxylic acid (H2BPDC)",Fe,FeCl3·6H2O,,MeOH,Triethylamine,120,4,,,,,,1.5,5.0,,,0.3,Solvothermal,,,,,,,,,,Sintesi aggiuntiva MOF: Synth-MOF-Fe-25,Synth-MOF-Fe-25,5.0,,,,,,,,,,,,,2
526,"2,6-Naphthalenedicarboxylic acid (2,6-NDC)",,"2,6-Naphthalenedicarboxylic acid (2,6-NDC)",Fe,Fe(NO3)3·9H2O,,EtOH,HNO3,130,4,,,,,,1.5,5.0,,,0.3,Hydrothermal,,,,,,,,,,Sintesi aggiuntiva MOF: Synth-MOF-Fe-26,Synth-MOF-Fe-26,5.0,,,,,,,,,,,,,2
527,Fumaric acid,,Fumaric acid,Al,Al(NO3)3·9H2O,,H2O,,60,24,,,,,,1.5,2.5,,,0.6,Precipitation,,,,,,,,,,Sintesi aggiuntiva MOF: Synth-MOF-Al-27,Synth-MOF-Al-27,2.5,,,,,,,,,,,,,2
528,Isophthalic acid,,Isophthalic acid,Al,AlCl3·6H2O,,DMF/EtOH/H2O,Benzoic acid,25,2,,,,,,1.0,1.5,,,0.6667,Room Temperature,,,,,,,,,,Sintesi aggiuntiva MOF: Synth-MOF-Al-28,Synth-MOF-Al-28,1.5,,,,,,,,,,,,,2
529,5-Nitroisophthalic acid,,5-Nitroisophthalic acid,Zr,ZrCl4,,DMF/H2O,Formic acid,85,36,,,,,,0.25,2.0,,,0.125,Microwave,,,,,,,,,,Sintesi aggiuntiva MOF: Synth-MOF-Zr-29,Synth-MOF-Zr-29,2.0,,,,,,,,,,,,,2
530,5-Aminoisophthalic acid,,5-Aminoisophthalic acid,Zr,ZrOCl2·8H2O,,DMA,,120,6,,,,,,2.0,4.0,,,0.5,Sonochemical,,,,,,,,,,Sintesi aggiuntiva MOF: Synth-MOF-Zr-30,Synth-MOF-Zr-30,4.0,,,,,,,,,,,,,2
531,Imidazole-2-carboxaldehyde,,Imidazole-2-carboxaldehyde,Mg,Mg(NO3)2·6H2O,,THF/H2O,HCl,150,4,,,,,,0.25,2.0,,,0.125,Solvothermal,,,,,,,,,,Sintesi aggiuntiva MOF: Synth-MOF-Mg-31,Synth-MOF-Mg-31,2.0,,,,,,,,,,,,,2
532,"4,4',4''-Triaminotriphenylamine",,"4,4',4''-Triaminotriphenylamine",Mn,Mn(OAc)2·4H2O,,MeOH/H2O,Acetic acid,80,72,,,,,,2.0,1.0,,,2.0,Hydrothermal,,,,,,,,,,Sintesi aggiuntiva MOF: Synth-MOF-Mn-32,Synth-MOF-Mn-32,1.0,,,,,,,,,,,,,2
533,Tetrakis(4-carboxyphenyl)porphyrin (TCPP),,Tetrakis(4-carboxyphenyl)porphyrin (TCPP),Zn,Zn(NO3)2·6H2O,,MeCN,Benzoic acid,100,36,,,,,,2.0,2.0,,,1.0,Precipitation,,,,,,,,,,Sintesi aggiuntiva MOF: Synth-MOF-Zn-33,Synth-MOF-Zn-33,2.0,,,,,,,,,,,,,2
534,"Pyrazine-2,3-dicarboxylic acid",,"Pyrazine-2,3-dicarboxylic acid",Zn,Zn(OAc)2·2H2O,,DMF,HCl,25,6,,,,,,0.25,3.0,,,0.0833,Room Temperature,,,,,,,,,,Sintesi aggiuntiva MOF: Synth-MOF-Zn-34,Synth-MOF-Zn-34,3.0,,,,,,,,,,,,,2
535,"4,4'-Bipyridine",,"4,4'-Bipyridine",Cu,Cu(NO3)2·2.5H2O,,DEF,Triethylamine,80,48,,,,,,0.5,2.0,,,0.25,Microwave,,,,,,,,,,Sintesi aggiuntiva MOF: Synth-MOF-Cu-35,Synth-MOF-Cu-35,2.0,,,,,,,,,,,,,2
536,"1,2,4-Triazole",,"1,2,4-Triazole",Cu,Cu(OAc)2·H2O,,MeOH,Triethylamine,130,24,,,,,,1.5,1.0,,,1.5,Sonochemical,,,,,,,,,,Sintesi aggiuntiva MOF: Synth-MOF-Cu-36,Synth-MOF-Cu-36,1.0,,,,,,,,,,,,,2
537,"1,4-Benzenedicarboxylic acid (H2BDC)",,"1,4-Benzenedicarboxylic acid (H2BDC)",Co,Co(NO3)2·6H2O,,EtOH,HCl,80,4,,,,,,3.0,1.0,,,3.0,Solvothermal,,,,,,,,,,Sintesi aggiuntiva MOF: Synth-MOF-Co-37,Synth-MOF-Co-37,1.0,,,,,,,,,,,,,2
538,"1,3,5-Benzenetricarboxylic acid (H3BTC)",,"1,3,5-Benzenetricarboxylic acid (H3BTC)",Co,Co(OAc)2·4H2O,,H2O,Triethylamine,180,36,,,,,,0.25,2.0,,,0.125,Hydrothermal,,,,,,,,,,Sintesi aggiuntiva MOF: Synth-MOF-Co-38,Synth-MOF-Co-38,2.0,,,,,,,,,,,,,2
539,2-Methylimidazole,,2-Methylimidazole,Ni,Ni(NO3)2·6H2O,,DMF/EtOH/H2O,Acetic acid,180,18,,,,,,2.0,5.0,,,0.4,Precipitation,,,,,,,,,,Sintesi aggiuntiva MOF: Synth-MOF-Ni-39,Synth-MOF-Ni-39,5.0,,,,,,,,,,,,,2
540,Benzimidazole,,Benzimidazole,Ni,Ni(OAc)2·4H2O,,DMF/H2O,,25,18,,,,,,0.5,5.0,,,0.1,Room Temperature,,,,,,,,,,Sintesi aggiuntiva MOF: Synth-MOF-Ni-40,Synth-MOF-Ni-40,5.0,,,,,,,,,,,,,2
541,2-Aminoterephthalic acid,,2-Aminoterephthalic acid,Fe,FeCl3·6H2O,,DMA,,200,2,,,,,,4.0,0.5,,,8.0,Microwave,,,,,,,,,,Sintesi aggiuntiva MOF: Synth-MOF-Fe-41,Synth-MOF-Fe-41,0.5,,,,,,,,,,,,,2
542,"2,5-Dihydroxyterephthalic acid (H4DOBDC)",,"2,5-Dihydroxyterephthalic acid (H4DOBDC)",Fe,Fe(NO3)3·9H2O,,THF/H2O,Formic acid,180,2,,,,,,4.0,2.0,,,2.0,Sonochemical,,,,,,,,,,Sintesi aggiuntiva MOF: Synth-MOF-Fe-42,Synth-MOF-Fe-42,2.0,,,,,,,,,,,,,2
543,"4,4'-Biphenyldicarboxylic acid (H2BPDC)",,"4,4'-Biphenyldicarboxylic acid (H2BPDC)",Al,Al(NO3)3·9H2O,,MeOH/H2O,Formic acid,85,2,,,,,,1.0,5.0,,,0.2,Solvothermal,,,,,,,,,,Sintesi aggiuntiva MOF: Synth-MOF-Al-43,Synth-MOF-Al-43,5.0,,,,,,,,,,,,,2
544,"2,6-Naphthalenedicarboxylic acid (2,6-NDC)",,"2,6-Naphthalenedicarboxylic acid (2,6-NDC)",Al,AlCl3·6H2O,,MeCN,Acetic acid,60,18,,,,,,4.0,1.0,,,4.0,Hydrothermal,,,,,,,,,,Sintesi aggiuntiva MOF: Synth-MOF-Al-44,Synth-MOF-Al-44,1.0,,,,,,,,,,,,,2
545,Fumaric acid,,Fumaric acid,Zr,ZrCl4,,DMF,Acetic acid,200,36,,,,,,1.5,0.5,,,3.0,Precipitation,,,,,,,,,,Sintesi aggiuntiva MOF: Synth-MOF-Zr-45,Synth-MOF-Zr-45,0.5,,,,,,,,,,,,,2
546,Isophthalic acid,,Isophthalic acid,Zr,ZrOCl2·8H2O,,DEF,Benzoic acid,25,2,,,,,,4.0,5.0,,,0.8,Room Temperature,,,,,,,,,,Sintesi aggiuntiva MOF: Synth-MOF-Zr-46,Synth-MOF-Zr-46,5.0,,,,,,,,,,,,,2
547,5-Nitroisophthalic acid,,5-Nitroisophthalic acid,Mg,Mg(NO3)2·6H2O,,MeOH,Triethylamine,180,18,,,,,,1.5,1.5,,,1.0,Microwave,,,,,,,,,,Sintesi aggiuntiva MOF: Synth-MOF-Mg-47,Synth-MOF-Mg-47,1.5,,,,,,,,,,,,,2
548,5-Aminoisophthalic acid,,5-Aminoisophthalic acid,Mn,Mn(OAc)2·4H2O,,EtOH,Benzoic acid,85,2,,,,,,2.0,1.5,,,1.3333,Sonochemical,,,,,,,,,,Sintesi aggiuntiva MOF: Synth-MOF-Mn-48,Synth-MOF-Mn-48,1.5,,,,,,,,,,,,,2
549,Imidazole-2-carboxaldehyde,,Imidazole-2-carboxaldehyde,Zn,Zn(NO3)2·6H2O,,H2O,Benzoic acid,85,2,,,,,,0.5,2.5,,,0.2,Solvothermal,,,,,,,,,,Sintesi aggiuntiva MOF: Synth-MOF-Zn-49,Synth-MOF-Zn-49,2.5,,,,,,,,,,,,,2
550,"4,4',4''-Triaminotriphenylamine",,"4,4',4''-Triaminotriphenylamine",Zn,Zn(OAc)2·2H2O,,DMF/EtOH/H2O,Acetic acid,150,72,,,,,,4.0,4.0,,,1.0,Hydrothermal,,,,,,,,,,Sintesi aggiuntiva MOF: Synth-MOF-Zn-50,Synth-MOF-Zn-50,4.0,,,,,,,,,,,,,2
551,Tetrakis(4-carboxyphenyl)porphyrin (TCPP),,Tetrakis(4-carboxyphenyl)porphyrin (TCPP),Cu,Cu(NO3)2·2.5H2O,,DMF/H2O,HNO3,85,36,,,,,,1.5,0.5,,,3.0,Precipitation,,,,,,,,,,Sintesi aggiuntiva MOF: Synth-MOF-Cu-51,Synth-MOF-Cu-51,0.5,,,,,,,,,,,,,2
552,"Pyrazine-2,3-dicarboxylic acid",,"Pyrazine-2,3-dicarboxylic acid",Cu,Cu(OAc)2·H2O,,DMA,Benzoic acid,25,12,,,,,,2.0,3.0,,,0.6667,Room Temperature,,,,,,,,,,Sintesi aggiuntiva MOF: Synth-MOF-Cu-52,Synth-MOF-Cu-52,3.0,,,,,,,,,,,,,2
553,"4,4'-Bipyridine",,"4,4'-Bipyridine",Co,Co(NO3)2·6H2O,,THF/H2O,Formic acid,150,12,,,,,,4.0,2.5,,,1.6,Microwave,,,,,,,,,,Sintesi aggiuntiva MOF: Synth-MOF-Co-53,Synth-MOF-Co-53,2.5,,,,,,,,,,,,,2
554,"1,2,4-Triazole",,"1,2,4-Triazole",Co,Co(OAc)2·4H2O,,MeOH/H2O,Acetic acid,85,24,,,,,,0.5,2.0,,,0.25,Sonochemical,,,,,,,,,,Sintesi aggiuntiva MOF: Synth-MOF-Co-54,Synth-MOF-Co-54,2.0,,,,,,,,,,,,,2
555,"1,4-Benzenedicarboxylic acid (H2BDC)",,"1,4-Benzenedicarboxylic acid (H2BDC)",Ni,Ni(NO3)2·6H2O,,MeCN,HCl,200,18,,,,,,1.5,3.0,,,0.5,Solvothermal,,,,,,,,,,Sintesi aggiuntiva MOF: Synth-MOF-Ni-55,Synth-MOF-Ni-55,3.0,,,,,,,,,,,,,2
556,"1,3,5-Benzenetricarboxylic acid (H3BTC)",,"1,3,5-Benzenetricarboxylic acid (H3BTC)",Ni,Ni(OAc)2·4H2O,,DMF,Benzoic acid,100,36,,,,,,0.25,2.0,,,0.125,Hydrothermal,,,,,,,,,,Sintesi aggiuntiva MOF: Synth-MOF-Ni-56,Synth-MOF-Ni-56,2.0,,,,,,,,,,,,,2
557,2-Methylimidazole,,2-Methylimidazole,Fe,FeCl3·6H2O,,DEF,Triethylamine,60,2,,,,,,1.0,0.5,,,2.0,Precipitation,,,,,,,,,,Sintesi aggiuntiva MOF: Synth-MOF-Fe-57,Synth-MOF-Fe-57,0.5,,,,,,,,,,,,,2
558,Benzimidazole,,Benzimidazole,Fe,Fe(NO3)3·9H2O,,MeOH,,25,72,,,,,,2.0,2.0,,,1.0,Room Temperature,,,,,,,,,,Sintesi aggiuntiva MOF: Synth-MOF-Fe-58,Synth-MOF-Fe-58,2.0,,,,,,,,,,,,,2
559,2-Aminoterephthalic acid,,2-Aminoterephthalic acid,Al,Al(NO3)3·9H2O,,EtOH,,85,36,,,,,,1.0,3.0,,,0.3333,Microwave,,,,,,,,,,Sintesi aggiuntiva MOF: Synth-MOF-Al-59,Synth-MOF-Al-59,3.0,,,,,,,,,,,,,2
560,"2,5-Dihydroxyterephthalic acid (H4DOBDC)",,"2,5-Dihydroxyterephthalic acid (H4DOBDC)",Al,AlCl3·6H2O,,H2O,HCl,120,2,,,,,,0.5,1.5,,,0.3333,Sonochemical,,,,,,,,,,Sintesi aggiuntiva MOF: Synth-MOF-Al-60,Synth-MOF-Al-60,1.5,,,,,,,,,,,,,2
561,"4,4'-Biphenyldicarboxylic acid (H2BPDC)",,"4,4'-Biphenyldicarboxylic acid (H2BPDC)",Zr,ZrCl4,,DMF/EtOH/H2O,HCl,180,24,,,,,,0.25,5.0,,,0.05,Solvothermal,,,,,,,,,,Sintesi aggiuntiva MOF: Synth-MOF-Zr-61,Synth-MOF-Zr-61,5.0,,,,,,,,,,,,,2
562,"2,6-Naphthalenedicarboxylic acid (2,6-NDC)",,"2,6-Naphthalenedicarboxylic acid (2,6-NDC)",Zr,ZrOCl2·8H2O,,DMF/H2O,HCl,60,2,,,,,,1.5,1.0,,,1.5,Hydrothermal,,,,,,,,,,Sintesi aggiuntiva MOF: Synth-MOF-Zr-62,Synth-MOF-Zr-62,1.0,,,,,,,,,,,,,2
563,Fumaric acid,,Fumaric acid,Mg,Mg(NO3)2·6H2O,,DMA,HNO3,150,4,,,,,,0.25,1.5,,,0.1667,Precipitation,,,,,,,,,,Sintesi aggiuntiva MOF: Synth-MOF-Mg-63,Synth-MOF-Mg-63,1.5,,,,,,,,,,,,,2
564,Isophthalic acid,,Isophthalic acid,Mn,Mn(OAc)2·4H2O,,THF/H2O,Formic acid,25,2,,,,,,0.25,5.0,,,0.05,Room Temperature,,,,,,,,,,Sintesi aggiuntiva MOF: Synth-MOF-Mn-64,Synth-MOF-Mn-64,5.0,,,,,,,,,,,,,2
565,5-Nitroisophthalic acid,,5-Nitroisophthalic acid,Zn,Zn(NO3)2·6H2O,,MeOH/H2O,Triethylamine,60,4,,,,,,1.5,1.0,,,1.5,Microwave,,,,,,,,,,Sintesi aggiuntiva MOF: Synth-MOF-Zn-65,Synth-MOF-Zn-65,1.0,,,,,,,,,,,,,2
566,5-Aminoisophthalic acid,,5-Aminoisophthalic acid,Zn,Zn(OAc)2·2H2O,,MeCN,,150,18,,,,,,0.25,5.0,,,0.05,Sonochemical,,,,,,,,,,Sintesi aggiuntiva MOF: Synth-MOF-Zn-66,Synth-MOF-Zn-66,5.0,,,,,,,,,,,,,2
567,Imidazole-2-carboxaldehyde,,Imidazole-2-carboxaldehyde,Cu,Cu(NO3)2·2.5H2O,,DMF,Acetic acid,85,4,,,,,,1.5,2.5,,,0.6,Solvothermal,,,,,,,,,,Sintesi aggiuntiva MOF: Synth-MOF-Cu-67,Synth-MOF-Cu-67,2.5,,,,,,,,,,,,,2
568,"4,4',4''-Triaminotriphenylamine",,"4,4',4''-Triaminotriphenylamine",Cu,Cu(OAc)2·H2O,,DEF,Formic acid,130,36,,,,,,4.0,2.0,,,2.0,Hydrothermal,,,,,,,,,,Sintesi aggiuntiva MOF: Synth-MOF-Cu-68,Synth-MOF-Cu-68,2.0,,,,,,,,,,,,,2
569,Tetrakis(4-carboxyphenyl)porphyrin (TCPP),,Tetrakis(4-carboxyphenyl)porphyrin (TCPP),Co,Co(NO3)2·6H2O,,MeOH,HNO3,180,2,,,,,,3.0,4.0,,,0.75,Precipitation,,,,,,,,,,Sintesi aggiuntiva MOF: Synth-MOF-Co-69,Synth-MOF-Co-69,4.0,,,,,,,,,,,,,2
570,"Pyrazine-2,3-dicarboxylic acid",,"Pyrazine-2,3-dicarboxylic acid",Co,Co(OAc)2·4H2O,,EtOH,Triethylamine,25,12,,,,,,3.0,1.0,,,3.0,Room Temperature,,,,,,,,,,Sintesi aggiuntiva MOF: Synth-MOF-Co-70,Synth-MOF-Co-70,1.0,,,,,,,,,,,,,2
571,"4,4'-Bipyridine",,"4,4'-Bipyridine",Ni,Ni(NO3)2·6H2O,,H2O,Triethylamine,60,72,,,,,,1.0,2.0,,,0.5,Microwave,,,,,,,,,,Sintesi aggiuntiva MOF: Synth-MOF-Ni-71,Synth-MOF-Ni-71,2.0,,,,,,,,,,,,,2
572,"1,2,4-Triazole",,"1,2,4-Triazole",Ni,Ni(OAc)2·4H2O,,DMF/EtOH/H2O,HCl,85,12,,,,,,1.0,2.0,,,0.5,Sonochemical,,,,,,,,,,Sintesi aggiuntiva MOF: Synth-MOF-Ni-72,Synth-MOF-Ni-72,2.0,,,,,,,,,,,,,2
573,"1,4-Benzenedicarboxylic acid (H2BDC)",,"1,4-Benzenedicarboxylic acid (H2BDC)",Fe,FeCl3·6H2O,,DMF/H2O,HCl,85,6,,,,,,1.0,4.0,,,0.25,Solvothermal,,,,,,,,,,Sintesi aggiuntiva MOF: Synth-MOF-Fe-73,Synth-MOF-Fe-73,4.0,,,,,,,,,,,,,2
574,"1,3,5-Benzenetricarboxylic acid (H3BTC)",,"1,3,5-Benzenetricarboxylic acid (H3BTC)",Fe,Fe(NO3)3·9H2O,,DMA,Benzoic acid,150,12,,,,,,0.25,0.5,,,0.5,Hydrothermal,,,,,,,,,,Sintesi aggiuntiva MOF: Synth-MOF-Fe-74,Synth-MOF-Fe-74,0.5,,,,,,,,,,,,,2
575,2-Methylimidazole,,2-Methylimidazole,Al,Al(NO3)3·9H2O,,THF/H2O,HCl,80,48,,,,,,1.0,0.5,,,2.0,Precipitation,,,,,,,,,,Sintesi aggiuntiva MOF: Synth-MOF-Al-75,Synth-MOF-Al-75,0.5,,,,,,,,,,,,,2
576,Benzimidazole,,Benzimidazole,Al,AlCl3·6H2O,,MeOH/H2O,Benzoic acid,25,72,,,,,,0.5,0.5,,,1.0,Room Temperature,,,,,,,,,,Sintesi aggiuntiva MOF: Synth-MOF-Al-76,Synth-MOF-Al-76,0.5,,,,,,,,,,,,,2
577,2-Aminoterephthalic acid,,2-Aminoterephthalic acid,Zr,ZrCl4,,MeCN,,85,36,,,,,,0.5,2.0,,,0.25,Microwave,,,,,,,,,,Sintesi aggiuntiva MOF: Synth-MOF-Zr-77,Synth-MOF-Zr-77,2.0,,,,,,,,,,,,,2
578,"2,5-Dihydroxyterephthalic acid (H4DOBDC)",,"2,5-Dihydroxyterephthalic acid (H4DOBDC)",Zr,ZrOCl2·8H2O,,DMF,Triethylamine,100,2,,,,,,0.25,1.0,,,0.25,Sonochemical,,,,,,,,,,Sintesi aggiuntiva MOF: Synth-MOF-Zr-78,Synth-MOF-Zr-78,1.0,,,,,,,,,,,,,2
579,"4,4'-Biphenyldicarboxylic acid (H2BPDC)",,"4,4'-Biphenyldicarboxylic acid (H2BPDC)",Mg,Mg(NO3)2·6H2O,,DEF,Benzoic acid,120,18,,,,,,1.0,5.0,,,0.2,Solvothermal,,,,,,,,,,Sintesi aggiuntiva MOF: Synth-MOF-Mg-79,Synth-MOF-Mg-79,5.0,,,,,,,,,,,,,2
580,"2,6-Naphthalenedicarboxylic acid (2,6-NDC)",,"2,6-Naphthalenedicarboxylic acid (2,6-NDC)",Mn,Mn(OAc)2·4H2O,,MeOH,Formic acid,200,72,,,,,,1.0,1.5,,,0.6667,Hydrothermal,,,,,,,,,,Sintesi aggiuntiva MOF: Synth-MOF-Mn-80,Synth-MOF-Mn-80,1.5,,,,,,,,,,,,,2
581,Fumaric acid,,Fumaric acid,Zn,Zn(NO3)2·6H2O,,EtOH,HCl,100,48,,,,,,0.25,3.0,,,0.0833,Precipitation,,,,,,,,,,Sintesi aggiuntiva MOF: Synth-MOF-Zn-81,Synth-MOF-Zn-81,3.0,,,,,,,,,,,,,2
582,Isophthalic acid,,Isophthalic acid,Zn,Zn(OAc)2·2H2O,,H2O,Triethylamine,25,2,,,,,,1.5,5.0,,,0.3,Room Temperature,,,,,,,,,,Sintesi aggiuntiva MOF: Synth-MOF-Zn-82,Synth-MOF-Zn-82,5.0,,,,,,,,,,,,,2
583,5-Nitroisophthalic acid,,5-Nitroisophthalic acid,Cu,Cu(NO3)2·2.5H2O,,DMF/EtOH/H2O,Triethylamine,180,12,,,,,,1.0,3.0,,,0.3333,Microwave,,,,,,,,,,Sintesi aggiuntiva MOF: Synth-MOF-Cu-83,Synth-MOF-Cu-83,3.0,,,,,,,,,,,,,2
584,5-Aminoisophthalic acid,,5-Aminoisophthalic acid,Cu,Cu(OAc)2·H2O,,DMF/H2O,Acetic acid,200,6,,,,,,2.0,0.5,,,4.0,Sonochemical,,,,,,,,,,Sintesi aggiuntiva MOF: Synth-MOF-Cu-84,Synth-MOF-Cu-84,0.5,,,,,,,,,,,,,2
585,Imidazole-2-carboxaldehyde,,Imidazole-2-carboxaldehyde,Co,Co(NO3)2·6H2O,,DMA,HNO3,80,4,,,,,,1.0,3.0,,,0.3333,Solvothermal,,,,,,,,,,Sintesi aggiuntiva MOF: Synth-MOF-Co-85,Synth-MOF-Co-85,3.0,,,,,,,,,,,,,2
586,"4,4',4''-Triaminotriphenylamine",,"4,4',4''-Triaminotriphenylamine",Co,Co(OAc)2·4H2O,,THF/H2O,,200,12,,,,,,1.5,0.5,,,3.0,Hydrothermal,,,,,,,,,,Sintesi aggiuntiva MOF: Synth-MOF-Co-86,Synth-MOF-Co-86,0.5,,,,,,,,,,,,,2
587,Tetrakis(4-carboxyphenyl)porphyrin (TCPP),,Tetrakis(4-carboxyphenyl)porphyrin (TCPP),Ni,Ni(NO3)2·6H2O,,MeOH/H2O,Formic acid,120,12,,,,,,4.0,5.0,,,0.8,Precipitation,,,,,,,,,,Sintesi aggiuntiva MOF: Synth-MOF-Ni-87,Synth-MOF-Ni-87,5.0,,,,,,,,,,,,,2
588,"Pyrazine-2,3-dicarboxylic acid",,"Pyrazine-2,3-dicarboxylic acid",Ni,Ni(OAc)2·4H2O,,MeCN,HCl,25,2,,,,,,0.25,5.0,,,0.05,Room Temperature,,,,,,,,,,Sintesi aggiuntiva MOF: Synth-MOF-Ni-88,Synth-MOF-Ni-88,5.0,,,,,,,,,,,,,2
589,"4,4'-Bipyridine",,"4,4'-Bipyridine",Fe,FeCl3·6H2O,,DMF,Triethylamine,85,24,,,,,,3.0,4.0,,,0.75,Microwave,,,,,,,,,,Sintesi aggiuntiva MOF: Synth-MOF-Fe-89,Synth-MOF-Fe-89,4.0,,,,,,,,,,,,,2
590,"1,2,4-Triazole",,"1,2,4-Triazole",Fe,Fe(NO3)3·9H2O,,DEF,Triethylamine,130,24,,,,,,1.0,2.5,,,0.4,Sonochemical,,,,,,,,,,Sintesi aggiuntiva MOF: Synth-MOF-Fe-90,Synth-MOF-Fe-90,2.5,,,,,,,,,,,,,2
591,"1,4-Benzenedicarboxylic acid (H2BDC)",,"1,4-Benzenedicarboxylic acid (H2BDC)",Al,Al(NO3)3·9H2O,,MeOH,,180,4,,,,,,3.0,2.5,,,1.2,Solvothermal,,,,,,,,,,Sintesi aggiuntiva MOF: Synth-MOF-Al-91,Synth-MOF-Al-91,2.5,,,,,,,,,,,,,2
592,"1,3,5-Benzenetricarboxylic acid (H3BTC)",,"1,3,5-Benzenetricarboxylic acid (H3BTC)",Al,AlCl3·6H2O,,EtOH,Formic acid,60,18,,,,,,2.0,2.0,,,1.0,Hydrothermal,,,,,,,,,,Sintesi aggiuntiva MOF: Synth-MOF-Al-92,Synth-MOF-Al-92,2.0,,,,,,,,,,,,,2
593,2-Methylimidazole,,2-Methylimidazole,Zr,ZrCl4,,H2O,,100,6,,,,,,0.25,5.0,,,0.05,Precipitation,,,,,,,,,,Sintesi aggiuntiva MOF: Synth-MOF-Zr-93,Synth-MOF-Zr-93,5.0,,,,,,,,,,,,,2
594,Benzimidazole,,Benzimidazole,Zr,ZrOCl2·8H2O,,DMF/EtOH/H2O,HCl,25,18,,,,,,1.0,3.0,,,0.3333,Room Temperature,,,,,,,,,,Sintesi aggiuntiva MOF: Synth-MOF-Zr-94,Synth-MOF-Zr-94,3.0,,,,,,,,,,,,,2
595,2-Aminoterephthalic acid,,2-Aminoterephthalic acid,Mg,Mg(NO3)2·6H2O,,DMF/H2O,,200,18,,,,,,2.0,5.0,,,0.4,Microwave,,,,,,,,,,Sintesi aggiuntiva MOF: Synth-MOF-Mg-95,Synth-MOF-Mg-95,5.0,,,,,,,,,,,,,2
596,"2,5-Dihydroxyterephthalic acid (H4DOBDC)",,"2,5-Dihydroxyterephthalic acid (H4DOBDC)",Mn,Mn(OAc)2·4H2O,,DMA,HCl,120,6,,,,,,0.25,2.0,,,0.125,Sonochemical,,,,,,,,,,Sintesi aggiuntiva MOF: Synth-MOF-Mn-96,Synth-MOF-Mn-96,2.0,,,,,,,,,,,,,2
597,"4,4'-Biphenyldicarboxylic acid (H2BPDC)",,"4,4'-Biphenyldicarboxylic acid (H2BPDC)",Zn,Zn(NO3)2·6H2O,,THF/H2O,Acetic acid,120,36,,,,,,1.0,0.5,,,2.0,Solvothermal,,,,,,,,,,Sintesi aggiuntiva MOF: Synth-MOF-Zn-97,Synth-MOF-Zn-97,0.5,,,,,,,,,,,,,2
598,"2,6-Naphthalenedicarboxylic acid (2,6-NDC)",,"2,6-Naphthalenedicarboxylic acid (2,6-NDC)",Zn,Zn(OAc)2·2H2O,,MeOH/H2O,Triethylamine,200,24,,,,,,1.0,1.0,,,1.0,Hydrothermal,,,,,,,,,,Sintesi aggiuntiva MOF: Synth-MOF-Zn-98,Synth-MOF-Zn-98,1.0,,,,,,,,,,,,,2
599,Fumaric acid,,Fumaric acid,Cu,Cu(NO3)2·2.5H2O,,MeCN,Triethylamine,180,4,,,,,,4.0,5.0,,,0.8,Precipitation,,,,,,,,,,Sintesi aggiuntiva MOF: Synth-MOF-Cu-99,Synth-MOF-Cu-99,5.0,,,,,,,,,,,,,2
600,Isophthalic acid,,Isophthalic acid,Cu,Cu(OAc)2·H2O,,DMF,Formic acid,25,36,,,,,,4.0,1.0,,,4.0,Room Temperature,,,,,,,,,,Sintesi aggiuntiva MOF: Synth-MOF-Cu-100,Synth-MOF-Cu-100,1.0,,,,,,,,,,,,,2
601,5-Nitroisophthalic acid,,5-Nitroisophthalic acid,Co,Co(NO3)2·6H2O,,DEF,,80,2,,,,,,0.25,5.0,,,0.05,Microwave,,,,,,,,,,Sintesi aggiuntiva MOF: Synth-MOF-Co-101,Synth-MOF-Co-101,5.0,,,,,,,,,,,,,2
602,5-Aminoisophthalic acid,,5-Aminoisophthalic acid,Co,Co(OAc)2·4H2O,,MeOH,Benzoic acid,130,36,,,,,,0.5,2.5,,,0.2,Sonochemical,,,,,,,,,,Sintesi aggiuntiva MOF: Synth-MOF-Co-102,Synth-MOF-Co-102,2.5,,,,,,,,,,,,,2
603,Imidazole-2-carboxaldehyde,,Imidazole-2-carboxaldehyde,Ni,Ni(NO3)2·6H2O,,EtOH,HCl,85,4,,,,,,2.0,0.5,,,4.0,Solvothermal,,,,,,,,,,Sintesi aggiuntiva MOF: Synth-MOF-Ni-103,Synth-MOF-Ni-103,0.5,,,,,,,,,,,,,2
604,"4,4',4''-Triaminotriphenylamine",,"4,4',4''-Triaminotriphenylamine",Ni,Ni(OAc)2·4H2O,,H2O,HCl,150,72,,,,,,2.0,2.0,,,1.0,Hydrothermal,,,,,,,,,,Sintesi aggiuntiva MOF: Synth-MOF-Ni-104,Synth-MOF-Ni-104,2.0,,,,,,,,,,,,,2
605,Tetrakis(4-carboxyphenyl)porphyrin (TCPP),,Tetrakis(4-carboxyphenyl)porphyrin (TCPP),Fe,FeCl3·6H2O,,DMF/EtOH/H2O,Triethylamine,60,48,,,,,,3.0,5.0,,,0.6,Precipitation,,,,,,,,,,Sintesi aggiuntiva MOF: Synth-MOF-Fe-105,Synth-MOF-Fe-105,5.0,,,,,,,,,,,,,2
606,"Pyrazine-2,3-dicarboxylic acid",,"Pyrazine-2,3-dicarboxylic acid",Fe,Fe(NO3)3·9H2O,,DMF/H2O,HCl,25,6,,,,,,4.0,4.0,,,1.0,Room Temperature,,,,,,,,,,Sintesi aggiuntiva MOF: Synth-MOF-Fe-106,Synth-MOF-Fe-106,4.0,,,,,,,,,,,,,2
607,"4,4'-Bipyridine",,"4,4'-Bipyridine",Al,Al(NO3)3·9H2O,,DMA,Benzoic acid,80,4,,,,,,4.0,5.0,,,0.8,Microwave,,,,,,,,,,Sintesi aggiuntiva MOF: Synth-MOF-Al-107,Synth-MOF-Al-107,5.0,,,,,,,,,,,,,2
608,"1,2,4-Triazole",,"1,2,4-Triazole",Al,AlCl3·6H2O,,THF/H2O,Benzoic acid,130,6,,,,,,0.5,0.5,,,1.0,Sonochemical,,,,,,,,,,Sintesi aggiuntiva MOF: Synth-MOF-Al-108,Synth-MOF-Al-108,0.5,,,,,,,,,,,,,2
609,"1,4-Benzenedicarboxylic acid (H2BDC)",,"1,4-Benzenedicarboxylic acid (H2BDC)",Zr,ZrCl4,,MeOH/H2O,Acetic acid,130,24,,,,,,1.5,0.5,,,3.0,Solvothermal,,,,,,,,,,Sintesi aggiuntiva MOF: Synth-MOF-Zr-109,Synth-MOF-Zr-109,0.5,,,,,,,,,,,,,2
610,"1,3,5-Benzenetricarboxylic acid (H3BTC)",,"1,3,5-Benzenetricarboxylic acid (H3BTC)",Zr,ZrOCl2·8H2O,,MeCN,HNO3,130,24,,,,,,1.5,1.5,,,1.0,Hydrothermal,,,,,,,,,,Sintesi aggiuntiva MOF: Synth-MOF-Zr-110,Synth-MOF-Zr-110,1.5,,,,,,,,,,,,,2
611,2-Methylimidazole,,2-Methylimidazole,Mg,Mg(NO3)2·6H2O,,DMF,HCl,60,48,,,,,,1.5,2.5,,,0.6,Precipitation,,,,,,,,,,Sintesi aggiuntiva MOF: Synth-MOF-Mg-111,Synth-MOF-Mg-111,2.5,,,,,,,,,,,,,2
612,Benzimidazole,,Benzimidazole,Mn,Mn(OAc)2·4H2O,,DEF,Triethylamine,25,18,,,,,,1.5,4.0,,,0.375,Room Temperature,,,,,,,,,,Sintesi aggiuntiva MOF: Synth-MOF-Mn-112,Synth-MOF-Mn-112,4.0,,,,,,,,,,,,,2
613,2-Aminoterephthalic acid,,2-Aminoterephthalic acid,Zn,Zn(NO3)2·6H2O,,MeOH,HNO3,100,6,,,,,,1.5,4.0,,,0.375,Microwave,,,,,,,,,,Sintesi aggiuntiva MOF: Synth-MOF-Zn-113,Synth-MOF-Zn-113,4.0,,,,,,,,,,,,,2
614,"2,5-Dihydroxyterephthalic acid (H4DOBDC)",,"2,5-Dihydroxyterephthalic acid (H4DOBDC)",Zn,Zn(OAc)2·2H2O,,EtOH,Formic acid,80,6,,,,,,4.0,0.5,,,8.0,Sonochemical,,,,,,,,,,Sintesi aggiuntiva MOF: Synth-MOF-Zn-114,Synth-MOF-Zn-114,0.5,,,,,,,,,,,,,2
615,"4,4'-Biphenyldicarboxylic acid (H2BPDC)",,"4,4'-Biphenyldicarboxylic acid (H2BPDC)",Cu,Cu(NO3)2·2.5H2O,,H2O,Triethylamine,150,18,,,,,,2.0,1.0,,,2.0,Solvothermal,,,,,,,,,,Sintesi aggiuntiva MOF: Synth-MOF-Cu-115,Synth-MOF-Cu-115,1.0,,,,,,,,,,,,,2
616,"2,6-Naphthalenedicarboxylic acid (2,6-NDC)",,"2,6-Naphthalenedicarboxylic acid (2,6-NDC)",Cu,Cu(OAc)2·H2O,,DMF/EtOH/H2O,,150,72,,,,,,2.0,2.0,,,1.0,Hydrothermal,,,,,,,,,,Sintesi aggiuntiva MOF: Synth-MOF-Cu-116,Synth-MOF-Cu-116,2.0,,,,,,,,,,,,,2
617,Fumaric acid,,Fumaric acid,Co,Co(NO3)2·6H2O,,DMF/H2O,Triethylamine,60,4,,,,,,3.0,5.0,,,0.6,Precipitation,,,,,,,,,,Sintesi aggiuntiva MOF: Synth-MOF-Co-117,Synth-MOF-Co-117,5.0,,,,,,,,,,,,,2
618,Isophthalic acid,,Isophthalic acid,Co,Co(OAc)2·4H2O,,DMA,HNO3,25,72,,,,,,2.0,5.0,,,0.4,Room Temperature,,,,,,,,,,Sintesi aggiuntiva MOF: Synth-MOF-Co-118,Synth-MOF-Co-118,5.0,,,,,,,,,,,,,2
619,5-Nitroisophthalic acid,,5-Nitroisophthalic acid,Ni,Ni(NO3)2·6H2O,,THF/H2O,HNO3,60,36,,,,,,4.0,5.0,,,0.8,Microwave,,,,,,,,,,Sintesi aggiuntiva MOF: Synth-MOF-Ni-119,Synth-MOF-Ni-119,5.0,,,,,,,,,,,,,2
620,5-Aminoisophthalic acid,,5-Aminoisophthalic acid,Ni,Ni(OAc)2·4H2O,,MeOH/H2O,Acetic acid,130,36,,,,,,1.5,1.5,,,1.0,Sonochemical,,,,,,,,,,Sintesi aggiuntiva MOF: Synth-MOF-Ni-120,Synth-MOF-Ni-120,1.5,,,,,,,,,,,,,2
621,Imidazole-2-carboxaldehyde,,Imidazole-2-carboxaldehyde,Fe,FeCl3·6H2O,,MeCN,HNO3,85,18,,,,,,0.25,3.0,,,0.0833,Solvothermal,,,,,,,,,,Sintesi aggiuntiva MOF: Synth-MOF-Fe-121,Synth-MOF-Fe-121,3.0,,,,,,,,,,,,,2
622,"4,4',4''-Triaminotriphenylamine",,"4,4',4''-Triaminotriphenylamine",Fe,Fe(NO3)3·9H2O,,DMF,Triethylamine,120,2,,,,,,3.0,3.0,,,1.0,Hydrothermal,,,,,,,,,,Sintesi aggiuntiva MOF: Synth-MOF-Fe-122,Synth-MOF-Fe-122,3.0,,,,,,,,,,,,,2
623,Tetrakis(4-carboxyphenyl)porphyrin (TCPP),,Tetrakis(4-carboxyphenyl)porphyrin (TCPP),Al,Al(NO3)3·9H2O,,DEF,Acetic acid,100,18,,,,,,0.5,2.0,,,0.25,Precipitation,,,,,,,,,,Sintesi aggiuntiva MOF: Synth-MOF-Al-123,Synth-MOF-Al-123,2.0,,,,,,,,,,,,,2
624,"Pyrazine-2,3-dicarboxylic acid",,"Pyrazine-2,3-dicarboxylic acid",Al,AlCl3·6H2O,,MeOH,,25,18,,,,,,1.5,4.0,,,0.375,Room Temperature,,,,,,,,,,Sintesi aggiuntiva MOF: Synth-MOF-Al-124,Synth-MOF-Al-124,4.0,,,,,,,,,,,,,2
625,"4,4'-Bipyridine",,"4,4'-Bipyridine",Zr,ZrCl4,,EtOH,Triethylamine,120,36,,,,,,0.5,1.0,,,0.5,Microwave,,,,,,,,,,Sintesi aggiuntiva MOF: Synth-MOF-Zr-125,Synth-MOF-Zr-125,1.0,,,,,,,,,,,,,2
626,"1,2,4-Triazole",,"1,2,4-Triazole",Zr,ZrOCl2·8H2O,,H2O,Benzoic acid,120,12,,,,,,1.5,1.0,,,1.5,Sonochemical,,,,,,,,,,Sintesi aggiuntiva MOF: Synth-MOF-Zr-126,Synth-MOF-Zr-126,1.0,,,,,,,,,,,,,2
627,"1,4-Benzenedicarboxylic acid (H2BDC)",,"1,4-Benzenedicarboxylic acid (H2BDC)",Mg,Mg(NO3)2·6H2O,,DMF/EtOH/H2O,HNO3,85,2,,,,,,2.0,5.0,,,0.4,Solvothermal,,,,,,,,,,Sintesi aggiuntiva MOF: Synth-MOF-Mg-127,Synth-MOF-Mg-127,5.0,,,,,,,,,,,,,2
628,"1,3,5-Benzenetricarboxylic acid (H3BTC)",,"1,3,5-Benzenetricarboxylic acid (H3BTC)",Mn,Mn(OAc)2·4H2O,,DMF/H2O,Acetic acid,100,48,,,,,,4.0,5.0,,,0.8,Hydrothermal,,,,,,,,,,Sintesi aggiuntiva MOF: Synth-MOF-Mn-128,Synth-MOF-Mn-128,5.0,,,,,,,,,,,,,2
629,2-Methylimidazole,,2-Methylimidazole,Zn,Zn(NO3)2·6H2O,,DMA,Acetic acid,60,12,,,,,,1.5,5.0,,,0.3,Precipitation,,,,,,,,,,Sintesi aggiuntiva MOF: Synth-MOF-Zn-129,Synth-MOF-Zn-129,5.0,,,,,,,,,,,,,2
630,Benzimidazole,,Benzimidazole,Zn,Zn(OAc)2·2H2O,,THF/H2O,,25,6,,,,,,0.25,2.0,,,0.125,Room Temperature,,,,,,,,,,Sintesi aggiuntiva MOF: Synth-MOF-Zn-130,Synth-MOF-Zn-130,2.0,,,,,,,,,,,,,2
631,2-Aminoterephthalic acid,,2-Aminoterephthalic acid,Cu,Cu(NO3)2·2.5H2O,,MeOH/H2O,,85,18,,,,,,1.0,2.0,,,0.5,Microwave,,,,,,,,,,Sintesi aggiuntiva MOF: Synth-MOF-Cu-131,Synth-MOF-Cu-131,2.0,,,,,,,,,,,,,2
632,"2,5-Dihydroxyterephthalic acid (H4DOBDC)",,"2,5-Dihydroxyterephthalic acid (H4DOBDC)",Cu,Cu(OAc)2·H2O,,MeCN,HCl,60,48,,,,,,1.0,1.0,,,1.0,Sonochemical,,,,,,,,,,Sintesi aggiuntiva MOF: Synth-MOF-Cu-132,Synth-MOF-Cu-132,1.0,,,,,,,,,,,,,2
633,"4,4'-Biphenyldicarboxylic acid (H2BPDC)",,"4,4'-Biphenyldicarboxylic acid (H2BPDC)",Co,Co(NO3)2·6H2O,,DMF,Benzoic acid,80,6,,,,,,1.0,1.0,,,1.0,Solvothermal,,,,,,,,,,Sintesi aggiuntiva MOF: Synth-MOF-Co-133,Synth-MOF-Co-133,1.0,,,,,,,,,,,,,2
634,"2,6-Naphthalenedicarboxylic acid (2,6-NDC)",,"2,6-Naphthalenedicarboxylic acid (2,6-NDC)",Co,Co(OAc)2·4H2O,,DEF,Acetic acid,60,48,,,,,,0.5,2.5,,,0.2,Hydrothermal,,,,,,,,,,Sintesi aggiuntiva MOF: Synth-MOF-Co-134,Synth-MOF-Co-134,2.5,,,,,,,,,,,,,2
635,Fumaric acid,,Fumaric acid,Ni,Ni(NO3)2·6H2O,,MeOH,HCl,80,6,,,,,,4.0,0.5,,,8.0,Precipitation,,,,,,,,,,Sintesi aggiuntiva MOF: Synth-MOF-Ni-135,Synth-MOF-Ni-135,0.5,,,,,,,,,,,,,2
636,Isophthalic acid,,Isophthalic acid,Ni,Ni(OAc)2·4H2O,,EtOH,Formic acid,25,18,,,,,,2.0,1.0,,,2.0,Room Temperature,,,,,,,,,,Sintesi aggiuntiva MOF: Synth-MOF-Ni-136,Synth-MOF-Ni-136,1.0,,,,,,,,,,,,,2
637,5-Nitroisophthalic acid,,5-Nitroisophthalic acid,Fe,FeCl3·6H2O,,H2O,HNO3,180,12,,,,,,2.0,0.5,,,4.0,Microwave,,,,,,,,,,Sintesi aggiuntiva MOF: Synth-MOF-Fe-137,Synth-MOF-Fe-137,0.5,,,,,,,,,,,,,2
638,5-Aminoisophthalic acid,,5-Aminoisophthalic acid,Fe,Fe(NO3)3·9H2O,,DMF/EtOH/H2O,,200,12,,,,,,2.0,1.0,,,2.0,Sonochemical,,,,,,,,,,Sintesi aggiuntiva MOF: Synth-MOF-Fe-138,Synth-MOF-Fe-138,1.0,,,,,,,,,,,,,2
639,Imidazole-2-carboxaldehyde,,Imidazole-2-carboxaldehyde,Al,Al(NO3)3·9H2O,,DMF/H2O,HCl,180,6,,,,,,1.0,0.5,,,2.0,Solvothermal,,,,,,,,,,Sintesi aggiuntiva MOF: Synth-MOF-Al-139,Synth-MOF-Al-139,0.5,,,,,,,,,,,,,2
640,"4,4',4''-Triaminotriphenylamine",,"4,4',4''-Triaminotriphenylamine",Al,AlCl3·6H2O,,DMA,Triethylamine,80,2,,,,,,4.0,4.0,,,1.0,Hydrothermal,,,,,,,,,,Sintesi aggiuntiva MOF: Synth-MOF-Al-140,Synth-MOF-Al-140,4.0,,,,,,,,,,,,,2
641,Tetrakis(4-carboxyphenyl)porphyrin (TCPP),,Tetrakis(4-carboxyphenyl)porphyrin (TCPP),Zr,ZrCl4,,THF/H2O,Benzoic acid,120,2,,,,,,2.0,4.0,,,0.5,Precipitation,,,,,,,,,,Sintesi aggiuntiva MOF: Synth-MOF-Zr-141,Synth-MOF-Zr-141,4.0,,,,,,,,,,,,,2
642,"Pyrazine-2,3-dicarboxylic acid",,"Pyrazine-2,3-dicarboxylic acid",Zr,ZrOCl2·8H2O,,MeOH/H2O,Triethylamine,25,72,,,,,,0.25,1.5,,,0.1667,Room Temperature,,,,,,,,,,Sintesi aggiuntiva MOF: Synth-MOF-Zr-142,Synth-MOF-Zr-142,1.5,,,,,,,,,,,,,2
643,"4,4'-Bipyridine",,"4,4'-Bipyridine",Mg,Mg(NO3)2·6H2O,,MeCN,,60,2,,,,,,1.5,3.0,,,0.5,Microwave,,,,,,,,,,Sintesi aggiuntiva MOF: Synth-MOF-Mg-143,Synth-MOF-Mg-143,3.0,,,,,,,,,,,,,2
644,"1,2,4-Triazole",,"1,2,4-Triazole",Mn,Mn(OAc)2·4H2O,,DMF,HCl,130,6,,,,,,1.5,0.5,,,3.0,Sonochemical,,,,,,,,,,Sintesi aggiuntiva MOF: Synth-MOF-Mn-144,Synth-MOF-Mn-144,0.5,,,,,,,,,,,,,2
645,"1,4-Benzenedicarboxylic acid (H2BDC)",,"1,4-Benzenedicarboxylic acid (H2BDC)",Zn,Zn(NO3)2·6H2O,,DEF,Benzoic acid,200,6,,,,,,0.25,2.0,,,0.125,Solvothermal,,,,,,,,,,Sintesi aggiuntiva MOF: Synth-MOF-Zn-145,Synth-MOF-Zn-145,2.0,,,,,,,,,,,,,2
646,"1,3,5-Benzenetricarboxylic acid (H3BTC)",,"1,3,5-Benzenetricarboxylic acid (H3BTC)",Zn,Zn(OAc)2·2H2O,,MeOH,HNO3,100,6,,,,,,4.0,1.0,,,4.0,Hydrothermal,,,,,,,,,,Sintesi aggiuntiva MOF: Synth-MOF-Zn-146,Synth-MOF-Zn-146,1.0,,,,,,,,,,,,,2
647,2-Methylimidazole,,2-Methylimidazole,Cu,Cu(NO3)2·2.5H2O,,EtOH,HCl,120,6,,,,,,0.25,2.0,,,0.125,Precipitation,,,,,,,,,,Sintesi aggiuntiva MOF: Synth-MOF-Cu-147,Synth-MOF-Cu-147,2.0,,,,,,,,,,,,,2
648,Benzimidazole,,Benzimidazole,Cu,Cu(OAc)2·H2O,,H2O,Benzoic acid,25,18,,,,,,2.0,2.0,,,1.0,Room Temperature,,,,,,,,,,Sintesi aggiuntiva MOF: Synth-MOF-Cu-148,Synth-MOF-Cu-148,2.0,,,,,,,,,,,,,2
649,2-Aminoterephthalic acid,,2-Aminoterephthalic acid,Co,Co(NO3)2·6H2O,,DMF/EtOH/H2O,Acetic acid,200,36,,,,,,2.0,2.5,,,0.8,Microwave,,,,,,,,,,Sintesi aggiuntiva MOF: Synth-MOF-Co-149,Synth-MOF-Co-149,2.5,,,,,,,,,,,,,2
650,"2,5-Dihydroxyterephthalic acid (H4DOBDC)",,"2,5-Dihydroxyterephthalic acid (H4DOBDC)",Co,Co(OAc)2·4H2O,,DMF/H2O,HNO3,150,18,,,,,,4.0,1.5,,,2.6667,Sonochemical,,,,,,,,,,Sintesi aggiuntiva MOF: Synth-MOF-Co-150,Synth-MOF-Co-150,1.5,,,,,,,,,,,,,2
651,"4,4'-Biphenyldicarboxylic acid (H2BPDC)",,"4,4'-Biphenyldicarboxylic acid (H2BPDC)",Ni,Ni(NO3)2·6H2O,,DMA,HCl,80,72,,,,,,0.5,1.0,,,0.5,Solvothermal,,,,,,,,,,Sintesi aggiuntiva MOF: Synth-MOF-Ni-151,Synth-MOF-Ni-151,1.0,,,,,,,,,,,,,2
652,"2,6-Naphthalenedicarboxylic acid (2,6-NDC)",,"2,6-Naphthalenedicarboxylic acid (2,6-NDC)",Ni,Ni(OAc)2·4H2O,,THF/H2O,HNO3,60,24,,,,,,3.0,4.0,,,0.75,Hydrothermal,,,,,,,,,,Sintesi aggiuntiva MOF: Synth-MOF-Ni-152,Synth-MOF-Ni-152,4.0,,,,,,,,,,,,,2
653,Fumaric acid,,Fumaric acid,Fe,FeCl3·6H2O,,MeOH/H2O,Acetic acid,180,72,,,,,,1.0,1.0,,,1.0,Precipitation,,,,,,,,,,Sintesi aggiuntiva MOF: Synth-MOF-Fe-153,Synth-MOF-Fe-153,1.0,,,,,,,,,,,,,2
654,Isophthalic acid,,Isophthalic acid,Fe,Fe(NO3)3·9H2O,,MeCN,HNO3,25,4,,,,,,2.0,2.5,,,0.8,Room Temperature,,,,,,,,,,Sintesi aggiuntiva MOF: Synth-MOF-Fe-154,Synth-MOF-Fe-154,2.5,,,,,,,,,,,,,2
655,5-Nitroisophthalic acid,,5-Nitroisophthalic acid,Al,Al(NO3)3·9H2O,,DMF,,130,6,,,,,,2.0,5.0,,,0.4,Microwave,,,,,,,,,,Sintesi aggiuntiva MOF: Synth-MOF-Al-155,Synth-MOF-Al-155,5.0,,,,,,,,,,,,,2
656,5-Aminoisophthalic acid,,5-Aminoisophthalic acid,Al,AlCl3·6H2O,,DEF,Benzoic acid,130,12,,,,,,4.0,0.5,,,8.0,Sonochemical,,,,,,,,,,Sintesi aggiuntiva MOF: Synth-MOF-Al-156,Synth-MOF-Al-156,0.5,,,,,,,,,,,,,2
657,Imidazole-2-carboxaldehyde,,Imidazole-2-carboxaldehyde,Zr,ZrCl4,,MeOH,HCl,200,12,,,,,,3.0,2.0,,,1.5,Solvothermal,,,,,,,,,,Sintesi aggiuntiva MOF: Synth-MOF-Zr-157,Synth-MOF-Zr-157,2.0,,,,,,,,,,,,,2
658,"4,4',4''-Triaminotriphenylamine",,"4,4',4''-Triaminotriphenylamine",Zr,ZrOCl2·8H2O,,EtOH,Acetic acid,85,24,,,,,,1.0,4.0,,,0.25,Hydrothermal,,,,,,,,,,Sintesi aggiuntiva MOF: Synth-MOF-Zr-158,Synth-MOF-Zr-158,4.0,,,,,,,,,,,,,2
659,Tetrakis(4-carboxyphenyl)porphyrin (TCPP),,Tetrakis(4-carboxyphenyl)porphyrin (TCPP),Mg,Mg(NO3)2·6H2O,,H2O,HNO3,85,36,,,,,,1.0,3.0,,,0.3333,Precipitation,,,,,,,,,,Sintesi aggiuntiva MOF: Synth-MOF-Mg-159,Synth-MOF-Mg-159,3.0,,,,,,,,,,,,,2
660,"Pyrazine-2,3-dicarboxylic acid",,"Pyrazine-2,3-dicarboxylic acid",Mn,Mn(OAc)2·4H2O,,DMF/EtOH/H2O,Acetic acid,25,4,,,,,,3.0,2.0,,,1.5,Room Temperature,,,,,,,,,,Sintesi aggiuntiva MOF: Synth-MOF-Mn-160,Synth-MOF-Mn-160,2.0,,,,,,,,,,,,,2
661,"4,4'-Bipyridine",,"4,4'-Bipyridine",Zn,Zn(NO3)2·6H2O,,DMF/H2O,,100,48,,,,,,4.0,2.5,,,1.6,Microwave,,,,,,,,,,Sintesi aggiuntiva MOF: Synth-MOF-Zn-161,Synth-MOF-Zn-161,2.5,,,,,,,,,,,,,2
662,"1,2,4-Triazole",,"1,2,4-Triazole",Zn,Zn(OAc)2·2H2O,,DMA,HCl,150,2,,,,,,2.0,1.5,,,1.3333,Sonochemical,,,,,,,,,,Sintesi aggiuntiva MOF: Synth-MOF-Zn-162,Synth-MOF-Zn-162,1.5,,,,,,,,,,,,,2
663,"1,4-Benzenedicarboxylic acid (H2BDC)",,"1,4-Benzenedicarboxylic acid (H2BDC)",Cu,Cu(NO3)2·2.5H2O,,THF/H2O,Triethylamine,200,2,,,,,,0.25,0.5,,,0.5,Solvothermal,,,,,,,,,,Sintesi aggiuntiva MOF: Synth-MOF-Cu-163,Synth-MOF-Cu-163,0.5,,,,,,,,,,,,,2
664,"1,3,5-Benzenetricarboxylic acid (H3BTC)",,"1,3,5-Benzenetricarboxylic acid (H3BTC)",Cu,Cu(OAc)2·H2O,,MeOH/H2O,HNO3,120,24,,,,,,1.5,1.0,,,1.5,Hydrothermal,,,,,,,,,,Sintesi aggiuntiva MOF: Synth-MOF-Cu-164,Synth-MOF-Cu-164,1.0,,,,,,,,,,,,,2
665,2-Methylimidazole,,2-Methylimidazole,Co,Co(NO3)2·6H2O,,MeCN,HCl,120,24,,,,,,1.0,2.5,,,0.4,Precipitation,,,,,,,,,,Sintesi aggiuntiva MOF: Synth-MOF-Co-165,Synth-MOF-Co-165,2.5,,,,,,,,,,,,,2
666,Benzimidazole,,Benzimidazole,Co,Co(OAc)2·4H2O,,DMF,Formic acid,25,18,,,,,,1.0,2.0,,,0.5,Room Temperature,,,,,,,,,,Sintesi aggiuntiva MOF: Synth-MOF-Co-166,Synth-MOF-Co-166,2.0,,,,,,,,,,,,,2
667,2-Aminoterephthalic acid,,2-Aminoterephthalic acid,Ni,Ni(NO3)2·6H2O,,DEF,,100,72,,,,,,4.0,1.0,,,4.0,Microwave,,,,,,,,,,Sintesi aggiuntiva MOF: Synth-MOF-Ni-167,Synth-MOF-Ni-167,1.0,,,,,,,,,,,,,2
668,"2,5-Dihydroxyterephthalic acid (H4DOBDC)",,"2,5-Dihydroxyterephthalic acid (H4DOBDC)",Ni,Ni(OAc)2·4H2O,,MeOH,Triethylamine,60,2,,,,,,3.0,2.5,,,1.2,Sonochemical,,,,,,,,,,Sintesi aggiuntiva MOF: Synth-MOF-Ni-168,Synth-MOF-Ni-168,2.5,,,,,,,,,,,,,2
669,"4,4'-Biphenyldicarboxylic acid (H2BPDC)",,"4,4'-Biphenyldicarboxylic acid (H2BPDC)",Fe,FeCl3·6H2O,,EtOH,HCl,85,36,,,,,,1.0,0.5,,,2.0,Solvothermal,,,,,,,,,,Sintesi aggiuntiva MOF: Synth-MOF-Fe-169,Synth-MOF-Fe-169,0.5,,,,,,,,,,,,,2
670,"2,6-Naphthalenedicarboxylic acid (2,6-NDC)",,"2,6-Naphthalenedicarboxylic acid (2,6-NDC)",Fe,Fe(NO3)3·9H2O,,H2O,HNO3,180,24,,,,,,1.5,2.0,,,0.75,Hydrothermal,,,,,,,,,,Sintesi aggiuntiva MOF: Synth-MOF-Fe-170,Synth-MOF-Fe-170,2.0,,,,,,,,,,,,,2
671,Fumaric acid,,Fumaric acid,Al,Al(NO3)3·9H2O,,DMF/EtOH/H2O,HCl,180,12,,,,,,0.5,1.0,,,0.5,Precipitation,,,,,,,,,,Sintesi aggiuntiva MOF: Synth-MOF-Al-171,Synth-MOF-Al-171,1.0,,,,,,,,,,,,,2
672,Isophthalic acid,,Isophthalic acid,Al,AlCl3·6H2O,,DMF/H2O,HNO3,25,4,,,,,,1.5,2.0,,,0.75,Room Temperature,,,,,,,,,,Sintesi aggiuntiva MOF: Synth-MOF-Al-172,Synth-MOF-Al-172,2.0,,,,,,,,,,,,,2
673,5-Nitroisophthalic acid,,5-Nitroisophthalic acid,Zr,ZrCl4,,DMA,Triethylamine,200,12,,,,,,1.0,5.0,,,0.2,Microwave,,,,,,,,,,Sintesi aggiuntiva MOF: Synth-MOF-Zr-173,Synth-MOF-Zr-173,5.0,,,,,,,,,,,,,2
674,5-Aminoisophthalic acid,,5-Aminoisophthalic acid,Zr,ZrOCl2·8H2O,,THF/H2O,HCl,60,72,,,,,,2.0,0.5,,,4.0,Sonochemical,,,,,,,,,,Sintesi aggiuntiva MOF: Synth-MOF-Zr-174,Synth-MOF-Zr-174,0.5,,,,,,,,,,,,,2
675,Imidazole-2-carboxaldehyde,,Imidazole-2-carboxaldehyde,Mg,Mg(NO3)2·6H2O,,MeOH/H2O,HNO3,85,24,,,,,,1.0,1.0,,,1.0,Solvothermal,,,,,,,,,,Sintesi aggiuntiva MOF: Synth-MOF-Mg-175,Synth-MOF-Mg-175,1.0,,,,,,,,,,,,,2
676,"4,4',4''-Triaminotriphenylamine",,"4,4',4''-Triaminotriphenylamine",Mn,Mn(OAc)2·4H2O,,MeCN,Acetic acid,200,4,,,,,,3.0,1.0,,,3.0,Hydrothermal,,,,,,,,,,Sintesi aggiuntiva MOF: Synth-MOF-Mn-176,Synth-MOF-Mn-176,1.0,,,,,,,,,,,,,2
677,Tetrakis(4-carboxyphenyl)porphyrin (TCPP),,Tetrakis(4-carboxyphenyl)porphyrin (TCPP),Zn,Zn(NO3)2·6H2O,,DMF,Triethylamine,120,36,,,,,,0.25,5.0,,,0.05,Precipitation,,,,,,,,,,Sintesi aggiuntiva MOF: Synth-MOF-Zn-177,Synth-MOF-Zn-177,5.0,,,,,,,,,,,,,2
678,"Pyrazine-2,3-dicarboxylic acid",,"Pyrazine-2,3-dicarboxylic acid",Zn,Zn(OAc)2·2H2O,,DEF,,25,2,,,,,,4.0,1.0,,,4.0,Room Temperature,,,,,,,,,,Sintesi aggiuntiva MOF: Synth-MOF-Zn-178,Synth-MOF-Zn-178,1.0,,,,,,,,,,,,,2
679,"4,4'-Bipyridine",,"4,4'-Bipyridine",Cu,Cu(NO3)2·2.5H2O,,MeOH,Formic acid,120,72,,,,,,1.0,3.0,,,0.3333,Microwave,,,,,,,,,,Sintesi aggiuntiva MOF: Synth-MOF-Cu-179,Synth-MOF-Cu-179,3.0,,,,,,,,,,,,,2
680,"1,2,4-Triazole",,"1,2,4-Triazole",Cu,Cu(OAc)2·H2O,,EtOH,Formic acid,60,2,,,,,,0.25,1.0,,,0.25,Sonochemical,,,,,,,,,,Sintesi aggiuntiva MOF: Synth-MOF-Cu-180,Synth-MOF-Cu-180,1.0,,,,,,,,,,,,,2
681,"1,4-Benzenedicarboxylic acid (H2BDC)",,"1,4-Benzenedicarboxylic acid (H2BDC)",Co,Co(NO3)2·6H2O,,H2O,Triethylamine,60,18,,,,,,4.0,5.0,,,0.8,Solvothermal,,,,,,,,,,Sintesi aggiuntiva MOF: Synth-MOF-Co-181,Synth-MOF-Co-181,5.0,,,,,,,,,,,,,2
682,"1,3,5-Benzenetricarboxylic acid (H3BTC)",,"1,3,5-Benzenetricarboxylic acid (H3BTC)",Co,Co(OAc)2·4H2O,,DMF/EtOH/H2O,Triethylamine,60,18,,,,,,2.0,4.0,,,0.5,Hydrothermal,,,,,,,,,,Sintesi aggiuntiva MOF: Synth-MOF-Co-182,Synth-MOF-Co-182,4.0,,,,,,,,,,,,,2
683,2-Methylimidazole,,2-Methylimidazole,Ni,Ni(NO3)2·6H2O,,DMF/H2O,HNO3,85,18,,,,,,2.0,4.0,,,0.5,Precipitation,,,,,,,,,,Sintesi aggiuntiva MOF: Synth-MOF-Ni-183,Synth-MOF-Ni-183,4.0,,,,,,,,,,,,,2
684,Benzimidazole,,Benzimidazole,Ni,Ni(OAc)2·4H2O,,DMA,Formic acid,25,18,,,,,,0.5,1.0,,,0.5,Room Temperature,,,,,,,,,,Sintesi aggiuntiva MOF: Synth-MOF-Ni-184,Synth-MOF-Ni-184,1.0,,,,,,,,,,,,,2
685,2-Aminoterephthalic acid,,2-Aminoterephthalic acid,Fe,FeCl3·6H2O,,THF/H2O,Triethylamine,60,18,,,,,,0.25,3.0,,,0.0833,Microwave,,,,,,,,,,Sintesi aggiuntiva MOF: Synth-MOF-Fe-185,Synth-MOF-Fe-185,3.0,,,,,,,,,,,,,2
686,"2,5-Dihydroxyterephthalic acid (H4DOBDC)",,"2,5-Dihydroxyterephthalic acid (H4DOBDC)",Fe,Fe(NO3)3·9H2O,,MeOH/H2O,HCl,60,6,,,,,,2.0,2.5,,,0.8,Sonochemical,,,,,,,,,,Sintesi aggiuntiva MOF: Synth-MOF-Fe-186,Synth-MOF-Fe-186,2.5,,,,,,,,,,,,,2
687,"4,4'-Biphenyldicarboxylic acid (H2BPDC)",,"4,4'-Biphenyldicarboxylic acid (H2BPDC)",Al,Al(NO3)3·9H2O,,MeCN,HCl,60,2,,,,,,0.5,5.0,,,0.1,Solvothermal,,,,,,,,,,Sintesi aggiuntiva MOF: Synth-MOF-Al-187,Synth-MOF-Al-187,5.0,,,,,,,,,,,,,2
688,"2,6-Naphthalenedicarboxylic acid (2,6-NDC)",,"2,6-Naphthalenedicarboxylic acid (2,6-NDC)",Al,AlCl3·6H2O,,DMF,Acetic acid,180,36,,,,,,0.5,1.0,,,0.5,Hydrothermal,,,,,,,,,,Sintesi aggiuntiva MOF: Synth-MOF-Al-188,Synth-MOF-Al-188,1.0,,,,,,,,,,,,,2
689,Fumaric acid,,Fumaric acid,Zr,ZrCl4,,DEF,Acetic acid,130,24,,,,,,1.0,1.5,,,0.6667,Precipitation,,,,,,,,,,Sintesi aggiuntiva MOF: Synth-MOF-Zr-189,Synth-MOF-Zr-189,1.5,,,,,,,,,,,,,2
690,Isophthalic acid,,Isophthalic acid,Zr,ZrOCl2·8H2O,,MeOH,HNO3,25,2,,,,,,1.5,3.0,,,0.5,Room Temperature,,,,,,,,,,Sintesi aggiuntiva MOF: Synth-MOF-Zr-190,Synth-MOF-Zr-190,3.0,,,,,,,,,,,,,2
691,5-Nitroisophthalic acid,,5-Nitroisophthalic acid,Mg,Mg(NO3)2·6H2O,,EtOH,Benzoic acid,200,2,,,,,,4.0,5.0,,,0.8,Microwave,,,,,,,,,,Sintesi aggiuntiva MOF: Synth-MOF-Mg-191,Synth-MOF-Mg-191,5.0,,,,,,,,,,,,,2
692,5-Aminoisophthalic acid,,5-Aminoisophthalic acid,Mn,Mn(OAc)2·4H2O,,H2O,Acetic acid,150,18,,,,,,3.0,2.5,,,1.2,Sonochemical,,,,,,,,,,Sintesi aggiuntiva MOF: Synth-MOF-Mn-192,Synth-MOF-Mn-192,2.5,,,,,,,,,,,,,2
693,Imidazole-2-carboxaldehyde,,Imidazole-2-carboxaldehyde,Zn,Zn(NO3)2·6H2O,,DMF/EtOH/H2O,Acetic acid,85,36,,,,,,1.5,3.0,,,0.5,Solvothermal,,,,,,,,,,Sintesi aggiuntiva MOF: Synth-MOF-Zn-193,Synth-MOF-Zn-193,3.0,,,,,,,,,,,,,2
694,"4,4',4''-Triaminotriphenylamine",,"4,4',4''-Triaminotriphenylamine",Zn,Zn(OAc)2·2H2O,,DMF/H2O,Triethylamine,130,4,,,,,,0.5,1.0,,,0.5,Hydrothermal,,,,,,,,,,Sintesi aggiuntiva MOF: Synth-MOF-Zn-194,Synth-MOF-Zn-194,1.0,,,,,,,,,,,,,2
695,Tetrakis(4-carboxyphenyl)porphyrin (TCPP),,Tetrakis(4-carboxyphenyl)porphyrin (TCPP),Cu,Cu(NO3)2·2.5H2O,,DMA,Triethylamine,85,4,,,,,,0.25,2.0,,,0.125,Precipitation,,,,,,,,,,Sintesi aggiuntiva MOF: Synth-MOF-Cu-195,Synth-MOF-Cu-195,2.0,,,,,,,,,,,,,2
696,"Pyrazine-2,3-dicarboxylic acid",,"Pyrazine-2,3-dicarboxylic acid",Cu,Cu(OAc)2·H2O,,THF/H2O,HCl,25,2,,,,,,4.0,5.0,,,0.8,Room Temperature,,,,,,,,,,Sintesi aggiuntiva MOF: Synth-MOF-Cu-196,Synth-MOF-Cu-196,5.0,,,,,,,,,,,,,2
697,"4,4'-Bipyridine",,"4,4'-Bipyridine",Co,Co(NO3)2·6H2O,,MeOH/H2O,HNO3,150,6,,,,,,2.0,0.5,,,4.0,Microwave,,,,,,,,,,Sintesi aggiuntiva MOF: Synth-MOF-Co-197,Synth-MOF-Co-197,0.5,,,,,,,,,,,,,2
698,"1,2,4-Triazole",,"1,2,4-Triazole",Co,Co(OAc)2·4H2O,,MeCN,,100,48,,,,,,0.5,0.5,,,1.0,Sonochemical,,,,,,,,,,Sintesi aggiuntiva MOF: Synth-MOF-Co-198,Synth-MOF-Co-198,0.5,,,,,,,,,,,,,2
699,"1,4-Benzenedicarboxylic acid (H2BDC)",,"1,4-Benzenedicarboxylic acid (H2BDC)",Ni,Ni(NO3)2·6H2O,,DMF,Triethylamine,100,48,,,,,,0.5,2.5,,,0.2,Solvothermal,,,,,,,,,,Sintesi aggiuntiva MOF: Synth-MOF-Ni-199,Synth-MOF-Ni-199,2.5,,,,,,,,,,,,,2
700,"1,3,5-Benzenetricarboxylic acid (H3BTC)",,"1,3,5-Benzenetricarboxylic acid (H3BTC)",Ni,Ni(OAc)2·4H2O,,DEF,Formic acid,120,4,,,,,,3.0,2.5,,,1.2,Hydrothermal,,,,,,,,,,Sintesi aggiuntiva MOF: Synth-MOF-Ni-200,Synth-MOF-Ni-200,2.5,,,,,,,,,,,,,2
701,Fumaric acid,Carbossilati aromatici,Fumaric acid,Cd,Cd(NO3)2·4H2O,EXP_701,H2O,,120,72,20,,,116.07,308.48,0.2,0.4,23.21,123.39,0.5,Hydrothermal,Cristallino,Sintesi completata con successo (Dataset Espanso),,,,,,MOF; Synthesis; Expanded,,Aggiunta automatica ML Esito 2 (ID 701),Synth-Expanded-MOF-701,0.4,123.39,,10 ml,Hydrothermal,,,,,Dataset_1000_Extension,701.0,2026-07-25,,2
702,"3,3'-dimethyl-4,4'-bipyrazole",Bipyrazole,"3,3'-dimethyl-4,4'-bipyrazole",Cu,Cu(OAc)2·H2O,EXP_702,H2O,,160,18,20,,,178.23,199.65,0.5,1.515,89.11,302.47,0.33,Sonochemical,Cristallino,Sintesi completata con successo (Dataset Espanso),,,,,,MOF; Synthesis; Expanded,,Aggiunta automatica ML Esito 2 (ID 702),Synth-Expanded-MOF-702,1.515,302.47,,10 ml,Sonochemical,,,,,Dataset_1000_Extension,702.0,2026-07-25,,2
703,Benzimidazole,Imidazolati,Benzimidazole,Zn,Zn(OAc)2·2H2O,EXP_703,DEF,,120,4,20,,,118.14,219.51,2.0,6.061,236.28,1330.45,0.33,Microwave,Cristallino,Sintesi completata con successo (Dataset Espanso),,,,,,MOF; Synthesis; Expanded,,Aggiunta automatica ML Esito 2 (ID 703),Synth-Expanded-MOF-703,6.061,1330.45,,10 ml,Microwave,,,,,Dataset_1000_Extension,703.0,2026-07-25,,2
704,2-Methylimidazole,Imidazolati,2-Methylimidazole,Fe,Fe(NO3)3·9H2O,EXP_704,DMF/EtOH/H2O,,25,18,20,,,82.1,404.0,0.1,0.067,8.21,27.07,1.5,Room Temperature,Cristallino,Sintesi completata con successo (Dataset Espanso),,,,,,MOF; Synthesis; Expanded,,Aggiunta automatica ML Esito 2 (ID 704),Synth-Expanded-MOF-704,0.067,27.07,,10 ml,Room Temperature,,,,,Dataset_1000_Extension,704.0,2026-07-25,,2
705,"1,2,4-Triazole",Triazole,"1,2,4-Triazole",Mg,Mg(NO3)2·6H2O,EXP_705,DMF/H2O,,150,24,20,,,69.07,256.41,1.0,2.0,69.07,512.82,0.5,Solvothermal,Cristallino,Sintesi completata con successo (Dataset Espanso),,,,,,MOF; Synthesis; Expanded,,Aggiunta automatica ML Esito 2 (ID 705),Synth-Expanded-MOF-705,2.0,512.82,,10 ml,Solvothermal,,,,,Dataset_1000_Extension,705.0,2026-07-25,,2
706,"1,3,5-Benzenetricarboxylic acid (H3BTC)",Carbossilati aromatici,"1,3,5-Benzenetricarboxylic acid (H3BTC)",Co,Co(NO3)2·6H2O,EXP_706,EtOH/H2O,,180,72,20,,,210.14,291.03,0.05,0.062,10.51,18.04,0.8,Hydrothermal,Cristallino,Sintesi completata con successo (Dataset Espanso),,,,,,MOF; Synthesis; Expanded,,Aggiunta automatica ML Esito 2 (ID 706),Synth-Expanded-MOF-706,0.062,18.04,,10 ml,Hydrothermal,,,,,Dataset_1000_Extension,706.0,2026-07-25,,2
707,"1,2,4-Triazole",Triazole,"1,2,4-Triazole",Al,AlCl3·6H2O,EXP_707,DEF,,180,12,20,,,69.07,241.43,0.5,1.515,34.53,365.77,0.33,Sonochemical,Cristallino,Sintesi completata con successo (Dataset Espanso),,,,,,MOF; Synthesis; Expanded,,Aggiunta automatica ML Esito 2 (ID 707),Synth-Expanded-MOF-707,1.515,365.77,,10 ml,Sonochemical,,,,,Dataset_1000_Extension,707.0,2026-07-25,,2
708,"1,2,4-Triazole",Triazole,"1,2,4-Triazole",Cd,Cd(NO3)2·4H2O,EXP_708,MeOH,,160,72,20,,,69.07,308.48,0.05,0.042,3.45,12.96,1.2,Room Temperature,Cristallino,Sintesi completata con successo (Dataset Espanso),,,,,,MOF; Synthesis; Expanded,,Aggiunta automatica ML Esito 2 (ID 708),Synth-Expanded-MOF-708,0.042,12.96,,10 ml,Room Temperature,,,,,Dataset_1000_Extension,708.0,2026-07-25,,2
709,"2,5-Dihydroxyterephthalic acid (H4DOBDC)",Carbossilati aromatici,"2,5-Dihydroxyterephthalic acid (H4DOBDC)",Co,Co(OAc)2·4H2O,EXP_709,DMF/MeOH,,60,48,20,,,198.13,249.08,2.0,2.5,396.26,622.7,0.8,Hydrothermal,Cristallino,Sintesi completata con successo (Dataset Espanso),,,,,,MOF; Synthesis; Expanded,,Aggiunta automatica ML Esito 2 (ID 709),Synth-Expanded-MOF-709,2.5,622.7,,10 ml,Hydrothermal,,,,,Dataset_1000_Extension,709.0,2026-07-25,,2
710,2-Methylimidazole,Imidazolati,2-Methylimidazole,Fe,Fe(NO3)3·9H2O,EXP_710,DEF,,100,48,20,,,82.1,404.0,2.0,10.0,164.2,4040.0,0.2,Microwave,Cristallino,Sintesi completata con successo (Dataset Espanso),,,,,,MOF; Synthesis; Expanded,,Aggiunta automatica ML Esito 2 (ID 710),Synth-Expanded-MOF-710,10.0,4040.0,,10 ml,Microwave,,,,,Dataset_1000_Extension,710.0,2026-07-25,,2
711,"3,5-diamino-4,4'-bipyrazole",Bipyrazole,"3,5-diamino-4,4'-bipyrazole",Mg,Mg(NO3)2·6H2O,EXP_711,DEF,,120,12,20,,,194.2,256.41,0.5,0.625,97.1,160.26,0.8,Solvothermal,Cristallino,Sintesi completata con successo (Dataset Espanso),,,,,,MOF; Synthesis; Expanded,,Aggiunta automatica ML Esito 2 (ID 711),Synth-Expanded-MOF-711,0.625,160.26,,10 ml,Solvothermal,,,,,Dataset_1000_Extension,711.0,2026-07-25,,2
712,"1,2,4-Triazole",Triazole,"1,2,4-Triazole",Al,Al(NO3)3·9H2O,EXP_712,DMF/EtOH/H2O,,25,4,20,,,69.07,375.13,0.05,0.025,3.45,9.38,2.0,Solvothermal,Cristallino,Sintesi completata con successo (Dataset Espanso),,,,,,MOF; Synthesis; Expanded,,Aggiunta automatica ML Esito 2 (ID 712),Synth-Expanded-MOF-712,0.025,9.38,,10 ml,Solvothermal,,,,,Dataset_1000_Extension,712.0,2026-07-25,,2
713,"1,2,4-Triazole",Triazole,"1,2,4-Triazole",Co,Co(OAc)2·4H2O,EXP_713,H2O,,80,4,20,,,69.07,249.08,0.05,0.1,3.45,24.91,0.5,Room Temperature,Cristallino,Sintesi completata con successo (Dataset Espanso),,,,,,MOF; Synthesis; Expanded,,Aggiunta automatica ML Esito 2 (ID 713),Synth-Expanded-MOF-713,0.1,24.91,,10 ml,Room Temperature,,,,,Dataset_1000_Extension,713.0,2026-07-25,,2
714,"3,3'-dimethyl-4,4'-bipyrazole",Bipyrazole,"3,3'-dimethyl-4,4'-bipyrazole",Zn,Zn(NO3)2·6H2O,EXP_714,MeOH,,180,24,20,,,178.23,297.49,0.5,0.25,89.11,74.37,2.0,Solvothermal,Cristallino,Sintesi completata con successo (Dataset Espanso),,,,,,MOF; Synthesis; Expanded,,Aggiunta automatica ML Esito 2 (ID 714),Synth-Expanded-MOF-714,0.25,74.37,,10 ml,Solvothermal,,,,,Dataset_1000_Extension,714.0,2026-07-25,,2
715,2-Aminoterephthalic acid,Carbossilati aromatici,2-Aminoterephthalic acid,Zr,ZrCl4,EXP_715,MeOH,,150,48,20,,,181.15,233.04,0.5,1.0,90.58,233.04,0.5,Sonochemical,Cristallino,Sintesi completata con successo (Dataset Espanso),,,,,,MOF; Synthesis; Expanded,,Aggiunta automatica ML Esito 2 (ID 715),Synth-Expanded-MOF-715,1.0,233.04,,10 ml,Sonochemical,,,,,Dataset_1000_Extension,715.0,2026-07-25,,2
716,"3,5-diamino-4,4'-bipyrazole",Bipyrazole,"3,5-diamino-4,4'-bipyrazole",Cu,Cu(NO3)2·3H2O,EXP_716,DMF,,80,36,20,,,194.2,241.6,1.0,5.0,194.2,1208.0,0.2,Room Temperature,Cristallino,Sintesi completata con successo (Dataset Espanso),,,,,,MOF; Synthesis; Expanded,,Aggiunta automatica ML Esito 2 (ID 716),Synth-Expanded-MOF-716,5.0,1208.0,,10 ml,Room Temperature,,,,,Dataset_1000_Extension,716.0,2026-07-25,,2
717,"3,3'-dinitro-4,4'-bipyrazole",Bipyrazole,"3,3'-dinitro-4,4'-bipyrazole",Al,AlCl3·6H2O,EXP_717,MeOH,,180,72,20,,,238.16,241.43,0.5,1.515,119.08,365.77,0.33,Hydrothermal,Cristallino,Sintesi completata con successo (Dataset Espanso),,,,,,MOF; Synthesis; Expanded,,Aggiunta automatica ML Esito 2 (ID 717),Synth-Expanded-MOF-717,1.515,365.77,,10 ml,Hydrothermal,,,,,Dataset_1000_Extension,717.0,2026-07-25,,2
718,2-Methylimidazole,Imidazolati,2-Methylimidazole,Co,Co(NO3)2·6H2O,EXP_718,DMF,,100,36,20,,,82.1,291.03,1.0,0.833,82.1,242.43,1.2,Microwave,Cristallino,Sintesi completata con successo (Dataset Espanso),,,,,,MOF; Synthesis; Expanded,,Aggiunta automatica ML Esito 2 (ID 718),Synth-Expanded-MOF-718,0.833,242.43,,10 ml,Microwave,,,,,Dataset_1000_Extension,718.0,2026-07-25,,2
719,Fumaric acid,Carbossilati aromatici,Fumaric acid,Co,Co(NO3)2·6H2O,EXP_719,DMF/MeOH,,150,18,20,,,116.07,291.03,0.5,0.417,58.03,121.36,1.2,Room Temperature,Cristallino,Sintesi completata con successo (Dataset Espanso),,,,,,MOF; Synthesis; Expanded,,Aggiunta automatica ML Esito 2 (ID 719),Synth-Expanded-MOF-719,0.417,121.36,,10 ml,Room Temperature,,,,,Dataset_1000_Extension,719.0,2026-07-25,,2
720,2-Aminoterephthalic acid,Carbossilati aromatici,2-Aminoterephthalic acid,Ni,Ni(OAc)2·4H2O,EXP_720,DMF/EtOH/H2O,,120,48,20,,,181.15,248.84,0.5,0.625,90.58,155.53,0.8,Microwave,Cristallino,Sintesi completata con successo (Dataset Espanso),,,,,,MOF; Synthesis; Expanded,,Aggiunta automatica ML Esito 2 (ID 720),Synth-Expanded-MOF-720,0.625,155.53,,10 ml,Microwave,,,,,Dataset_1000_Extension,720.0,2026-07-25,,2
721,"1,2,4-Triazole",Triazole,"1,2,4-Triazole",Fe,FeCl3·6H2O,EXP_721,MeOH,,180,72,20,,,69.07,270.3,0.05,0.25,3.45,67.58,0.2,Solvothermal,Cristallino,Sintesi completata con successo (Dataset Espanso),,,,,,MOF; Synthesis; Expanded,,Aggiunta automatica ML Esito 2 (ID 721),Synth-Expanded-MOF-721,0.25,67.58,,10 ml,Solvothermal,,,,,Dataset_1000_Extension,721.0,2026-07-25,,2
722,"3,3'-dimethyl-4,4'-bipyrazole",Bipyrazole,"3,3'-dimethyl-4,4'-bipyrazole",Al,Al(NO3)3·9H2O,EXP_722,DMF/EtOH/H2O,,80,72,20,,,178.23,375.13,2.0,10.0,356.46,3751.3,0.2,Room Temperature,Cristallino,Sintesi completata con successo (Dataset Espanso),,,,,,MOF; Synthesis; Expanded,,Aggiunta automatica ML Esito 2 (ID 722),Synth-Expanded-MOF-722,10.0,3751.3,,10 ml,Room Temperature,,,,,Dataset_1000_Extension,722.0,2026-07-25,,2
723,"2,6-Naphthalenedicarboxylic acid",Carbossilati aromatici,"2,6-Naphthalenedicarboxylic acid",Zr,ZrCl4,EXP_723,DMF/H2O,,160,72,20,,,216.19,233.04,0.05,0.042,10.81,9.79,1.2,Room Temperature,Cristallino,Sintesi completata con successo (Dataset Espanso),,,,,,MOF; Synthesis; Expanded,,Aggiunta automatica ML Esito 2 (ID 723),Synth-Expanded-MOF-723,0.042,9.79,,10 ml,Room Temperature,,,,,Dataset_1000_Extension,723.0,2026-07-25,,2
724,"2,5-Dihydroxyterephthalic acid (H4DOBDC)",Carbossilati aromatici,"2,5-Dihydroxyterephthalic acid (H4DOBDC)",Mn,Mn(OAc)2·4H2O,EXP_724,DMF,,100,24,20,,,198.13,245.09,0.05,0.1,9.91,24.51,0.5,Hydrothermal,Cristallino,Sintesi completata con successo (Dataset Espanso),,,,,,MOF; Synthesis; Expanded,,Aggiunta automatica ML Esito 2 (ID 724),Synth-Expanded-MOF-724,0.1,24.51,,10 ml,Hydrothermal,,,,,Dataset_1000_Extension,724.0,2026-07-25,,2
725,"2,6-Naphthalenedicarboxylic acid",Carbossilati aromatici,"2,6-Naphthalenedicarboxylic acid",Mn,Mn(OAc)2·4H2O,EXP_725,H2O,,25,18,20,,,216.19,245.09,0.1,0.303,21.62,74.26,0.33,Solvothermal,Cristallino,Sintesi completata con successo (Dataset Espanso),,,,,,MOF; Synthesis; Expanded,,Aggiunta automatica ML Esito 2 (ID 725),Synth-Expanded-MOF-725,0.303,74.26,,10 ml,Solvothermal,,,,,Dataset_1000_Extension,725.0,2026-07-25,,2
726,"1,2,4-Triazole",Triazole,"1,2,4-Triazole",Zn,Zn(NO3)2·6H2O,EXP_726,DMF,,25,18,20,,,69.07,297.49,0.5,0.5,34.53,148.75,1.0,Hydrothermal,Cristallino,Sintesi completata con successo (Dataset Espanso),,,,,,MOF; Synthesis; Expanded,,Aggiunta automatica ML Esito 2 (ID 726),Synth-Expanded-MOF-726,0.5,148.75,,10 ml,Hydrothermal,,,,,Dataset_1000_Extension,726.0,2026-07-25,,2
727,"3,3'-dinitro-4,4'-bipyrazole",Bipyrazole,"3,3'-dinitro-4,4'-bipyrazole",Zn,Zn(OAc)2·2H2O,EXP_727,MeOH,,100,72,20,,,238.16,219.51,0.2,0.1,47.63,21.95,2.0,Room Temperature,Cristallino,Sintesi completata con successo (Dataset Espanso),,,,,,MOF; Synthesis; Expanded,,Aggiunta automatica ML Esito 2 (ID 727),Synth-Expanded-MOF-727,0.1,21.95,,10 ml,Room Temperature,,,,,Dataset_1000_Extension,727.0,2026-07-25,,2
728,"1,4-Benzenedicarboxylic acid (H2BDC)",Carbossilati aromatici,"1,4-Benzenedicarboxylic acid (H2BDC)",Zn,Zn(OAc)2·2H2O,EXP_728,H2O,,120,24,20,,,166.13,219.51,2.0,1.667,332.26,365.92,1.2,Hydrothermal,Cristallino,Sintesi completata con successo (Dataset Espanso),,,,,,MOF; Synthesis; Expanded,,Aggiunta automatica ML Esito 2 (ID 728),Synth-Expanded-MOF-728,1.667,365.92,,10 ml,Hydrothermal,,,,,Dataset_1000_Extension,728.0,2026-07-25,,2
729,"3,3'-dimethyl-4,4'-bipyrazole",Bipyrazole,"3,3'-dimethyl-4,4'-bipyrazole",Mg,Mg(NO3)2·6H2O,EXP_729,DMF,,180,24,20,,,178.23,256.41,1.0,0.833,178.23,213.59,1.2,Room Temperature,Cristallino,Sintesi completata con successo (Dataset Espanso),,,,,,MOF; Synthesis; Expanded,,Aggiunta automatica ML Esito 2 (ID 729),Synth-Expanded-MOF-729,0.833,213.59,,10 ml,Room Temperature,,,,,Dataset_1000_Extension,729.0,2026-07-25,,2
730,"1,3,5-Benzenetricarboxylic acid (H3BTC)",Carbossilati aromatici,"1,3,5-Benzenetricarboxylic acid (H3BTC)",Cu,Cu(OAc)2·H2O,EXP_730,DMF/H2O,,80,72,20,,,210.14,199.65,0.5,0.625,105.07,124.78,0.8,Room Temperature,Cristallino,Sintesi completata con successo (Dataset Espanso),,,,,,MOF; Synthesis; Expanded,,Aggiunta automatica ML Esito 2 (ID 730),Synth-Expanded-MOF-730,0.625,124.78,,10 ml,Room Temperature,,,,,Dataset_1000_Extension,730.0,2026-07-25,,2
731,"3-amino-4,4'-bipyrazole",Bipyrazole,"3-amino-4,4'-bipyrazole",Zr,ZrCl4,EXP_731,H2O,,150,12,20,,,179.18,233.04,0.5,1.0,89.59,233.04,0.5,Solvothermal,Cristallino,Sintesi completata con successo (Dataset Espanso),,,,,,MOF; Synthesis; Expanded,,Aggiunta automatica ML Esito 2 (ID 731),Synth-Expanded-MOF-731,1.0,233.04,,10 ml,Solvothermal,,,,,Dataset_1000_Extension,731.0,2026-07-25,,2
732,"3-amino-4,4'-bipyrazole",Bipyrazole,"3-amino-4,4'-bipyrazole",Ni,Ni(OAc)2·4H2O,EXP_732,DMF/H2O,,150,24,20,,,179.18,248.84,0.05,0.025,8.96,6.22,2.0,Hydrothermal,Cristallino,Sintesi completata con successo (Dataset Espanso),,,,,,MOF; Synthesis; Expanded,,Aggiunta automatica ML Esito 2 (ID 732),Synth-Expanded-MOF-732,0.025,6.22,,10 ml,Hydrothermal,,,,,Dataset_1000_Extension,732.0,2026-07-25,,2
733,"2,5-Dihydroxyterephthalic acid (H4DOBDC)",Carbossilati aromatici,"2,5-Dihydroxyterephthalic acid (H4DOBDC)",Mn,Mn(OAc)2·4H2O,EXP_733,DEF,,25,48,20,,,198.13,245.09,1.0,1.0,198.13,245.09,1.0,Microwave,Cristallino,Sintesi completata con successo (Dataset Espanso),,,,,,MOF; Synthesis; Expanded,,Aggiunta automatica ML Esito 2 (ID 733),Synth-Expanded-MOF-733,1.0,245.09,,10 ml,Microwave,,,,,Dataset_1000_Extension,733.0,2026-07-25,,2
734,"3,3'-dimethyl-4,4'-bipyrazole",Bipyrazole,"3,3'-dimethyl-4,4'-bipyrazole",Ni,Ni(NO3)2·6H2O,EXP_734,DMF/EtOH/H2O,,80,18,20,,,178.23,290.79,2.0,2.5,356.46,726.98,0.8,Room Temperature,Cristallino,Sintesi completata con successo (Dataset Espanso),,,,,,MOF; Synthesis; Expanded,,Aggiunta automatica ML Esito 2 (ID 734),Synth-Expanded-MOF-734,2.5,726.98,,10 ml,Room Temperature,,,,,Dataset_1000_Extension,734.0,2026-07-25,,2
735,"3,5-diamino-4,4'-bipyrazole",Bipyrazole,"3,5-diamino-4,4'-bipyrazole",Zr,ZrCl4,EXP_735,H2O,,100,18,20,,,194.2,233.04,0.5,0.25,97.1,58.26,2.0,Solvothermal,Cristallino,Sintesi completata con successo (Dataset Espanso),,,,,,MOF; Synthesis; Expanded,,Aggiunta automatica ML Esito 2 (ID 735),Synth-Expanded-MOF-735,0.25,58.26,,10 ml,Solvothermal,,,,,Dataset_1000_Extension,735.0,2026-07-25,,2
736,"4,4'-Biphenyldicarboxylic acid (BPDC)",Carbossilati aromatici,"4,4'-Biphenyldicarboxylic acid (BPDC)",Co,Co(OAc)2·4H2O,EXP_736,DMF/MeOH,,80,48,20,,,242.23,249.08,0.05,0.1,12.11,24.91,0.5,Solvothermal,Cristallino,Sintesi completata con successo (Dataset Espanso),,,,,,MOF; Synthesis; Expanded,,Aggiunta automatica ML Esito 2 (ID 736),Synth-Expanded-MOF-736,0.1,24.91,,10 ml,Solvothermal,,,,,Dataset_1000_Extension,736.0,2026-07-25,,2
737,2-Methylimidazole,Imidazolati,2-Methylimidazole,Al,AlCl3·6H2O,EXP_737,DEF,,60,48,20,,,82.1,241.43,1.0,0.5,82.1,120.72,2.0,Room Temperature,Cristallino,Sintesi completata con successo (Dataset Espanso),,,,,,MOF; Synthesis; Expanded,,Aggiunta automatica ML Esito 2 (ID 737),Synth-Expanded-MOF-737,0.5,120.72,,10 ml,Room Temperature,,,,,Dataset_1000_Extension,737.0,2026-07-25,,2
738,"3-amino-4,4'-bipyrazole",Bipyrazole,"3-amino-4,4'-bipyrazole",Cu,Cu(OAc)2·H2O,EXP_738,DMF,,100,4,20,,,179.18,199.65,0.5,0.25,89.59,49.91,2.0,Sonochemical,Cristallino,Sintesi completata con successo (Dataset Espanso),,,,,,MOF; Synthesis; Expanded,,Aggiunta automatica ML Esito 2 (ID 738),Synth-Expanded-MOF-738,0.25,49.91,,10 ml,Sonochemical,,,,,Dataset_1000_Extension,738.0,2026-07-25,,2
739,"3,5-diamino-4,4'-bipyrazole",Bipyrazole,"3,5-diamino-4,4'-bipyrazole",Co,Co(OAc)2·4H2O,EXP_739,MeOH,,80,4,20,,,194.2,249.08,0.5,0.25,97.1,62.27,2.0,Solvothermal,Cristallino,Sintesi completata con successo (Dataset Espanso),,,,,,MOF; Synthesis; Expanded,,Aggiunta automatica ML Esito 2 (ID 739),Synth-Expanded-MOF-739,0.25,62.27,,10 ml,Solvothermal,,,,,Dataset_1000_Extension,739.0,2026-07-25,,2
740,"3,3'-dimethyl-4,4'-bipyrazole",Bipyrazole,"3,3'-dimethyl-4,4'-bipyrazole",Al,AlCl3·6H2O,EXP_740,DMA,,140,36,20,,,178.23,241.43,0.2,0.167,35.65,40.32,1.2,Room Temperature,Cristallino,Sintesi completata con successo (Dataset Espanso),,,,,,MOF; Synthesis; Expanded,,Aggiunta automatica ML Esito 2 (ID 740),Synth-Expanded-MOF-740,0.167,40.32,,10 ml,Room Temperature,,,,,Dataset_1000_Extension,740.0,2026-07-25,,2
741,"3,3'-dimethyl-4,4'-bipyrazole",Bipyrazole,"3,3'-dimethyl-4,4'-bipyrazole",Zr,ZrOCl2·8H2O,EXP_741,EtOH/H2O,,25,24,20,,,178.23,322.25,0.5,0.5,89.11,161.12,1.0,Solvothermal,Cristallino,Sintesi completata con successo (Dataset Espanso),,,,,,MOF; Synthesis; Expanded,,Aggiunta automatica ML Esito 2 (ID 741),Synth-Expanded-MOF-741,0.5,161.12,,10 ml,Solvothermal,,,,,Dataset_1000_Extension,741.0,2026-07-25,,2
742,2-Methylimidazole,Imidazolati,2-Methylimidazole,Mg,Mg(NO3)2·6H2O,EXP_742,DMF/H2O,,100,18,20,,,82.1,256.41,0.05,0.025,4.1,6.41,2.0,Solvothermal,Cristallino,Sintesi completata con successo (Dataset Espanso),,,,,,MOF; Synthesis; Expanded,,Aggiunta automatica ML Esito 2 (ID 742),Synth-Expanded-MOF-742,0.025,6.41,,10 ml,Solvothermal,,,,,Dataset_1000_Extension,742.0,2026-07-25,,2
743,"1,2,4-Triazole",Triazole,"1,2,4-Triazole",Al,AlCl3·6H2O,EXP_743,EtOH/H2O,,140,18,20,,,69.07,241.43,1.0,5.0,69.07,1207.15,0.2,Microwave,Cristallino,Sintesi completata con successo (Dataset Espanso),,,,,,MOF; Synthesis; Expanded,,Aggiunta automatica ML Esito 2 (ID 743),Synth-Expanded-MOF-743,5.0,1207.15,,10 ml,Microwave,,,,,Dataset_1000_Extension,743.0,2026-07-25,,2
744,"3,5-diamino-4,4'-bipyrazole",Bipyrazole,"3,5-diamino-4,4'-bipyrazole",Mn,Mn(OAc)2·4H2O,EXP_744,EtOH/H2O,,80,24,20,,,194.2,245.09,1.0,1.25,194.2,306.36,0.8,Solvothermal,Cristallino,Sintesi completata con successo (Dataset Espanso),,,,,,MOF; Synthesis; Expanded,,Aggiunta automatica ML Esito 2 (ID 744),Synth-Expanded-MOF-744,1.25,306.36,,10 ml,Solvothermal,,,,,Dataset_1000_Extension,744.0,2026-07-25,,2
745,"2,6-Naphthalenedicarboxylic acid",Carbossilati aromatici,"2,6-Naphthalenedicarboxylic acid",Zr,ZrCl4,EXP_745,DMF/H2O,,60,4,20,,,216.19,233.04,2.0,1.333,432.38,310.64,1.5,Hydrothermal,Cristallino,Sintesi completata con successo (Dataset Espanso),,,,,,MOF; Synthesis; Expanded,,Aggiunta automatica ML Esito 2 (ID 745),Synth-Expanded-MOF-745,1.333,310.64,,10 ml,Hydrothermal,,,,,Dataset_1000_Extension,745.0,2026-07-25,,2
746,"3,3'-dinitro-4,4'-bipyrazole",Bipyrazole,"3,3'-dinitro-4,4'-bipyrazole",Cu,Cu(NO3)2·3H2O,EXP_746,H2O,,160,12,20,,,238.16,241.6,0.2,0.133,47.63,32.13,1.5,Hydrothermal,Cristallino,Sintesi completata con successo (Dataset Espanso),,,,,,MOF; Synthesis; Expanded,,Aggiunta automatica ML Esito 2 (ID 746),Synth-Expanded-MOF-746,0.133,32.13,,10 ml,Hydrothermal,,,,,Dataset_1000_Extension,746.0,2026-07-25,,2
747,"3,3'-dinitro-4,4'-bipyrazole",Bipyrazole,"3,3'-dinitro-4,4'-bipyrazole",Zr,ZrOCl2·8H2O,EXP_747,DMF,,160,4,20,,,238.16,322.25,2.0,4.0,476.32,1289.0,0.5,Solvothermal,Cristallino,Sintesi completata con successo (Dataset Espanso),,,,,,MOF; Synthesis; Expanded,,Aggiunta automatica ML Esito 2 (ID 747),Synth-Expanded-MOF-747,4.0,1289.0,,10 ml,Solvothermal,,,,,Dataset_1000_Extension,747.0,2026-07-25,,2
748,Fumaric acid,Carbossilati aromatici,Fumaric acid,Ni,Ni(OAc)2·4H2O,EXP_748,MeOH,,80,12,20,,,116.07,248.84,1.0,0.5,116.07,124.42,2.0,Solvothermal,Cristallino,Sintesi completata con successo (Dataset Espanso),,,,,,MOF; Synthesis; Expanded,,Aggiunta automatica ML Esito 2 (ID 748),Synth-Expanded-MOF-748,0.5,124.42,,10 ml,Solvothermal,,,,,Dataset_1000_Extension,748.0,2026-07-25,,2
749,"1,2,4-Triazole",Triazole,"1,2,4-Triazole",Co,Co(NO3)2·6H2O,EXP_749,DMF/EtOH/H2O,,100,36,20,,,69.07,291.03,2.0,10.0,138.14,2910.3,0.2,Microwave,Cristallino,Sintesi completata con successo (Dataset Espanso),,,,,,MOF; Synthesis; Expanded,,Aggiunta automatica ML Esito 2 (ID 749),Synth-Expanded-MOF-749,10.0,2910.3,,10 ml,Microwave,,,,,Dataset_1000_Extension,749.0,2026-07-25,,2
750,Benzimidazole,Imidazolati,Benzimidazole,Fe,Fe(NO3)3·9H2O,EXP_750,DMF/H2O,,150,72,20,,,118.14,404.0,0.1,0.303,11.81,122.41,0.33,Microwave,Cristallino,Sintesi completata con successo (Dataset Espanso),,,,,,MOF; Synthesis; Expanded,,Aggiunta automatica ML Esito 2 (ID 750),Synth-Expanded-MOF-750,0.303,122.41,,10 ml,Microwave,,,,,Dataset_1000_Extension,750.0,2026-07-25,,2
751,Fumaric acid,Carbossilati aromatici,Fumaric acid,Mn,Mn(OAc)2·4H2O,EXP_751,DMF/MeOH,,140,72,20,,,116.07,245.09,1.0,1.25,116.07,306.36,0.8,Room Temperature,Cristallino,Sintesi completata con successo (Dataset Espanso),,,,,,MOF; Synthesis; Expanded,,Aggiunta automatica ML Esito 2 (ID 751),Synth-Expanded-MOF-751,1.25,306.36,,10 ml,Room Temperature,,,,,Dataset_1000_Extension,751.0,2026-07-25,,2
752,"1,4-Benzenedicarboxylic acid (H2BDC)",Carbossilati aromatici,"1,4-Benzenedicarboxylic acid (H2BDC)",Co,Co(OAc)2·4H2O,EXP_752,EtOH/H2O,,120,72,20,,,166.13,249.08,1.0,0.833,166.13,207.48,1.2,Microwave,Cristallino,Sintesi completata con successo (Dataset Espanso),,,,,,MOF; Synthesis; Expanded,,Aggiunta automatica ML Esito 2 (ID 752),Synth-Expanded-MOF-752,0.833,207.48,,10 ml,Microwave,,,,,Dataset_1000_Extension,752.0,2026-07-25,,2
753,"2,5-Dihydroxyterephthalic acid (H4DOBDC)",Carbossilati aromatici,"2,5-Dihydroxyterephthalic acid (H4DOBDC)",Cd,Cd(NO3)2·4H2O,EXP_753,DMF/H2O,,150,24,20,,,198.13,308.48,0.5,1.515,99.06,467.35,0.33,Sonochemical,Cristallino,Sintesi completata con successo (Dataset Espanso),,,,,,MOF; Synthesis; Expanded,,Aggiunta automatica ML Esito 2 (ID 753),Synth-Expanded-MOF-753,1.515,467.35,,10 ml,Sonochemical,,,,,Dataset_1000_Extension,753.0,2026-07-25,,2
754,"3,3'-dinitro-4,4'-bipyrazole",Bipyrazole,"3,3'-dinitro-4,4'-bipyrazole",Mn,Mn(OAc)2·4H2O,EXP_754,H2O,,80,24,20,,,238.16,245.09,0.1,0.067,23.82,16.42,1.5,Hydrothermal,Cristallino,Sintesi completata con successo (Dataset Espanso),,,,,,MOF; Synthesis; Expanded,,Aggiunta automatica ML Esito 2 (ID 754),Synth-Expanded-MOF-754,0.067,16.42,,10 ml,Hydrothermal,,,,,Dataset_1000_Extension,754.0,2026-07-25,,2
755,"2,6-Naphthalenedicarboxylic acid",Carbossilati aromatici,"2,6-Naphthalenedicarboxylic acid",Ni,Ni(NO3)2·6H2O,EXP_755,EtOH/H2O,,25,12,20,,,216.19,290.79,0.1,0.5,21.62,145.4,0.2,Hydrothermal,Cristallino,Sintesi completata con successo (Dataset Espanso),,,,,,MOF; Synthesis; Expanded,,Aggiunta automatica ML Esito 2 (ID 755),Synth-Expanded-MOF-755,0.5,145.4,,10 ml,Hydrothermal,,,,,Dataset_1000_Extension,755.0,2026-07-25,,2
756,Benzimidazole,Imidazolati,Benzimidazole,Mg,Mg(NO3)2·6H2O,EXP_756,DMF/EtOH/H2O,,160,36,20,,,118.14,256.41,1.0,5.0,118.14,1282.05,0.2,Sonochemical,Cristallino,Sintesi completata con successo (Dataset Espanso),,,,,,MOF; Synthesis; Expanded,,Aggiunta automatica ML Esito 2 (ID 756),Synth-Expanded-MOF-756,5.0,1282.05,,10 ml,Sonochemical,,,,,Dataset_1000_Extension,756.0,2026-07-25,,2
757,Fumaric acid,Carbossilati aromatici,Fumaric acid,Zn,Zn(NO3)2·6H2O,EXP_757,DMA,,150,18,20,,,116.07,297.49,0.2,0.606,23.21,180.28,0.33,Microwave,Cristallino,Sintesi completata con successo (Dataset Espanso),,,,,,MOF; Synthesis; Expanded,,Aggiunta automatica ML Esito 2 (ID 757),Synth-Expanded-MOF-757,0.606,180.28,,10 ml,Microwave,,,,,Dataset_1000_Extension,757.0,2026-07-25,,2
758,"2,6-Naphthalenedicarboxylic acid",Carbossilati aromatici,"2,6-Naphthalenedicarboxylic acid",Al,AlCl3·6H2O,EXP_758,EtOH/H2O,,25,48,20,,,216.19,241.43,0.5,0.5,108.09,120.72,1.0,Microwave,Cristallino,Sintesi completata con successo (Dataset Espanso),,,,,,MOF; Synthesis; Expanded,,Aggiunta automatica ML Esito 2 (ID 758),Synth-Expanded-MOF-758,0.5,120.72,,10 ml,Microwave,,,,,Dataset_1000_Extension,758.0,2026-07-25,,2
759,"3,3'-dinitro-4,4'-bipyrazole",Bipyrazole,"3,3'-dinitro-4,4'-bipyrazole",Mg,Mg(NO3)2·6H2O,EXP_759,EtOH/H2O,,150,24,20,,,238.16,256.41,2.0,1.667,476.32,427.44,1.2,Solvothermal,Cristallino,Sintesi completata con successo (Dataset Espanso),,,,,,MOF; Synthesis; Expanded,,Aggiunta automatica ML Esito 2 (ID 759),Synth-Expanded-MOF-759,1.667,427.44,,10 ml,Solvothermal,,,,,Dataset_1000_Extension,759.0,2026-07-25,,2
760,"2,6-Naphthalenedicarboxylic acid",Carbossilati aromatici,"2,6-Naphthalenedicarboxylic acid",Ni,Ni(OAc)2·4H2O,EXP_760,DMA,,120,24,20,,,216.19,248.84,0.1,0.125,21.62,31.11,0.8,Hydrothermal,Cristallino,Sintesi completata con successo (Dataset Espanso),,,,,,MOF; Synthesis; Expanded,,Aggiunta automatica ML Esito 2 (ID 760),Synth-Expanded-MOF-760,0.125,31.11,,10 ml,Hydrothermal,,,,,Dataset_1000_Extension,760.0,2026-07-25,,2
761,"3,3'-dinitro-4,4'-bipyrazole",Bipyrazole,"3,3'-dinitro-4,4'-bipyrazole",Zr,ZrCl4,EXP_761,H2O,,120,36,20,,,238.16,233.04,0.1,0.05,23.82,11.65,2.0,Microwave,Cristallino,Sintesi completata con successo (Dataset Espanso),,,,,,MOF; Synthesis; Expanded,,Aggiunta automatica ML Esito 2 (ID 761),Synth-Expanded-MOF-761,0.05,11.65,,10 ml,Microwave,,,,,Dataset_1000_Extension,761.0,2026-07-25,,2
762,"1,4-Benzenedicarboxylic acid (H2BDC)",Carbossilati aromatici,"1,4-Benzenedicarboxylic acid (H2BDC)",Fe,Fe(NO3)3·9H2O,EXP_762,DEF,,80,24,20,,,166.13,404.0,1.0,5.0,166.13,2020.0,0.2,Solvothermal,Cristallino,Sintesi completata con successo (Dataset Espanso),,,,,,MOF; Synthesis; Expanded,,Aggiunta automatica ML Esito 2 (ID 762),Synth-Expanded-MOF-762,5.0,2020.0,,10 ml,Solvothermal,,,,,Dataset_1000_Extension,762.0,2026-07-25,,2
763,"1,3,5-Benzenetricarboxylic acid (H3BTC)",Carbossilati aromatici,"1,3,5-Benzenetricarboxylic acid (H3BTC)",Fe,FeCl3·6H2O,EXP_763,EtOH/H2O,,80,4,20,,,210.14,270.3,0.1,0.05,21.01,13.52,2.0,Solvothermal,Cristallino,Sintesi completata con successo (Dataset Espanso),,,,,,MOF; Synthesis; Expanded,,Aggiunta automatica ML Esito 2 (ID 763),Synth-Expanded-MOF-763,0.05,13.52,,10 ml,Solvothermal,,,,,Dataset_1000_Extension,763.0,2026-07-25,,2
764,"3,3'-dimethyl-4,4'-bipyrazole",Bipyrazole,"3,3'-dimethyl-4,4'-bipyrazole",Fe,Fe(NO3)3·9H2O,EXP_764,DEF,,80,12,20,,,178.23,404.0,0.05,0.033,8.91,13.33,1.5,Room Temperature,Cristallino,Sintesi completata con successo (Dataset Espanso),,,,,,MOF; Synthesis; Expanded,,Aggiunta automatica ML Esito 2 (ID 764),Synth-Expanded-MOF-764,0.033,13.33,,10 ml,Room Temperature,,,,,Dataset_1000_Extension,764.0,2026-07-25,,2
765,"3,3'-dinitro-4,4'-bipyrazole",Bipyrazole,"3,3'-dinitro-4,4'-bipyrazole",Co,Co(OAc)2·4H2O,EXP_765,DEF,,80,4,20,,,238.16,249.08,1.0,3.03,238.16,754.71,0.33,Microwave,Cristallino,Sintesi completata con successo (Dataset Espanso),,,,,,MOF; Synthesis; Expanded,,Aggiunta automatica ML Esito 2 (ID 765),Synth-Expanded-MOF-765,3.03,754.71,,10 ml,Microwave,,,,,Dataset_1000_Extension,765.0,2026-07-25,,2
766,2-Aminoterephthalic acid,Carbossilati aromatici,2-Aminoterephthalic acid,Al,Al(NO3)3·9H2O,EXP_766,H2O,,100,4,20,,,181.15,375.13,0.05,0.05,9.06,18.76,1.0,Sonochemical,Cristallino,Sintesi completata con successo (Dataset Espanso),,,,,,MOF; Synthesis; Expanded,,Aggiunta automatica ML Esito 2 (ID 766),Synth-Expanded-MOF-766,0.05,18.76,,10 ml,Sonochemical,,,,,Dataset_1000_Extension,766.0,2026-07-25,,2
767,"2,5-Dihydroxyterephthalic acid (H4DOBDC)",Carbossilati aromatici,"2,5-Dihydroxyterephthalic acid (H4DOBDC)",Ni,Ni(OAc)2·4H2O,EXP_767,EtOH/H2O,,180,18,20,,,198.13,248.84,0.5,1.0,99.06,248.84,0.5,Solvothermal,Cristallino,Sintesi completata con successo (Dataset Espanso),,,,,,MOF; Synthesis; Expanded,,Aggiunta automatica ML Esito 2 (ID 767),Synth-Expanded-MOF-767,1.0,248.84,,10 ml,Solvothermal,,,,,Dataset_1000_Extension,767.0,2026-07-25,,2
768,2-Aminoterephthalic acid,Carbossilati aromatici,2-Aminoterephthalic acid,Mn,Mn(OAc)2·4H2O,EXP_768,MeOH,,160,72,20,,,181.15,245.09,0.05,0.062,9.06,15.2,0.8,Sonochemical,Cristallino,Sintesi completata con successo (Dataset Espanso),,,,,,MOF; Synthesis; Expanded,,Aggiunta automatica ML Esito 2 (ID 768),Synth-Expanded-MOF-768,0.062,15.2,,10 ml,Sonochemical,,,,,Dataset_1000_Extension,768.0,2026-07-25,,2
769,Fumaric acid,Carbossilati aromatici,Fumaric acid,Al,Al(NO3)3·9H2O,EXP_769,MeOH,,180,18,20,,,116.07,375.13,0.05,0.042,5.8,15.76,1.2,Solvothermal,Cristallino,Sintesi completata con successo (Dataset Espanso),,,,,,MOF; Synthesis; Expanded,,Aggiunta automatica ML Esito 2 (ID 769),Synth-Expanded-MOF-769,0.042,15.76,,10 ml,Solvothermal,,,,,Dataset_1000_Extension,769.0,2026-07-25,,2
770,"1,4-Benzenedicarboxylic acid (H2BDC)",Carbossilati aromatici,"1,4-Benzenedicarboxylic acid (H2BDC)",Mg,Mg(NO3)2·6H2O,EXP_770,DMF/EtOH/H2O,,140,36,20,,,166.13,256.41,0.05,0.1,8.31,25.64,0.5,Room Temperature,Cristallino,Sintesi completata con successo (Dataset Espanso),,,,,,MOF; Synthesis; Expanded,,Aggiunta automatica ML Esito 2 (ID 770),Synth-Expanded-MOF-770,0.1,25.64,,10 ml,Room Temperature,,,,,Dataset_1000_Extension,770.0,2026-07-25,,2
771,"2,5-Dihydroxyterephthalic acid (H4DOBDC)",Carbossilati aromatici,"2,5-Dihydroxyterephthalic acid (H4DOBDC)",Fe,Fe(NO3)3·9H2O,EXP_771,DMF/EtOH/H2O,,80,24,20,,,198.13,404.0,0.5,0.333,99.06,134.53,1.5,Solvothermal,Cristallino,Sintesi completata con successo (Dataset Espanso),,,,,,MOF; Synthesis; Expanded,,Aggiunta automatica ML Esito 2 (ID 771),Synth-Expanded-MOF-771,0.333,134.53,,10 ml,Solvothermal,,,,,Dataset_1000_Extension,771.0,2026-07-25,,2
772,Benzimidazole,Imidazolati,Benzimidazole,Cd,Cd(NO3)2·4H2O,EXP_772,EtOH/H2O,,120,18,20,,,118.14,308.48,0.5,2.5,59.07,771.2,0.2,Microwave,Cristallino,Sintesi completata con successo (Dataset Espanso),,,,,,MOF; Synthesis; Expanded,,Aggiunta automatica ML Esito 2 (ID 772),Synth-Expanded-MOF-772,2.5,771.2,,10 ml,Microwave,,,,,Dataset_1000_Extension,772.0,2026-07-25,,2
773,"3,3'-dimethyl-4,4'-bipyrazole",Bipyrazole,"3,3'-dimethyl-4,4'-bipyrazole",Cu,Cu(OAc)2·H2O,EXP_773,EtOH/H2O,,150,4,20,,,178.23,199.65,0.1,0.1,17.82,19.97,1.0,Sonochemical,Cristallino,Sintesi completata con successo (Dataset Espanso),,,,,,MOF; Synthesis; Expanded,,Aggiunta automatica ML Esito 2 (ID 773),Synth-Expanded-MOF-773,0.1,19.97,,10 ml,Sonochemical,,,,,Dataset_1000_Extension,773.0,2026-07-25,,2
774,"3,3'-dinitro-4,4'-bipyrazole",Bipyrazole,"3,3'-dinitro-4,4'-bipyrazole",Co,Co(NO3)2·6H2O,EXP_774,EtOH/H2O,,80,72,20,,,238.16,291.03,0.2,0.4,47.63,116.41,0.5,Sonochemical,Cristallino,Sintesi completata con successo (Dataset Espanso),,,,,,MOF; Synthesis; Expanded,,Aggiunta automatica ML Esito 2 (ID 774),Synth-Expanded-MOF-774,0.4,116.41,,10 ml,Sonochemical,,,,,Dataset_1000_Extension,774.0,2026-07-25,,2
775,2-Aminoterephthalic acid,Carbossilati aromatici,2-Aminoterephthalic acid,Cd,Cd(NO3)2·4H2O,EXP_775,DMF/EtOH/H2O,,25,36,20,,,181.15,308.48,0.1,0.05,18.12,15.42,2.0,Sonochemical,Cristallino,Sintesi completata con successo (Dataset Espanso),,,,,,MOF; Synthesis; Expanded,,Aggiunta automatica ML Esito 2 (ID 775),Synth-Expanded-MOF-775,0.05,15.42,,10 ml,Sonochemical,,,,,Dataset_1000_Extension,775.0,2026-07-25,,2
776,"3-amino-4,4'-bipyrazole",Bipyrazole,"3-amino-4,4'-bipyrazole",Zr,ZrOCl2·8H2O,EXP_776,EtOH/H2O,,120,48,20,,,179.18,322.25,1.0,0.5,179.18,161.12,2.0,Room Temperature,Cristallino,Sintesi completata con successo (Dataset Espanso),,,,,,MOF; Synthesis; Expanded,,Aggiunta automatica ML Esito 2 (ID 776),Synth-Expanded-MOF-776,0.5,161.12,,10 ml,Room Temperature,,,,,Dataset_1000_Extension,776.0,2026-07-25,,2
777,"1,4-Benzenedicarboxylic acid (H2BDC)",Carbossilati aromatici,"1,4-Benzenedicarboxylic acid (H2BDC)",Mn,Mn(OAc)2·4H2O,EXP_777,MeOH,,180,36,20,,,166.13,245.09,2.0,2.5,332.26,612.73,0.8,Microwave,Cristallino,Sintesi completata con successo (Dataset Espanso),,,,,,MOF; Synthesis; Expanded,,Aggiunta automatica ML Esito 2 (ID 777),Synth-Expanded-MOF-777,2.5,612.73,,10 ml,Microwave,,,,,Dataset_1000_Extension,777.0,2026-07-25,,2
778,"1,2,4-Triazole",Triazole,"1,2,4-Triazole",Fe,Fe(NO3)3·9H2O,EXP_778,DMA,,150,18,20,,,69.07,404.0,0.2,0.606,13.81,244.82,0.33,Hydrothermal,Cristallino,Sintesi completata con successo (Dataset Espanso),,,,,,MOF; Synthesis; Expanded,,Aggiunta automatica ML Esito 2 (ID 778),Synth-Expanded-MOF-778,0.606,244.82,,10 ml,Hydrothermal,,,,,Dataset_1000_Extension,778.0,2026-07-25,,2
779,Fumaric acid,Carbossilati aromatici,Fumaric acid,Cu,Cu(NO3)2·3H2O,EXP_779,DEF,,100,24,20,,,116.07,241.6,0.05,0.033,5.8,7.97,1.5,Sonochemical,Cristallino,Sintesi completata con successo (Dataset Espanso),,,,,,MOF; Synthesis; Expanded,,Aggiunta automatica ML Esito 2 (ID 779),Synth-Expanded-MOF-779,0.033,7.97,,10 ml,Sonochemical,,,,,Dataset_1000_Extension,779.0,2026-07-25,,2
780,Fumaric acid,Carbossilati aromatici,Fumaric acid,Zr,ZrCl4,EXP_780,DMF/H2O,,180,72,20,,,116.07,233.04,0.05,0.25,5.8,58.26,0.2,Microwave,Cristallino,Sintesi completata con successo (Dataset Espanso),,,,,,MOF; Synthesis; Expanded,,Aggiunta automatica ML Esito 2 (ID 780),Synth-Expanded-MOF-780,0.25,58.26,,10 ml,Microwave,,,,,Dataset_1000_Extension,780.0,2026-07-25,,2
781,"3,5-diamino-4,4'-bipyrazole",Bipyrazole,"3,5-diamino-4,4'-bipyrazole",Zr,ZrCl4,EXP_781,DMA,,120,48,20,,,194.2,233.04,1.0,1.25,194.2,291.3,0.8,Hydrothermal,Cristallino,Sintesi completata con successo (Dataset Espanso),,,,,,MOF; Synthesis; Expanded,,Aggiunta automatica ML Esito 2 (ID 781),Synth-Expanded-MOF-781,1.25,291.3,,10 ml,Hydrothermal,,,,,Dataset_1000_Extension,781.0,2026-07-25,,2
782,2-Methylimidazole,Imidazolati,2-Methylimidazole,Cd,Cd(NO3)2·4H2O,EXP_782,EtOH/H2O,,140,36,20,,,82.1,308.48,1.0,1.25,82.1,385.6,0.8,Room Temperature,Cristallino,Sintesi completata con successo (Dataset Espanso),,,,,,MOF; Synthesis; Expanded,,Aggiunta automatica ML Esito 2 (ID 782),Synth-Expanded-MOF-782,1.25,385.6,,10 ml,Room Temperature,,,,,Dataset_1000_Extension,782.0,2026-07-25,,2
783,"2,5-Dihydroxyterephthalic acid (H4DOBDC)",Carbossilati aromatici,"2,5-Dihydroxyterephthalic acid (H4DOBDC)",Cu,Cu(NO3)2·3H2O,EXP_783,DMF/H2O,,100,4,20,,,198.13,241.6,0.05,0.033,9.91,7.97,1.5,Hydrothermal,Cristallino,Sintesi completata con successo (Dataset Espanso),,,,,,MOF; Synthesis; Expanded,,Aggiunta automatica ML Esito 2 (ID 783),Synth-Expanded-MOF-783,0.033,7.97,,10 ml,Hydrothermal,,,,,Dataset_1000_Extension,783.0,2026-07-25,,2
784,"1,4-Benzenedicarboxylic acid (H2BDC)",Carbossilati aromatici,"1,4-Benzenedicarboxylic acid (H2BDC)",Al,AlCl3·6H2O,EXP_784,DMF,,120,48,20,,,166.13,241.43,0.05,0.025,8.31,6.04,2.0,Room Temperature,Cristallino,Sintesi completata con successo (Dataset Espanso),,,,,,MOF; Synthesis; Expanded,,Aggiunta automatica ML Esito 2 (ID 784),Synth-Expanded-MOF-784,0.025,6.04,,10 ml,Room Temperature,,,,,Dataset_1000_Extension,784.0,2026-07-25,,2
785,"3,3'-dimethyl-4,4'-bipyrazole",Bipyrazole,"3,3'-dimethyl-4,4'-bipyrazole",Fe,Fe(NO3)3·9H2O,EXP_785,H2O,,140,24,20,,,178.23,404.0,0.1,0.1,17.82,40.4,1.0,Microwave,Cristallino,Sintesi completata con successo (Dataset Espanso),,,,,,MOF; Synthesis; Expanded,,Aggiunta automatica ML Esito 2 (ID 785),Synth-Expanded-MOF-785,0.1,40.4,,10 ml,Microwave,,,,,Dataset_1000_Extension,785.0,2026-07-25,,2
786,"1,2,4-Triazole",Triazole,"1,2,4-Triazole",Cu,Cu(OAc)2·H2O,EXP_786,H2O,,60,24,20,,,69.07,199.65,0.05,0.05,3.45,9.98,1.0,Microwave,Cristallino,Sintesi completata con successo (Dataset Espanso),,,,,,MOF; Synthesis; Expanded,,Aggiunta automatica ML Esito 2 (ID 786),Synth-Expanded-MOF-786,0.05,9.98,,10 ml,Microwave,,,,,Dataset_1000_Extension,786.0,2026-07-25,,2
787,"2,5-Dihydroxyterephthalic acid (H4DOBDC)",Carbossilati aromatici,"2,5-Dihydroxyterephthalic acid (H4DOBDC)",Mn,Mn(OAc)2·4H2O,EXP_787,DMF/EtOH/H2O,,25,36,20,,,198.13,245.09,0.5,0.5,99.06,122.55,1.0,Microwave,Cristallino,Sintesi completata con successo (Dataset Espanso),,,,,,MOF; Synthesis; Expanded,,Aggiunta automatica ML Esito 2 (ID 787),Synth-Expanded-MOF-787,0.5,122.55,,10 ml,Microwave,,,,,Dataset_1000_Extension,787.0,2026-07-25,,2
788,2-Methylimidazole,Imidazolati,2-Methylimidazole,Al,Al(NO3)3·9H2O,EXP_788,DMF/H2O,,140,12,20,,,82.1,375.13,1.0,0.5,82.1,187.56,2.0,Room Temperature,Cristallino,Sintesi completata con successo (Dataset Espanso),,,,,,MOF; Synthesis; Expanded,,Aggiunta automatica ML Esito 2 (ID 788),Synth-Expanded-MOF-788,0.5,187.56,,10 ml,Room Temperature,,,,,Dataset_1000_Extension,788.0,2026-07-25,,2
789,Tetrakis(4-carboxyphenyl)porphyrin (TCPP),Carbossilati aromatici,Tetrakis(4-carboxyphenyl)porphyrin (TCPP),Zr,ZrOCl2·8H2O,EXP_789,H2O,,60,18,20,,,790.78,322.25,0.05,0.05,39.54,16.11,1.0,Sonochemical,Cristallino,Sintesi completata con successo (Dataset Espanso),,,,,,MOF; Synthesis; Expanded,,Aggiunta automatica ML Esito 2 (ID 789),Synth-Expanded-MOF-789,0.05,16.11,,10 ml,Sonochemical,,,,,Dataset_1000_Extension,789.0,2026-07-25,,2
790,"4,4'-Biphenyldicarboxylic acid (BPDC)",Carbossilati aromatici,"4,4'-Biphenyldicarboxylic acid (BPDC)",Zr,ZrCl4,EXP_790,DEF,,25,18,20,,,242.23,233.04,0.05,0.152,12.11,35.42,0.33,Sonochemical,Cristallino,Sintesi completata con successo (Dataset Espanso),,,,,,MOF; Synthesis; Expanded,,Aggiunta automatica ML Esito 2 (ID 790),Synth-Expanded-MOF-790,0.152,35.42,,10 ml,Sonochemical,,,,,Dataset_1000_Extension,790.0,2026-07-25,,2
791,"4,4'-Biphenyldicarboxylic acid (BPDC)",Carbossilati aromatici,"4,4'-Biphenyldicarboxylic acid (BPDC)",Mn,Mn(OAc)2·4H2O,EXP_791,DMF,,60,4,20,,,242.23,245.09,0.05,0.033,12.11,8.09,1.5,Room Temperature,Cristallino,Sintesi completata con successo (Dataset Espanso),,,,,,MOF; Synthesis; Expanded,,Aggiunta automatica ML Esito 2 (ID 791),Synth-Expanded-MOF-791,0.033,8.09,,10 ml,Room Temperature,,,,,Dataset_1000_Extension,791.0,2026-07-25,,2
792,"2,6-Naphthalenedicarboxylic acid",Carbossilati aromatici,"2,6-Naphthalenedicarboxylic acid",Mg,Mg(NO3)2·6H2O,EXP_792,MeOH,,140,24,20,,,216.19,256.41,1.0,1.0,216.19,256.41,1.0,Solvothermal,Cristallino,Sintesi completata con successo (Dataset Espanso),,,,,,MOF; Synthesis; Expanded,,Aggiunta automatica ML Esito 2 (ID 792),Synth-Expanded-MOF-792,1.0,256.41,,10 ml,Solvothermal,,,,,Dataset_1000_Extension,792.0,2026-07-25,,2
793,"4,4'-Biphenyldicarboxylic acid (BPDC)",Carbossilati aromatici,"4,4'-Biphenyldicarboxylic acid (BPDC)",Cu,Cu(NO3)2·3H2O,EXP_793,EtOH/H2O,,150,36,20,,,242.23,241.6,0.1,0.1,24.22,24.16,1.0,Sonochemical,Cristallino,Sintesi completata con successo (Dataset Espanso),,,,,,MOF; Synthesis; Expanded,,Aggiunta automatica ML Esito 2 (ID 793),Synth-Expanded-MOF-793,0.1,24.16,,10 ml,Sonochemical,,,,,Dataset_1000_Extension,793.0,2026-07-25,,2
794,"3,3'-dinitro-4,4'-bipyrazole",Bipyrazole,"3,3'-dinitro-4,4'-bipyrazole",Mn,Mn(OAc)2·4H2O,EXP_794,EtOH/H2O,,180,48,20,,,238.16,245.09,1.0,2.0,238.16,490.18,0.5,Solvothermal,Cristallino,Sintesi completata con successo (Dataset Espanso),,,,,,MOF; Synthesis; Expanded,,Aggiunta automatica ML Esito 2 (ID 794),Synth-Expanded-MOF-794,2.0,490.18,,10 ml,Solvothermal,,,,,Dataset_1000_Extension,794.0,2026-07-25,,2
795,2-Methylimidazole,Imidazolati,2-Methylimidazole,Cu,Cu(OAc)2·H2O,EXP_795,DMF,,25,12,20,,,82.1,199.65,0.1,0.067,8.21,13.38,1.5,Microwave,Cristallino,Sintesi completata con successo (Dataset Espanso),,,,,,MOF; Synthesis; Expanded,,Aggiunta automatica ML Esito 2 (ID 795),Synth-Expanded-MOF-795,0.067,13.38,,10 ml,Microwave,,,,,Dataset_1000_Extension,795.0,2026-07-25,,2
796,"3,3'-dinitro-4,4'-bipyrazole",Bipyrazole,"3,3'-dinitro-4,4'-bipyrazole",Zr,ZrOCl2·8H2O,EXP_796,DMA,,140,18,20,,,238.16,322.25,0.5,1.515,119.08,488.21,0.33,Room Temperature,Cristallino,Sintesi completata con successo (Dataset Espanso),,,,,,MOF; Synthesis; Expanded,,Aggiunta automatica ML Esito 2 (ID 796),Synth-Expanded-MOF-796,1.515,488.21,,10 ml,Room Temperature,,,,,Dataset_1000_Extension,796.0,2026-07-25,,2
797,"1,4-Benzenedicarboxylic acid (H2BDC)",Carbossilati aromatici,"1,4-Benzenedicarboxylic acid (H2BDC)",Fe,Fe(NO3)3·9H2O,EXP_797,EtOH/H2O,,180,4,20,,,166.13,404.0,2.0,2.0,332.26,808.0,1.0,Sonochemical,Cristallino,Sintesi completata con successo (Dataset Espanso),,,,,,MOF; Synthesis; Expanded,,Aggiunta automatica ML Esito 2 (ID 797),Synth-Expanded-MOF-797,2.0,808.0,,10 ml,Sonochemical,,,,,Dataset_1000_Extension,797.0,2026-07-25,,2
798,2-Aminoterephthalic acid,Carbossilati aromatici,2-Aminoterephthalic acid,Fe,FeCl3·6H2O,EXP_798,DMF/H2O,,150,48,20,,,181.15,270.3,2.0,6.061,362.3,1638.29,0.33,Microwave,Cristallino,Sintesi completata con successo (Dataset Espanso),,,,,,MOF; Synthesis; Expanded,,Aggiunta automatica ML Esito 2 (ID 798),Synth-Expanded-MOF-798,6.061,1638.29,,10 ml,Microwave,,,,,Dataset_1000_Extension,798.0,2026-07-25,,2
799,2-Aminoterephthalic acid,Carbossilati aromatici,2-Aminoterephthalic acid,Zr,ZrOCl2·8H2O,EXP_799,DEF,,80,72,20,,,181.15,322.25,0.05,0.062,9.06,19.98,0.8,Hydrothermal,Cristallino,Sintesi completata con successo (Dataset Espanso),,,,,,MOF; Synthesis; Expanded,,Aggiunta automatica ML Esito 2 (ID 799),Synth-Expanded-MOF-799,0.062,19.98,,10 ml,Hydrothermal,,,,,Dataset_1000_Extension,799.0,2026-07-25,,2
800,"4,4'-Biphenyldicarboxylic acid (BPDC)",Carbossilati aromatici,"4,4'-Biphenyldicarboxylic acid (BPDC)",Zr,ZrCl4,EXP_800,H2O,,150,12,20,,,242.23,233.04,1.0,5.0,242.23,1165.2,0.2,Room Temperature,Cristallino,Sintesi completata con successo (Dataset Espanso),,,,,,MOF; Synthesis; Expanded,,Aggiunta automatica ML Esito 2 (ID 800),Synth-Expanded-MOF-800,5.0,1165.2,,10 ml,Room Temperature,,,,,Dataset_1000_Extension,800.0,2026-07-25,,2
801,2-Methylimidazole,Imidazolati,2-Methylimidazole,Cu,Cu(OAc)2·H2O,EXP_801,H2O,,25,12,20,,,82.1,199.65,0.5,0.625,41.05,124.78,0.8,Solvothermal,Cristallino,Sintesi completata con successo (Dataset Espanso),,,,,,MOF; Synthesis; Expanded,,Aggiunta automatica ML Esito 2 (ID 801),Synth-Expanded-MOF-801,0.625,124.78,,10 ml,Solvothermal,,,,,Dataset_1000_Extension,801.0,2026-07-25,,2
802,"3,5-diamino-4,4'-bipyrazole",Bipyrazole,"3,5-diamino-4,4'-bipyrazole",Zn,Zn(NO3)2·6H2O,EXP_802,DEF,,140,36,20,,,194.2,297.49,2.0,2.0,388.4,594.98,1.0,Hydrothermal,Cristallino,Sintesi completata con successo (Dataset Espanso),,,,,,MOF; Synthesis; Expanded,,Aggiunta automatica ML Esito 2 (ID 802),Synth-Expanded-MOF-802,2.0,594.98,,10 ml,Hydrothermal,,,,,Dataset_1000_Extension,802.0,2026-07-25,,2
803,"3,3'-dimethyl-4,4'-bipyrazole",Bipyrazole,"3,3'-dimethyl-4,4'-bipyrazole",Fe,FeCl3·6H2O,EXP_803,DMF/H2O,,180,72,20,,,178.23,270.3,0.5,0.417,89.11,112.72,1.2,Room Temperature,Cristallino,Sintesi completata con successo (Dataset Espanso),,,,,,MOF; Synthesis; Expanded,,Aggiunta automatica ML Esito 2 (ID 803),Synth-Expanded-MOF-803,0.417,112.72,,10 ml,Room Temperature,,,,,Dataset_1000_Extension,803.0,2026-07-25,,2
804,"3,5-diamino-4,4'-bipyrazole",Bipyrazole,"3,5-diamino-4,4'-bipyrazole",Cu,Cu(OAc)2·H2O,EXP_804,H2O,,180,18,20,,,194.2,199.65,1.0,2.0,194.2,399.3,0.5,Room Temperature,Cristallino,Sintesi completata con successo (Dataset Espanso),,,,,,MOF; Synthesis; Expanded,,Aggiunta automatica ML Esito 2 (ID 804),Synth-Expanded-MOF-804,2.0,399.3,,10 ml,Room Temperature,,,,,Dataset_1000_Extension,804.0,2026-07-25,,2
805,2-Aminoterephthalic acid,Carbossilati aromatici,2-Aminoterephthalic acid,Zn,Zn(NO3)2·6H2O,EXP_805,DEF,,140,36,20,,,181.15,297.49,0.05,0.05,9.06,14.87,1.0,Solvothermal,Cristallino,Sintesi completata con successo (Dataset Espanso),,,,,,MOF; Synthesis; Expanded,,Aggiunta automatica ML Esito 2 (ID 805),Synth-Expanded-MOF-805,0.05,14.87,,10 ml,Solvothermal,,,,,Dataset_1000_Extension,805.0,2026-07-25,,2
806,"1,2,4-Triazole",Triazole,"1,2,4-Triazole",Al,AlCl3·6H2O,EXP_806,DEF,,25,48,20,,,69.07,241.43,0.2,0.2,13.81,48.29,1.0,Hydrothermal,Cristallino,Sintesi completata con successo (Dataset Espanso),,,,,,MOF; Synthesis; Expanded,,Aggiunta automatica ML Esito 2 (ID 806),Synth-Expanded-MOF-806,0.2,48.29,,10 ml,Hydrothermal,,,,,Dataset_1000_Extension,806.0,2026-07-25,,2
807,"3-amino-4,4'-bipyrazole",Bipyrazole,"3-amino-4,4'-bipyrazole",Cd,Cd(NO3)2·4H2O,EXP_807,DMF/EtOH/H2O,,140,72,20,,,179.18,308.48,1.0,0.667,179.18,205.76,1.5,Room Temperature,Cristallino,Sintesi completata con successo (Dataset Espanso),,,,,,MOF; Synthesis; Expanded,,Aggiunta automatica ML Esito 2 (ID 807),Synth-Expanded-MOF-807,0.667,205.76,,10 ml,Room Temperature,,,,,Dataset_1000_Extension,807.0,2026-07-25,,2
808,"1,4-Benzenedicarboxylic acid (H2BDC)",Carbossilati aromatici,"1,4-Benzenedicarboxylic acid (H2BDC)",Cu,Cu(OAc)2·H2O,EXP_808,DMF,,160,4,20,,,166.13,199.65,0.5,0.5,83.06,99.83,1.0,Room Temperature,Cristallino,Sintesi completata con successo (Dataset Espanso),,,,,,MOF; Synthesis; Expanded,,Aggiunta automatica ML Esito 2 (ID 808),Synth-Expanded-MOF-808,0.5,99.83,,10 ml,Room Temperature,,,,,Dataset_1000_Extension,808.0,2026-07-25,,2
809,Tetrakis(4-carboxyphenyl)porphyrin (TCPP),Carbossilati aromatici,Tetrakis(4-carboxyphenyl)porphyrin (TCPP),Cd,Cd(NO3)2·4H2O,EXP_809,H2O,,140,48,20,,,790.78,308.48,2.0,2.5,1581.56,771.2,0.8,Hydrothermal,Cristallino,Sintesi completata con successo (Dataset Espanso),,,,,,MOF; Synthesis; Expanded,,Aggiunta automatica ML Esito 2 (ID 809),Synth-Expanded-MOF-809,2.5,771.2,,10 ml,Hydrothermal,,,,,Dataset_1000_Extension,809.0,2026-07-25,,2
810,"3,5-diamino-4,4'-bipyrazole",Bipyrazole,"3,5-diamino-4,4'-bipyrazole",Zr,ZrOCl2·8H2O,EXP_810,H2O,,80,72,20,,,194.2,322.25,2.0,1.333,388.4,429.56,1.5,Room Temperature,Cristallino,Sintesi completata con successo (Dataset Espanso),,,,,,MOF; Synthesis; Expanded,,Aggiunta automatica ML Esito 2 (ID 810),Synth-Expanded-MOF-810,1.333,429.56,,10 ml,Room Temperature,,,,,Dataset_1000_Extension,810.0,2026-07-25,,2
811,"3,3'-dimethyl-4,4'-bipyrazole",Bipyrazole,"3,3'-dimethyl-4,4'-bipyrazole",Cd,Cd(NO3)2·4H2O,EXP_811,DEF,,140,18,20,,,178.23,308.48,0.05,0.033,8.91,10.18,1.5,Room Temperature,Cristallino,Sintesi completata con successo (Dataset Espanso),,,,,,MOF; Synthesis; Expanded,,Aggiunta automatica ML Esito 2 (ID 811),Synth-Expanded-MOF-811,0.033,10.18,,10 ml,Room Temperature,,,,,Dataset_1000_Extension,811.0,2026-07-25,,2
812,Fumaric acid,Carbossilati aromatici,Fumaric acid,Zn,Zn(NO3)2·6H2O,EXP_812,MeOH,,180,4,20,,,116.07,297.49,0.5,0.417,58.03,124.05,1.2,Hydrothermal,Cristallino,Sintesi completata con successo (Dataset Espanso),,,,,,MOF; Synthesis; Expanded,,Aggiunta automatica ML Esito 2 (ID 812),Synth-Expanded-MOF-812,0.417,124.05,,10 ml,Hydrothermal,,,,,Dataset_1000_Extension,812.0,2026-07-25,,2
813,"3-amino-4,4'-bipyrazole",Bipyrazole,"3-amino-4,4'-bipyrazole",Mn,Mn(OAc)2·4H2O,EXP_813,DMF/MeOH,,180,24,20,,,179.18,245.09,0.05,0.1,8.96,24.51,0.5,Hydrothermal,Cristallino,Sintesi completata con successo (Dataset Espanso),,,,,,MOF; Synthesis; Expanded,,Aggiunta automatica ML Esito 2 (ID 813),Synth-Expanded-MOF-813,0.1,24.51,,10 ml,Hydrothermal,,,,,Dataset_1000_Extension,813.0,2026-07-25,,2
814,2-Methylimidazole,Imidazolati,2-Methylimidazole,Cd,Cd(NO3)2·4H2O,EXP_814,DMF/MeOH,,140,12,20,,,82.1,308.48,0.2,0.25,16.42,77.12,0.8,Solvothermal,Cristallino,Sintesi completata con successo (Dataset Espanso),,,,,,MOF; Synthesis; Expanded,,Aggiunta automatica ML Esito 2 (ID 814),Synth-Expanded-MOF-814,0.25,77.12,,10 ml,Solvothermal,,,,,Dataset_1000_Extension,814.0,2026-07-25,,2
815,"3,3'-dinitro-4,4'-bipyrazole",Bipyrazole,"3,3'-dinitro-4,4'-bipyrazole",Ni,Ni(NO3)2·6H2O,EXP_815,EtOH/H2O,,140,24,20,,,238.16,290.79,0.1,0.05,23.82,14.54,2.0,Hydrothermal,Cristallino,Sintesi completata con successo (Dataset Espanso),,,,,,MOF; Synthesis; Expanded,,Aggiunta automatica ML Esito 2 (ID 815),Synth-Expanded-MOF-815,0.05,14.54,,10 ml,Hydrothermal,,,,,Dataset_1000_Extension,815.0,2026-07-25,,2
816,"3,3'-dimethyl-4,4'-bipyrazole",Bipyrazole,"3,3'-dimethyl-4,4'-bipyrazole",Al,Al(NO3)3·9H2O,EXP_816,DMA,,120,4,20,,,178.23,375.13,2.0,2.0,356.46,750.26,1.0,Solvothermal,Cristallino,Sintesi completata con successo (Dataset Espanso),,,,,,MOF; Synthesis; Expanded,,Aggiunta automatica ML Esito 2 (ID 816),Synth-Expanded-MOF-816,2.0,750.26,,10 ml,Solvothermal,,,,,Dataset_1000_Extension,816.0,2026-07-25,,2
817,"2,6-Naphthalenedicarboxylic acid",Carbossilati aromatici,"2,6-Naphthalenedicarboxylic acid",Zn,Zn(OAc)2·2H2O,EXP_817,DMA,,150,24,20,,,216.19,219.51,2.0,1.667,432.38,365.92,1.2,Room Temperature,Cristallino,Sintesi completata con successo (Dataset Espanso),,,,,,MOF; Synthesis; Expanded,,Aggiunta automatica ML Esito 2 (ID 817),Synth-Expanded-MOF-817,1.667,365.92,,10 ml,Room Temperature,,,,,Dataset_1000_Extension,817.0,2026-07-25,,2
818,Benzimidazole,Imidazolati,Benzimidazole,Ni,Ni(NO3)2·6H2O,EXP_818,MeOH,,80,18,20,,,118.14,290.79,2.0,2.5,236.28,726.98,0.8,Sonochemical,Cristallino,Sintesi completata con successo (Dataset Espanso),,,,,,MOF; Synthesis; Expanded,,Aggiunta automatica ML Esito 2 (ID 818),Synth-Expanded-MOF-818,2.5,726.98,,10 ml,Sonochemical,,,,,Dataset_1000_Extension,818.0,2026-07-25,,2
819,2-Aminoterephthalic acid,Carbossilati aromatici,2-Aminoterephthalic acid,Fe,FeCl3·6H2O,EXP_819,DMF/MeOH,,140,48,20,,,181.15,270.3,2.0,1.667,362.3,450.59,1.2,Solvothermal,Cristallino,Sintesi completata con successo (Dataset Espanso),,,,,,MOF; Synthesis; Expanded,,Aggiunta automatica ML Esito 2 (ID 819),Synth-Expanded-MOF-819,1.667,450.59,,10 ml,Solvothermal,,,,,Dataset_1000_Extension,819.0,2026-07-25,,2
820,"1,3,5-Benzenetricarboxylic acid (H3BTC)",Carbossilati aromatici,"1,3,5-Benzenetricarboxylic acid (H3BTC)",Zr,ZrOCl2·8H2O,EXP_820,H2O,,80,36,20,,,210.14,322.25,2.0,2.0,420.28,644.5,1.0,Microwave,Cristallino,Sintesi completata con successo (Dataset Espanso),,,,,,MOF; Synthesis; Expanded,,Aggiunta automatica ML Esito 2 (ID 820),Synth-Expanded-MOF-820,2.0,644.5,,10 ml,Microwave,,,,,Dataset_1000_Extension,820.0,2026-07-25,,2
821,"3,3'-dinitro-4,4'-bipyrazole",Bipyrazole,"3,3'-dinitro-4,4'-bipyrazole",Cu,Cu(OAc)2·H2O,EXP_821,DMF/H2O,,100,4,20,,,238.16,199.65,0.5,2.5,119.08,499.12,0.2,Microwave,Cristallino,Sintesi completata con successo (Dataset Espanso),,,,,,MOF; Synthesis; Expanded,,Aggiunta automatica ML Esito 2 (ID 821),Synth-Expanded-MOF-821,2.5,499.12,,10 ml,Microwave,,,,,Dataset_1000_Extension,821.0,2026-07-25,,2
822,Tetrakis(4-carboxyphenyl)porphyrin (TCPP),Carbossilati aromatici,Tetrakis(4-carboxyphenyl)porphyrin (TCPP),Zr,ZrCl4,EXP_822,DMA,,120,48,20,,,790.78,233.04,0.5,0.333,395.39,77.6,1.5,Room Temperature,Cristallino,Sintesi completata con successo (Dataset Espanso),,,,,,MOF; Synthesis; Expanded,,Aggiunta automatica ML Esito 2 (ID 822),Synth-Expanded-MOF-822,0.333,77.6,,10 ml,Room Temperature,,,,,Dataset_1000_Extension,822.0,2026-07-25,,2
823,2-Methylimidazole,Imidazolati,2-Methylimidazole,Fe,FeCl3·6H2O,EXP_823,DMF/H2O,,25,48,20,,,82.1,270.3,0.1,0.05,8.21,13.52,2.0,Hydrothermal,Cristallino,Sintesi completata con successo (Dataset Espanso),,,,,,MOF; Synthesis; Expanded,,Aggiunta automatica ML Esito 2 (ID 823),Synth-Expanded-MOF-823,0.05,13.52,,10 ml,Hydrothermal,,,,,Dataset_1000_Extension,823.0,2026-07-25,,2
824,"2,6-Naphthalenedicarboxylic acid",Carbossilati aromatici,"2,6-Naphthalenedicarboxylic acid",Ni,Ni(OAc)2·4H2O,EXP_824,DEF,,160,12,20,,,216.19,248.84,1.0,5.0,216.19,1244.2,0.2,Microwave,Cristallino,Sintesi completata con successo (Dataset Espanso),,,,,,MOF; Synthesis; Expanded,,Aggiunta automatica ML Esito 2 (ID 824),Synth-Expanded-MOF-824,5.0,1244.2,,10 ml,Microwave,,,,,Dataset_1000_Extension,824.0,2026-07-25,,2
825,"3-amino-4,4'-bipyrazole",Bipyrazole,"3-amino-4,4'-bipyrazole",Mn,Mn(OAc)2·4H2O,EXP_825,DMF/EtOH/H2O,,160,48,20,,,179.18,245.09,0.05,0.042,8.96,10.29,1.2,Room Temperature,Cristallino,Sintesi completata con successo (Dataset Espanso),,,,,,MOF; Synthesis; Expanded,,Aggiunta automatica ML Esito 2 (ID 825),Synth-Expanded-MOF-825,0.042,10.29,,10 ml,Room Temperature,,,,,Dataset_1000_Extension,825.0,2026-07-25,,2
826,"2,6-Naphthalenedicarboxylic acid",Carbossilati aromatici,"2,6-Naphthalenedicarboxylic acid",Fe,Fe(NO3)3·9H2O,EXP_826,DEF,,120,18,20,,,216.19,404.0,0.5,1.515,108.09,612.06,0.33,Solvothermal,Cristallino,Sintesi completata con successo (Dataset Espanso),,,,,,MOF; Synthesis; Expanded,,Aggiunta automatica ML Esito 2 (ID 826),Synth-Expanded-MOF-826,1.515,612.06,,10 ml,Solvothermal,,,,,Dataset_1000_Extension,826.0,2026-07-25,,2
827,"1,3,5-Benzenetricarboxylic acid (H3BTC)",Carbossilati aromatici,"1,3,5-Benzenetricarboxylic acid (H3BTC)",Cu,Cu(NO3)2·3H2O,EXP_827,DMF,,160,48,20,,,210.14,241.6,1.0,0.5,210.14,120.8,2.0,Microwave,Cristallino,Sintesi completata con successo (Dataset Espanso),,,,,,MOF; Synthesis; Expanded,,Aggiunta automatica ML Esito 2 (ID 827),Synth-Expanded-MOF-827,0.5,120.8,,10 ml,Microwave,,,,,Dataset_1000_Extension,827.0,2026-07-25,,2
828,"3,5-diamino-4,4'-bipyrazole",Bipyrazole,"3,5-diamino-4,4'-bipyrazole",Fe,FeCl3·6H2O,EXP_828,DMF/EtOH/H2O,,120,48,20,,,194.2,270.3,0.2,0.167,38.84,45.14,1.2,Microwave,Cristallino,Sintesi completata con successo (Dataset Espanso),,,,,,MOF; Synthesis; Expanded,,Aggiunta automatica ML Esito 2 (ID 828),Synth-Expanded-MOF-828,0.167,45.14,,10 ml,Microwave,,,,,Dataset_1000_Extension,828.0,2026-07-25,,2
829,"2,6-Naphthalenedicarboxylic acid",Carbossilati aromatici,"2,6-Naphthalenedicarboxylic acid",Zn,Zn(NO3)2·6H2O,EXP_829,EtOH/H2O,,80,18,20,,,216.19,297.49,0.5,0.417,108.09,124.05,1.2,Hydrothermal,Cristallino,Sintesi completata con successo (Dataset Espanso),,,,,,MOF; Synthesis; Expanded,,Aggiunta automatica ML Esito 2 (ID 829),Synth-Expanded-MOF-829,0.417,124.05,,10 ml,Hydrothermal,,,,,Dataset_1000_Extension,829.0,2026-07-25,,2
830,"3-amino-4,4'-bipyrazole",Bipyrazole,"3-amino-4,4'-bipyrazole",Al,Al(NO3)3·9H2O,EXP_830,DMF/EtOH/H2O,,60,72,20,,,179.18,375.13,2.0,2.0,358.36,750.26,1.0,Room Temperature,Cristallino,Sintesi completata con successo (Dataset Espanso),,,,,,MOF; Synthesis; Expanded,,Aggiunta automatica ML Esito 2 (ID 830),Synth-Expanded-MOF-830,2.0,750.26,,10 ml,Room Temperature,,,,,Dataset_1000_Extension,830.0,2026-07-25,,2
831,"1,4-Benzenedicarboxylic acid (H2BDC)",Carbossilati aromatici,"1,4-Benzenedicarboxylic acid (H2BDC)",Cd,Cd(NO3)2·4H2O,EXP_831,DMF,,180,4,20,,,166.13,308.48,0.1,0.067,16.61,20.67,1.5,Solvothermal,Cristallino,Sintesi completata con successo (Dataset Espanso),,,,,,MOF; Synthesis; Expanded,,Aggiunta automatica ML Esito 2 (ID 831),Synth-Expanded-MOF-831,0.067,20.67,,10 ml,Solvothermal,,,,,Dataset_1000_Extension,831.0,2026-07-25,,2
832,Benzimidazole,Imidazolati,Benzimidazole,Co,Co(OAc)2·4H2O,EXP_832,H2O,,80,72,20,,,118.14,249.08,2.0,1.667,236.28,415.22,1.2,Room Temperature,Cristallino,Sintesi completata con successo (Dataset Espanso),,,,,,MOF; Synthesis; Expanded,,Aggiunta automatica ML Esito 2 (ID 832),Synth-Expanded-MOF-832,1.667,415.22,,10 ml,Room Temperature,,,,,Dataset_1000_Extension,832.0,2026-07-25,,2
833,"1,3,5-Benzenetricarboxylic acid (H3BTC)",Carbossilati aromatici,"1,3,5-Benzenetricarboxylic acid (H3BTC)",Co,Co(NO3)2·6H2O,EXP_833,DMF/H2O,,160,12,20,,,210.14,291.03,1.0,0.667,210.14,194.12,1.5,Microwave,Cristallino,Sintesi completata con successo (Dataset Espanso),,,,,,MOF; Synthesis; Expanded,,Aggiunta automatica ML Esito 2 (ID 833),Synth-Expanded-MOF-833,0.667,194.12,,10 ml,Microwave,,,,,Dataset_1000_Extension,833.0,2026-07-25,,2
834,"1,4-Benzenedicarboxylic acid (H2BDC)",Carbossilati aromatici,"1,4-Benzenedicarboxylic acid (H2BDC)",Co,Co(NO3)2·6H2O,EXP_834,DMF/MeOH,,140,4,20,,,166.13,291.03,1.0,1.0,166.13,291.03,1.0,Solvothermal,Cristallino,Sintesi completata con successo (Dataset Espanso),,,,,,MOF; Synthesis; Expanded,,Aggiunta automatica ML Esito 2 (ID 834),Synth-Expanded-MOF-834,1.0,291.03,,10 ml,Solvothermal,,,,,Dataset_1000_Extension,834.0,2026-07-25,,2
835,"3,3'-dimethyl-4,4'-bipyrazole",Bipyrazole,"3,3'-dimethyl-4,4'-bipyrazole",Zr,ZrCl4,EXP_835,DMF/MeOH,,140,12,20,,,178.23,233.04,0.2,0.2,35.65,46.61,1.0,Hydrothermal,Cristallino,Sintesi completata con successo (Dataset Espanso),,,,,,MOF; Synthesis; Expanded,,Aggiunta automatica ML Esito 2 (ID 835),Synth-Expanded-MOF-835,0.2,46.61,,10 ml,Hydrothermal,,,,,Dataset_1000_Extension,835.0,2026-07-25,,2
836,"3,3'-dinitro-4,4'-bipyrazole",Bipyrazole,"3,3'-dinitro-4,4'-bipyrazole",Zr,ZrCl4,EXP_836,DMA,,140,36,20,,,238.16,233.04,0.5,0.5,119.08,116.52,1.0,Microwave,Cristallino,Sintesi completata con successo (Dataset Espanso),,,,,,MOF; Synthesis; Expanded,,Aggiunta automatica ML Esito 2 (ID 836),Synth-Expanded-MOF-836,0.5,116.52,,10 ml,Microwave,,,,,Dataset_1000_Extension,836.0,2026-07-25,,2
837,"3,5-diamino-4,4'-bipyrazole",Bipyrazole,"3,5-diamino-4,4'-bipyrazole",Cd,Cd(NO3)2·4H2O,EXP_837,H2O,,120,36,20,,,194.2,308.48,1.0,1.25,194.2,385.6,0.8,Microwave,Cristallino,Sintesi completata con successo (Dataset Espanso),,,,,,MOF; Synthesis; Expanded,,Aggiunta automatica ML Esito 2 (ID 837),Synth-Expanded-MOF-837,1.25,385.6,,10 ml,Microwave,,,,,Dataset_1000_Extension,837.0,2026-07-25,,2
838,2-Aminoterephthalic acid,Carbossilati aromatici,2-Aminoterephthalic acid,Cu,Cu(OAc)2·H2O,EXP_838,DMF/MeOH,,120,24,20,,,181.15,199.65,0.1,0.083,18.12,16.57,1.2,Room Temperature,Cristallino,Sintesi completata con successo (Dataset Espanso),,,,,,MOF; Synthesis; Expanded,,Aggiunta automatica ML Esito 2 (ID 838),Synth-Expanded-MOF-838,0.083,16.57,,10 ml,Room Temperature,,,,,Dataset_1000_Extension,838.0,2026-07-25,,2
839,"3,5-diamino-4,4'-bipyrazole",Bipyrazole,"3,5-diamino-4,4'-bipyrazole",Zn,Zn(OAc)2·2H2O,EXP_839,DMA,,160,72,20,,,194.2,219.51,0.2,0.167,38.84,36.66,1.2,Hydrothermal,Cristallino,Sintesi completata con successo (Dataset Espanso),,,,,,MOF; Synthesis; Expanded,,Aggiunta automatica ML Esito 2 (ID 839),Synth-Expanded-MOF-839,0.167,36.66,,10 ml,Hydrothermal,,,,,Dataset_1000_Extension,839.0,2026-07-25,,2
840,"1,2,4-Triazole",Triazole,"1,2,4-Triazole",Al,Al(NO3)3·9H2O,EXP_840,H2O,,60,4,20,,,69.07,375.13,0.5,0.333,34.53,124.92,1.5,Solvothermal,Cristallino,Sintesi completata con successo (Dataset Espanso),,,,,,MOF; Synthesis; Expanded,,Aggiunta automatica ML Esito 2 (ID 840),Synth-Expanded-MOF-840,0.333,124.92,,10 ml,Solvothermal,,,,,Dataset_1000_Extension,840.0,2026-07-25,,2
841,"3,3'-dimethyl-4,4'-bipyrazole",Bipyrazole,"3,3'-dimethyl-4,4'-bipyrazole",Fe,Fe(NO3)3·9H2O,EXP_841,DMF/MeOH,,100,36,20,,,178.23,404.0,0.1,0.05,17.82,20.2,2.0,Sonochemical,Cristallino,Sintesi completata con successo (Dataset Espanso),,,,,,MOF; Synthesis; Expanded,,Aggiunta automatica ML Esito 2 (ID 841),Synth-Expanded-MOF-841,0.05,20.2,,10 ml,Sonochemical,,,,,Dataset_1000_Extension,841.0,2026-07-25,,2
842,"1,4-Benzenedicarboxylic acid (H2BDC)",Carbossilati aromatici,"1,4-Benzenedicarboxylic acid (H2BDC)",Ni,Ni(NO3)2·6H2O,EXP_842,DMA,,80,36,20,,,166.13,290.79,0.2,0.167,33.23,48.56,1.2,Solvothermal,Cristallino,Sintesi completata con successo (Dataset Espanso),,,,,,MOF; Synthesis; Expanded,,Aggiunta automatica ML Esito 2 (ID 842),Synth-Expanded-MOF-842,0.167,48.56,,10 ml,Solvothermal,,,,,Dataset_1000_Extension,842.0,2026-07-25,,2
843,Fumaric acid,Carbossilati aromatici,Fumaric acid,Zr,ZrCl4,EXP_843,EtOH/H2O,,120,12,20,,,116.07,233.04,0.05,0.042,5.8,9.79,1.2,Microwave,Cristallino,Sintesi completata con successo (Dataset Espanso),,,,,,MOF; Synthesis; Expanded,,Aggiunta automatica ML Esito 2 (ID 843),Synth-Expanded-MOF-843,0.042,9.79,,10 ml,Microwave,,,,,Dataset_1000_Extension,843.0,2026-07-25,,2
844,"1,4-Benzenedicarboxylic acid (H2BDC)",Carbossilati aromatici,"1,4-Benzenedicarboxylic acid (H2BDC)",Co,Co(OAc)2·4H2O,EXP_844,EtOH/H2O,,180,36,20,,,166.13,249.08,0.5,1.515,83.06,377.36,0.33,Solvothermal,Cristallino,Sintesi completata con successo (Dataset Espanso),,,,,,MOF; Synthesis; Expanded,,Aggiunta automatica ML Esito 2 (ID 844),Synth-Expanded-MOF-844,1.515,377.36,,10 ml,Solvothermal,,,,,Dataset_1000_Extension,844.0,2026-07-25,,2
845,"3-amino-4,4'-bipyrazole",Bipyrazole,"3-amino-4,4'-bipyrazole",Ni,Ni(NO3)2·6H2O,EXP_845,DMF/H2O,,100,4,20,,,179.18,290.79,2.0,4.0,358.36,1163.16,0.5,Hydrothermal,Cristallino,Sintesi completata con successo (Dataset Espanso),,,,,,MOF; Synthesis; Expanded,,Aggiunta automatica ML Esito 2 (ID 845),Synth-Expanded-MOF-845,4.0,1163.16,,10 ml,Hydrothermal,,,,,Dataset_1000_Extension,845.0,2026-07-25,,2
846,2-Aminoterephthalic acid,Carbossilati aromatici,2-Aminoterephthalic acid,Co,Co(NO3)2·6H2O,EXP_846,DEF,,60,18,20,,,181.15,291.03,0.2,0.1,36.23,29.1,2.0,Solvothermal,Cristallino,Sintesi completata con successo (Dataset Espanso),,,,,,MOF; Synthesis; Expanded,,Aggiunta automatica ML Esito 2 (ID 846),Synth-Expanded-MOF-846,0.1,29.1,,10 ml,Solvothermal,,,,,Dataset_1000_Extension,846.0,2026-07-25,,2
847,"3,3'-dimethyl-4,4'-bipyrazole",Bipyrazole,"3,3'-dimethyl-4,4'-bipyrazole",Fe,Fe(NO3)3·9H2O,EXP_847,DMF/H2O,,140,4,20,,,178.23,404.0,1.0,0.833,178.23,336.53,1.2,Microwave,Cristallino,Sintesi completata con successo (Dataset Espanso),,,,,,MOF; Synthesis; Expanded,,Aggiunta automatica ML Esito 2 (ID 847),Synth-Expanded-MOF-847,0.833,336.53,,10 ml,Microwave,,,,,Dataset_1000_Extension,847.0,2026-07-25,,2
848,"3,5-diamino-4,4'-bipyrazole",Bipyrazole,"3,5-diamino-4,4'-bipyrazole",Zr,ZrCl4,EXP_848,DMF,,140,12,20,,,194.2,233.04,1.0,3.03,194.2,706.11,0.33,Microwave,Cristallino,Sintesi completata con successo (Dataset Espanso),,,,,,MOF; Synthesis; Expanded,,Aggiunta automatica ML Esito 2 (ID 848),Synth-Expanded-MOF-848,3.03,706.11,,10 ml,Microwave,,,,,Dataset_1000_Extension,848.0,2026-07-25,,2
849,"1,4-Benzenedicarboxylic acid (H2BDC)",Carbossilati aromatici,"1,4-Benzenedicarboxylic acid (H2BDC)",Co,Co(NO3)2·6H2O,EXP_849,DMF,,100,4,20,,,166.13,291.03,2.0,2.5,332.26,727.57,0.8,Solvothermal,Cristallino,Sintesi completata con successo (Dataset Espanso),,,,,,MOF; Synthesis; Expanded,,Aggiunta automatica ML Esito 2 (ID 849),Synth-Expanded-MOF-849,2.5,727.57,,10 ml,Solvothermal,,,,,Dataset_1000_Extension,849.0,2026-07-25,,2
850,"4,4'-Biphenyldicarboxylic acid (BPDC)",Carbossilati aromatici,"4,4'-Biphenyldicarboxylic acid (BPDC)",Co,Co(OAc)2·4H2O,EXP_850,DMF,,150,4,20,,,242.23,249.08,0.2,0.167,48.45,41.6,1.2,Sonochemical,Cristallino,Sintesi completata con successo (Dataset Espanso),,,,,,MOF; Synthesis; Expanded,,Aggiunta automatica ML Esito 2 (ID 850),Synth-Expanded-MOF-850,0.167,41.6,,10 ml,Sonochemical,,,,,Dataset_1000_Extension,850.0,2026-07-25,,2
851,"3,3'-dimethyl-4,4'-bipyrazole",Bipyrazole,"3,3'-dimethyl-4,4'-bipyrazole",Mn,Mn(OAc)2·4H2O,EXP_851,H2O,,80,12,20,,,178.23,245.09,0.2,0.167,35.65,40.93,1.2,Solvothermal,Cristallino,Sintesi completata con successo (Dataset Espanso),,,,,,MOF; Synthesis; Expanded,,Aggiunta automatica ML Esito 2 (ID 851),Synth-Expanded-MOF-851,0.167,40.93,,10 ml,Solvothermal,,,,,Dataset_1000_Extension,851.0,2026-07-25,,2
852,Tetrakis(4-carboxyphenyl)porphyrin (TCPP),Carbossilati aromatici,Tetrakis(4-carboxyphenyl)porphyrin (TCPP),Zr,ZrOCl2·8H2O,EXP_852,DMA,,25,12,20,,,790.78,322.25,0.5,0.333,395.39,107.31,1.5,Room Temperature,Cristallino,Sintesi completata con successo (Dataset Espanso),,,,,,MOF; Synthesis; Expanded,,Aggiunta automatica ML Esito 2 (ID 852),Synth-Expanded-MOF-852,0.333,107.31,,10 ml,Room Temperature,,,,,Dataset_1000_Extension,852.0,2026-07-25,,2
853,"1,4-Benzenedicarboxylic acid (H2BDC)",Carbossilati aromatici,"1,4-Benzenedicarboxylic acid (H2BDC)",Co,Co(OAc)2·4H2O,EXP_853,MeOH,,150,18,20,,,166.13,249.08,0.2,0.606,33.23,150.94,0.33,Hydrothermal,Cristallino,Sintesi completata con successo (Dataset Espanso),,,,,,MOF; Synthesis; Expanded,,Aggiunta automatica ML Esito 2 (ID 853),Synth-Expanded-MOF-853,0.606,150.94,,10 ml,Hydrothermal,,,,,Dataset_1000_Extension,853.0,2026-07-25,,2
854,Benzimidazole,Imidazolati,Benzimidazole,Zr,ZrOCl2·8H2O,EXP_854,DMF,,150,72,20,,,118.14,322.25,0.1,0.05,11.81,16.11,2.0,Microwave,Cristallino,Sintesi completata con successo (Dataset Espanso),,,,,,MOF; Synthesis; Expanded,,Aggiunta automatica ML Esito 2 (ID 854),Synth-Expanded-MOF-854,0.05,16.11,,10 ml,Microwave,,,,,Dataset_1000_Extension,854.0,2026-07-25,,2
855,Fumaric acid,Carbossilati aromatici,Fumaric acid,Co,Co(OAc)2·4H2O,EXP_855,DMF,,180,72,20,,,116.07,249.08,0.2,0.1,23.21,24.91,2.0,Room Temperature,Cristallino,Sintesi completata con successo (Dataset Espanso),,,,,,MOF; Synthesis; Expanded,,Aggiunta automatica ML Esito 2 (ID 855),Synth-Expanded-MOF-855,0.1,24.91,,10 ml,Room Temperature,,,,,Dataset_1000_Extension,855.0,2026-07-25,,2
856,Tetrakis(4-carboxyphenyl)porphyrin (TCPP),Carbossilati aromatici,Tetrakis(4-carboxyphenyl)porphyrin (TCPP),Co,Co(OAc)2·4H2O,EXP_856,DMA,,180,72,20,,,790.78,249.08,0.2,0.4,158.16,99.63,0.5,Sonochemical,Cristallino,Sintesi completata con successo (Dataset Espanso),,,,,,MOF; Synthesis; Expanded,,Aggiunta automatica ML Esito 2 (ID 856),Synth-Expanded-MOF-856,0.4,99.63,,10 ml,Sonochemical,,,,,Dataset_1000_Extension,856.0,2026-07-25,,2
857,"1,4-Benzenedicarboxylic acid (H2BDC)",Carbossilati aromatici,"1,4-Benzenedicarboxylic acid (H2BDC)",Cd,Cd(NO3)2·4H2O,EXP_857,H2O,,60,18,20,,,166.13,308.48,0.5,0.25,83.06,77.12,2.0,Room Temperature,Cristallino,Sintesi completata con successo (Dataset Espanso),,,,,,MOF; Synthesis; Expanded,,Aggiunta automatica ML Esito 2 (ID 857),Synth-Expanded-MOF-857,0.25,77.12,,10 ml,Room Temperature,,,,,Dataset_1000_Extension,857.0,2026-07-25,,2
858,"2,5-Dihydroxyterephthalic acid (H4DOBDC)",Carbossilati aromatici,"2,5-Dihydroxyterephthalic acid (H4DOBDC)",Zn,Zn(NO3)2·6H2O,EXP_858,DMA,,120,48,20,,,198.13,297.49,0.1,0.067,19.81,19.93,1.5,Hydrothermal,Cristallino,Sintesi completata con successo (Dataset Espanso),,,,,,MOF; Synthesis; Expanded,,Aggiunta automatica ML Esito 2 (ID 858),Synth-Expanded-MOF-858,0.067,19.93,,10 ml,Hydrothermal,,,,,Dataset_1000_Extension,858.0,2026-07-25,,2
859,Fumaric acid,Carbossilati aromatici,Fumaric acid,Zr,ZrCl4,EXP_859,MeOH,,120,18,20,,,116.07,233.04,0.5,1.0,58.03,233.04,0.5,Sonochemical,Cristallino,Sintesi completata con successo (Dataset Espanso),,,,,,MOF; Synthesis; Expanded,,Aggiunta automatica ML Esito 2 (ID 859),Synth-Expanded-MOF-859,1.0,233.04,,10 ml,Sonochemical,,,,,Dataset_1000_Extension,859.0,2026-07-25,,2
860,2-Methylimidazole,Imidazolati,2-Methylimidazole,Zr,ZrOCl2·8H2O,EXP_860,DMF,,120,24,20,,,82.1,322.25,0.1,0.303,8.21,97.64,0.33,Room Temperature,Cristallino,Sintesi completata con successo (Dataset Espanso),,,,,,MOF; Synthesis; Expanded,,Aggiunta automatica ML Esito 2 (ID 860),Synth-Expanded-MOF-860,0.303,97.64,,10 ml,Room Temperature,,,,,Dataset_1000_Extension,860.0,2026-07-25,,2
861,"1,3,5-Benzenetricarboxylic acid (H3BTC)",Carbossilati aromatici,"1,3,5-Benzenetricarboxylic acid (H3BTC)",Fe,Fe(NO3)3·9H2O,EXP_861,DMF/MeOH,,120,36,20,,,210.14,404.0,1.0,3.03,210.14,1224.12,0.33,Solvothermal,Cristallino,Sintesi completata con successo (Dataset Espanso),,,,,,MOF; Synthesis; Expanded,,Aggiunta automatica ML Esito 2 (ID 861),Synth-Expanded-MOF-861,3.03,1224.12,,10 ml,Solvothermal,,,,,Dataset_1000_Extension,861.0,2026-07-25,,2
862,"1,2,4-Triazole",Triazole,"1,2,4-Triazole",Cu,Cu(NO3)2·3H2O,EXP_862,DMF/MeOH,,140,24,20,,,69.07,241.6,2.0,6.061,138.14,1464.34,0.33,Solvothermal,Cristallino,Sintesi completata con successo (Dataset Espanso),,,,,,MOF; Synthesis; Expanded,,Aggiunta automatica ML Esito 2 (ID 862),Synth-Expanded-MOF-862,6.061,1464.34,,10 ml,Solvothermal,,,,,Dataset_1000_Extension,862.0,2026-07-25,,2
863,"3,5-diamino-4,4'-bipyrazole",Bipyrazole,"3,5-diamino-4,4'-bipyrazole",Al,AlCl3·6H2O,EXP_863,MeOH,,25,12,20,,,194.2,241.43,2.0,10.0,388.4,2414.3,0.2,Room Temperature,Cristallino,Sintesi completata con successo (Dataset Espanso),,,,,,MOF; Synthesis; Expanded,,Aggiunta automatica ML Esito 2 (ID 863),Synth-Expanded-MOF-863,10.0,2414.3,,10 ml,Room Temperature,,,,,Dataset_1000_Extension,863.0,2026-07-25,,2
864,"3-amino-4,4'-bipyrazole",Bipyrazole,"3-amino-4,4'-bipyrazole",Co,Co(OAc)2·4H2O,EXP_864,DEF,,180,72,20,,,179.18,249.08,2.0,1.667,358.36,415.22,1.2,Solvothermal,Cristallino,Sintesi completata con successo (Dataset Espanso),,,,,,MOF; Synthesis; Expanded,,Aggiunta automatica ML Esito 2 (ID 864),Synth-Expanded-MOF-864,1.667,415.22,,10 ml,Solvothermal,,,,,Dataset_1000_Extension,864.0,2026-07-25,,2
865,"3,3'-dimethyl-4,4'-bipyrazole",Bipyrazole,"3,3'-dimethyl-4,4'-bipyrazole",Al,AlCl3·6H2O,EXP_865,DMF/MeOH,,60,72,20,,,178.23,241.43,2.0,4.0,356.46,965.72,0.5,Sonochemical,Cristallino,Sintesi completata con successo (Dataset Espanso),,,,,,MOF; Synthesis; Expanded,,Aggiunta automatica ML Esito 2 (ID 865),Synth-Expanded-MOF-865,4.0,965.72,,10 ml,Sonochemical,,,,,Dataset_1000_Extension,865.0,2026-07-25,,2
866,2-Aminoterephthalic acid,Carbossilati aromatici,2-Aminoterephthalic acid,Ni,Ni(OAc)2·4H2O,EXP_866,DMF/MeOH,,180,48,20,,,181.15,248.84,1.0,5.0,181.15,1244.2,0.2,Hydrothermal,Cristallino,Sintesi completata con successo (Dataset Espanso),,,,,,MOF; Synthesis; Expanded,,Aggiunta automatica ML Esito 2 (ID 866),Synth-Expanded-MOF-866,5.0,1244.2,,10 ml,Hydrothermal,,,,,Dataset_1000_Extension,866.0,2026-07-25,,2
867,"3-amino-4,4'-bipyrazole",Bipyrazole,"3-amino-4,4'-bipyrazole",Zn,Zn(OAc)2·2H2O,EXP_867,MeOH,,120,12,20,,,179.18,219.51,0.05,0.1,8.96,21.95,0.5,Sonochemical,Cristallino,Sintesi completata con successo (Dataset Espanso),,,,,,MOF; Synthesis; Expanded,,Aggiunta automatica ML Esito 2 (ID 867),Synth-Expanded-MOF-867,0.1,21.95,,10 ml,Sonochemical,,,,,Dataset_1000_Extension,867.0,2026-07-25,,2
868,Tetrakis(4-carboxyphenyl)porphyrin (TCPP),Carbossilati aromatici,Tetrakis(4-carboxyphenyl)porphyrin (TCPP),Zn,Zn(OAc)2·2H2O,EXP_868,H2O,,60,24,20,,,790.78,219.51,1.0,5.0,790.78,1097.55,0.2,Sonochemical,Cristallino,Sintesi completata con successo (Dataset Espanso),,,,,,MOF; Synthesis; Expanded,,Aggiunta automatica ML Esito 2 (ID 868),Synth-Expanded-MOF-868,5.0,1097.55,,10 ml,Sonochemical,,,,,Dataset_1000_Extension,868.0,2026-07-25,,2
869,Fumaric acid,Carbossilati aromatici,Fumaric acid,Ni,Ni(OAc)2·4H2O,EXP_869,DMF,,120,24,20,,,116.07,248.84,0.1,0.083,11.61,20.65,1.2,Hydrothermal,Cristallino,Sintesi completata con successo (Dataset Espanso),,,,,,MOF; Synthesis; Expanded,,Aggiunta automatica ML Esito 2 (ID 869),Synth-Expanded-MOF-869,0.083,20.65,,10 ml,Hydrothermal,,,,,Dataset_1000_Extension,869.0,2026-07-25,,2
870,"1,2,4-Triazole",Triazole,"1,2,4-Triazole",Fe,FeCl3·6H2O,EXP_870,DMF,,80,36,20,,,69.07,270.3,0.1,0.2,6.91,54.06,0.5,Microwave,Cristallino,Sintesi completata con successo (Dataset Espanso),,,,,,MOF; Synthesis; Expanded,,Aggiunta automatica ML Esito 2 (ID 870),Synth-Expanded-MOF-870,0.2,54.06,,10 ml,Microwave,,,,,Dataset_1000_Extension,870.0,2026-07-25,,2
871,2-Methylimidazole,Imidazolati,2-Methylimidazole,Fe,FeCl3·6H2O,EXP_871,H2O,,100,4,20,,,82.1,270.3,0.2,0.133,16.42,35.95,1.5,Room Temperature,Cristallino,Sintesi completata con successo (Dataset Espanso),,,,,,MOF; Synthesis; Expanded,,Aggiunta automatica ML Esito 2 (ID 871),Synth-Expanded-MOF-871,0.133,35.95,,10 ml,Room Temperature,,,,,Dataset_1000_Extension,871.0,2026-07-25,,2
872,"4,4'-Biphenyldicarboxylic acid (BPDC)",Carbossilati aromatici,"4,4'-Biphenyldicarboxylic acid (BPDC)",Zr,ZrOCl2·8H2O,EXP_872,MeOH,,160,48,20,,,242.23,322.25,0.05,0.025,12.11,8.06,2.0,Sonochemical,Cristallino,Sintesi completata con successo (Dataset Espanso),,,,,,MOF; Synthesis; Expanded,,Aggiunta automatica ML Esito 2 (ID 872),Synth-Expanded-MOF-872,0.025,8.06,,10 ml,Sonochemical,,,,,Dataset_1000_Extension,872.0,2026-07-25,,2
873,"3,3'-dinitro-4,4'-bipyrazole",Bipyrazole,"3,3'-dinitro-4,4'-bipyrazole",Cu,Cu(OAc)2·H2O,EXP_873,DMF/MeOH,,80,18,20,,,238.16,199.65,0.05,0.1,11.91,19.97,0.5,Microwave,Cristallino,Sintesi completata con successo (Dataset Espanso),,,,,,MOF; Synthesis; Expanded,,Aggiunta automatica ML Esito 2 (ID 873),Synth-Expanded-MOF-873,0.1,19.97,,10 ml,Microwave,,,,,Dataset_1000_Extension,873.0,2026-07-25,,2
874,Benzimidazole,Imidazolati,Benzimidazole,Al,Al(NO3)3·9H2O,EXP_874,DEF,,180,12,20,,,118.14,375.13,0.05,0.05,5.91,18.76,1.0,Hydrothermal,Cristallino,Sintesi completata con successo (Dataset Espanso),,,,,,MOF; Synthesis; Expanded,,Aggiunta automatica ML Esito 2 (ID 874),Synth-Expanded-MOF-874,0.05,18.76,,10 ml,Hydrothermal,,,,,Dataset_1000_Extension,874.0,2026-07-25,,2
875,"3-amino-4,4'-bipyrazole",Bipyrazole,"3-amino-4,4'-bipyrazole",Co,Co(OAc)2·4H2O,EXP_875,DMF,,25,4,20,,,179.18,249.08,0.1,0.2,17.92,49.82,0.5,Sonochemical,Cristallino,Sintesi completata con successo (Dataset Espanso),,,,,,MOF; Synthesis; Expanded,,Aggiunta automatica ML Esito 2 (ID 875),Synth-Expanded-MOF-875,0.2,49.82,,10 ml,Sonochemical,,,,,Dataset_1000_Extension,875.0,2026-07-25,,2
876,"3-amino-4,4'-bipyrazole",Bipyrazole,"3-amino-4,4'-bipyrazole",Co,Co(NO3)2·6H2O,EXP_876,DMF/H2O,,80,12,20,,,179.18,291.03,0.5,0.625,89.59,181.89,0.8,Sonochemical,Cristallino,Sintesi completata con successo (Dataset Espanso),,,,,,MOF; Synthesis; Expanded,,Aggiunta automatica ML Esito 2 (ID 876),Synth-Expanded-MOF-876,0.625,181.89,,10 ml,Sonochemical,,,,,Dataset_1000_Extension,876.0,2026-07-25,,2
877,"1,3,5-Benzenetricarboxylic acid (H3BTC)",Carbossilati aromatici,"1,3,5-Benzenetricarboxylic acid (H3BTC)",Zn,Zn(OAc)2·2H2O,EXP_877,DEF,,80,36,20,,,210.14,219.51,0.2,0.4,42.03,87.8,0.5,Microwave,Cristallino,Sintesi completata con successo (Dataset Espanso),,,,,,MOF; Synthesis; Expanded,,Aggiunta automatica ML Esito 2 (ID 877),Synth-Expanded-MOF-877,0.4,87.8,,10 ml,Microwave,,,,,Dataset_1000_Extension,877.0,2026-07-25,,2
878,"1,4-Benzenedicarboxylic acid (H2BDC)",Carbossilati aromatici,"1,4-Benzenedicarboxylic acid (H2BDC)",Mn,Mn(OAc)2·4H2O,EXP_878,DMF/EtOH/H2O,,150,4,20,,,166.13,245.09,0.2,0.167,33.23,40.93,1.2,Microwave,Cristallino,Sintesi completata con successo (Dataset Espanso),,,,,,MOF; Synthesis; Expanded,,Aggiunta automatica ML Esito 2 (ID 878),Synth-Expanded-MOF-878,0.167,40.93,,10 ml,Microwave,,,,,Dataset_1000_Extension,878.0,2026-07-25,,2
879,"3,5-diamino-4,4'-bipyrazole",Bipyrazole,"3,5-diamino-4,4'-bipyrazole",Mn,Mn(OAc)2·4H2O,EXP_879,MeOH,,120,48,20,,,194.2,245.09,0.05,0.152,9.71,37.25,0.33,Solvothermal,Cristallino,Sintesi completata con successo (Dataset Espanso),,,,,,MOF; Synthesis; Expanded,,Aggiunta automatica ML Esito 2 (ID 879),Synth-Expanded-MOF-879,0.152,37.25,,10 ml,Solvothermal,,,,,Dataset_1000_Extension,879.0,2026-07-25,,2
880,"1,2,4-Triazole",Triazole,"1,2,4-Triazole",Cd,Cd(NO3)2·4H2O,EXP_880,DMF/EtOH/H2O,,150,4,20,,,69.07,308.48,2.0,2.0,138.14,616.96,1.0,Hydrothermal,Cristallino,Sintesi completata con successo (Dataset Espanso),,,,,,MOF; Synthesis; Expanded,,Aggiunta automatica ML Esito 2 (ID 880),Synth-Expanded-MOF-880,2.0,616.96,,10 ml,Hydrothermal,,,,,Dataset_1000_Extension,880.0,2026-07-25,,2
881,"3,3'-dinitro-4,4'-bipyrazole",Bipyrazole,"3,3'-dinitro-4,4'-bipyrazole",Co,Co(NO3)2·6H2O,EXP_881,EtOH/H2O,,150,4,20,,,238.16,291.03,0.1,0.05,23.82,14.55,2.0,Room Temperature,Cristallino,Sintesi completata con successo (Dataset Espanso),,,,,,MOF; Synthesis; Expanded,,Aggiunta automatica ML Esito 2 (ID 881),Synth-Expanded-MOF-881,0.05,14.55,,10 ml,Room Temperature,,,,,Dataset_1000_Extension,881.0,2026-07-25,,2
882,"3,3'-dimethyl-4,4'-bipyrazole",Bipyrazole,"3,3'-dimethyl-4,4'-bipyrazole",Co,Co(NO3)2·6H2O,EXP_882,DMF/H2O,,60,18,20,,,178.23,291.03,0.05,0.033,8.91,9.6,1.5,Hydrothermal,Cristallino,Sintesi completata con successo (Dataset Espanso),,,,,,MOF; Synthesis; Expanded,,Aggiunta automatica ML Esito 2 (ID 882),Synth-Expanded-MOF-882,0.033,9.6,,10 ml,Hydrothermal,,,,,Dataset_1000_Extension,882.0,2026-07-25,,2
883,Benzimidazole,Imidazolati,Benzimidazole,Cu,Cu(NO3)2·3H2O,EXP_883,DEF,,80,36,20,,,118.14,241.6,0.1,0.05,11.81,12.08,2.0,Room Temperature,Cristallino,Sintesi completata con successo (Dataset Espanso),,,,,,MOF; Synthesis; Expanded,,Aggiunta automatica ML Esito 2 (ID 883),Synth-Expanded-MOF-883,0.05,12.08,,10 ml,Room Temperature,,,,,Dataset_1000_Extension,883.0,2026-07-25,,2
884,Fumaric acid,Carbossilati aromatici,Fumaric acid,Fe,Fe(NO3)3·9H2O,EXP_884,MeOH,,160,4,20,,,116.07,404.0,2.0,2.0,232.14,808.0,1.0,Microwave,Cristallino,Sintesi completata con successo (Dataset Espanso),,,,,,MOF; Synthesis; Expanded,,Aggiunta automatica ML Esito 2 (ID 884),Synth-Expanded-MOF-884,2.0,808.0,,10 ml,Microwave,,,,,Dataset_1000_Extension,884.0,2026-07-25,,2
885,"3-amino-4,4'-bipyrazole",Bipyrazole,"3-amino-4,4'-bipyrazole",Al,Al(NO3)3·9H2O,EXP_885,DEF,,25,36,20,,,179.18,375.13,2.0,2.5,358.36,937.83,0.8,Hydrothermal,Cristallino,Sintesi completata con successo (Dataset Espanso),,,,,,MOF; Synthesis; Expanded,,Aggiunta automatica ML Esito 2 (ID 885),Synth-Expanded-MOF-885,2.5,937.83,,10 ml,Hydrothermal,,,,,Dataset_1000_Extension,885.0,2026-07-25,,2
886,2-Aminoterephthalic acid,Carbossilati aromatici,2-Aminoterephthalic acid,Cu,Cu(NO3)2·3H2O,EXP_886,DEF,,150,36,20,,,181.15,241.6,0.2,0.606,36.23,146.41,0.33,Sonochemical,Cristallino,Sintesi completata con successo (Dataset Espanso),,,,,,MOF; Synthesis; Expanded,,Aggiunta automatica ML Esito 2 (ID 886),Synth-Expanded-MOF-886,0.606,146.41,,10 ml,Sonochemical,,,,,Dataset_1000_Extension,886.0,2026-07-25,,2
887,"3,3'-dimethyl-4,4'-bipyrazole",Bipyrazole,"3,3'-dimethyl-4,4'-bipyrazole",Co,Co(NO3)2·6H2O,EXP_887,DMF/MeOH,,25,36,20,,,178.23,291.03,0.05,0.062,8.91,18.04,0.8,Sonochemical,Cristallino,Sintesi completata con successo (Dataset Espanso),,,,,,MOF; Synthesis; Expanded,,Aggiunta automatica ML Esito 2 (ID 887),Synth-Expanded-MOF-887,0.062,18.04,,10 ml,Sonochemical,,,,,Dataset_1000_Extension,887.0,2026-07-25,,2
888,"3,5-diamino-4,4'-bipyrazole",Bipyrazole,"3,5-diamino-4,4'-bipyrazole",Fe,Fe(NO3)3·9H2O,EXP_888,DMF/EtOH/H2O,,180,72,20,,,194.2,404.0,0.05,0.05,9.71,20.2,1.0,Microwave,Cristallino,Sintesi completata con successo (Dataset Espanso),,,,,,MOF; Synthesis; Expanded,,Aggiunta automatica ML Esito 2 (ID 888),Synth-Expanded-MOF-888,0.05,20.2,,10 ml,Microwave,,,,,Dataset_1000_Extension,888.0,2026-07-25,,2
889,Benzimidazole,Imidazolati,Benzimidazole,Mn,Mn(OAc)2·4H2O,EXP_889,DMF/H2O,,160,48,20,,,118.14,245.09,0.1,0.125,11.81,30.64,0.8,Hydrothermal,Cristallino,Sintesi completata con successo (Dataset Espanso),,,,,,MOF; Synthesis; Expanded,,Aggiunta automatica ML Esito 2 (ID 889),Synth-Expanded-MOF-889,0.125,30.64,,10 ml,Hydrothermal,,,,,Dataset_1000_Extension,889.0,2026-07-25,,2
890,Benzimidazole,Imidazolati,Benzimidazole,Zn,Zn(NO3)2·6H2O,EXP_890,DMF/EtOH/H2O,,25,36,20,,,118.14,297.49,0.05,0.033,5.91,9.82,1.5,Solvothermal,Cristallino,Sintesi completata con successo (Dataset Espanso),,,,,,MOF; Synthesis; Expanded,,Aggiunta automatica ML Esito 2 (ID 890),Synth-Expanded-MOF-890,0.033,9.82,,10 ml,Solvothermal,,,,,Dataset_1000_Extension,890.0,2026-07-25,,2
891,"3-amino-4,4'-bipyrazole",Bipyrazole,"3-amino-4,4'-bipyrazole",Cu,Cu(OAc)2·H2O,EXP_891,EtOH/H2O,,120,18,20,,,179.18,199.65,2.0,1.667,358.36,332.82,1.2,Microwave,Cristallino,Sintesi completata con successo (Dataset Espanso),,,,,,MOF; Synthesis; Expanded,,Aggiunta automatica ML Esito 2 (ID 891),Synth-Expanded-MOF-891,1.667,332.82,,10 ml,Microwave,,,,,Dataset_1000_Extension,891.0,2026-07-25,,2
892,"3,5-diamino-4,4'-bipyrazole",Bipyrazole,"3,5-diamino-4,4'-bipyrazole",Fe,FeCl3·6H2O,EXP_892,DEF,,180,72,20,,,194.2,270.3,0.2,0.25,38.84,67.58,0.8,Microwave,Cristallino,Sintesi completata con successo (Dataset Espanso),,,,,,MOF; Synthesis; Expanded,,Aggiunta automatica ML Esito 2 (ID 892),Synth-Expanded-MOF-892,0.25,67.58,,10 ml,Microwave,,,,,Dataset_1000_Extension,892.0,2026-07-25,,2
893,"3,5-diamino-4,4'-bipyrazole",Bipyrazole,"3,5-diamino-4,4'-bipyrazole",Al,Al(NO3)3·9H2O,EXP_893,DEF,,180,12,20,,,194.2,375.13,0.1,0.5,19.42,187.56,0.2,Solvothermal,Cristallino,Sintesi completata con successo (Dataset Espanso),,,,,,MOF; Synthesis; Expanded,,Aggiunta automatica ML Esito 2 (ID 893),Synth-Expanded-MOF-893,0.5,187.56,,10 ml,Solvothermal,,,,,Dataset_1000_Extension,893.0,2026-07-25,,2
894,"1,3,5-Benzenetricarboxylic acid (H3BTC)",Carbossilati aromatici,"1,3,5-Benzenetricarboxylic acid (H3BTC)",Zn,Zn(OAc)2·2H2O,EXP_894,EtOH/H2O,,120,48,20,,,210.14,219.51,0.2,1.0,42.03,219.51,0.2,Solvothermal,Cristallino,Sintesi completata con successo (Dataset Espanso),,,,,,MOF; Synthesis; Expanded,,Aggiunta automatica ML Esito 2 (ID 894),Synth-Expanded-MOF-894,1.0,219.51,,10 ml,Solvothermal,,,,,Dataset_1000_Extension,894.0,2026-07-25,,2
895,"2,5-Dihydroxyterephthalic acid (H4DOBDC)",Carbossilati aromatici,"2,5-Dihydroxyterephthalic acid (H4DOBDC)",Mn,Mn(OAc)2·4H2O,EXP_895,DMF/H2O,,60,12,20,,,198.13,245.09,0.2,0.1,39.63,24.51,2.0,Solvothermal,Cristallino,Sintesi completata con successo (Dataset Espanso),,,,,,MOF; Synthesis; Expanded,,Aggiunta automatica ML Esito 2 (ID 895),Synth-Expanded-MOF-895,0.1,24.51,,10 ml,Solvothermal,,,,,Dataset_1000_Extension,895.0,2026-07-25,,2
896,"1,3,5-Benzenetricarboxylic acid (H3BTC)",Carbossilati aromatici,"1,3,5-Benzenetricarboxylic acid (H3BTC)",Zn,Zn(OAc)2·2H2O,EXP_896,H2O,,180,4,20,,,210.14,219.51,1.0,0.833,210.14,182.85,1.2,Microwave,Cristallino,Sintesi completata con successo (Dataset Espanso),,,,,,MOF; Synthesis; Expanded,,Aggiunta automatica ML Esito 2 (ID 896),Synth-Expanded-MOF-896,0.833,182.85,,10 ml,Microwave,,,,,Dataset_1000_Extension,896.0,2026-07-25,,2
897,2-Aminoterephthalic acid,Carbossilati aromatici,2-Aminoterephthalic acid,Fe,FeCl3·6H2O,EXP_897,DMF/EtOH/H2O,,160,18,20,,,181.15,270.3,1.0,1.25,181.15,337.88,0.8,Room Temperature,Cristallino,Sintesi completata con successo (Dataset Espanso),,,,,,MOF; Synthesis; Expanded,,Aggiunta automatica ML Esito 2 (ID 897),Synth-Expanded-MOF-897,1.25,337.88,,10 ml,Room Temperature,,,,,Dataset_1000_Extension,897.0,2026-07-25,,2
898,"3-amino-4,4'-bipyrazole",Bipyrazole,"3-amino-4,4'-bipyrazole",Cu,Cu(NO3)2·3H2O,EXP_898,DMF/EtOH/H2O,,60,24,20,,,179.18,241.6,0.05,0.25,8.96,60.4,0.2,Hydrothermal,Cristallino,Sintesi completata con successo (Dataset Espanso),,,,,,MOF; Synthesis; Expanded,,Aggiunta automatica ML Esito 2 (ID 898),Synth-Expanded-MOF-898,0.25,60.4,,10 ml,Hydrothermal,,,,,Dataset_1000_Extension,898.0,2026-07-25,,2
899,"2,6-Naphthalenedicarboxylic acid",Carbossilati aromatici,"2,6-Naphthalenedicarboxylic acid",Fe,FeCl3·6H2O,EXP_899,DEF,,160,24,20,,,216.19,270.3,0.1,0.1,21.62,27.03,1.0,Room Temperature,Cristallino,Sintesi completata con successo (Dataset Espanso),,,,,,MOF; Synthesis; Expanded,,Aggiunta automatica ML Esito 2 (ID 899),Synth-Expanded-MOF-899,0.1,27.03,,10 ml,Room Temperature,,,,,Dataset_1000_Extension,899.0,2026-07-25,,2
900,2-Aminoterephthalic acid,Carbossilati aromatici,2-Aminoterephthalic acid,Zn,Zn(OAc)2·2H2O,EXP_900,EtOH/H2O,,120,36,20,,,181.15,219.51,1.0,3.03,181.15,665.12,0.33,Solvothermal,Cristallino,Sintesi completata con successo (Dataset Espanso),,,,,,MOF; Synthesis; Expanded,,Aggiunta automatica ML Esito 2 (ID 900),Synth-Expanded-MOF-900,3.03,665.12,,10 ml,Solvothermal,,,,,Dataset_1000_Extension,900.0,2026-07-25,,2
901,Benzimidazole,Imidazolati,Benzimidazole,Cu,Cu(NO3)2·3H2O,EXP_901,H2O,,160,12,20,,,118.14,241.6,1.0,1.0,118.14,241.6,1.0,Room Temperature,Cristallino,Sintesi completata con successo (Dataset Espanso),,,,,,MOF; Synthesis; Expanded,,Aggiunta automatica ML Esito 2 (ID 901),Synth-Expanded-MOF-901,1.0,241.6,,10 ml,Room Temperature,,,,,Dataset_1000_Extension,901.0,2026-07-25,,2
902,"1,4-Benzenedicarboxylic acid (H2BDC)",Carbossilati aromatici,"1,4-Benzenedicarboxylic acid (H2BDC)",Zn,Zn(OAc)2·2H2O,EXP_902,H2O,,80,24,20,,,166.13,219.51,0.2,0.4,33.23,87.8,0.5,Solvothermal,Cristallino,Sintesi completata con successo (Dataset Espanso),,,,,,MOF; Synthesis; Expanded,,Aggiunta automatica ML Esito 2 (ID 902),Synth-Expanded-MOF-902,0.4,87.8,,10 ml,Solvothermal,,,,,Dataset_1000_Extension,902.0,2026-07-25,,2
903,"3-amino-4,4'-bipyrazole",Bipyrazole,"3-amino-4,4'-bipyrazole",Al,Al(NO3)3·9H2O,EXP_903,DMF/EtOH/H2O,,120,12,20,,,179.18,375.13,0.2,0.133,35.84,49.89,1.5,Microwave,Cristallino,Sintesi completata con successo (Dataset Espanso),,,,,,MOF; Synthesis; Expanded,,Aggiunta automatica ML Esito 2 (ID 903),Synth-Expanded-MOF-903,0.133,49.89,,10 ml,Microwave,,,,,Dataset_1000_Extension,903.0,2026-07-25,,2
904,"4,4'-Biphenyldicarboxylic acid (BPDC)",Carbossilati aromatici,"4,4'-Biphenyldicarboxylic acid (BPDC)",Co,Co(NO3)2·6H2O,EXP_904,EtOH/H2O,,180,18,20,,,242.23,291.03,0.2,0.606,48.45,176.36,0.33,Hydrothermal,Cristallino,Sintesi completata con successo (Dataset Espanso),,,,,,MOF; Synthesis; Expanded,,Aggiunta automatica ML Esito 2 (ID 904),Synth-Expanded-MOF-904,0.606,176.36,,10 ml,Hydrothermal,,,,,Dataset_1000_Extension,904.0,2026-07-25,,2
905,"2,6-Naphthalenedicarboxylic acid",Carbossilati aromatici,"2,6-Naphthalenedicarboxylic acid",Co,Co(NO3)2·6H2O,EXP_905,DEF,,100,12,20,,,216.19,291.03,0.5,0.5,108.09,145.51,1.0,Sonochemical,Cristallino,Sintesi completata con successo (Dataset Espanso),,,,,,MOF; Synthesis; Expanded,,Aggiunta automatica ML Esito 2 (ID 905),Synth-Expanded-MOF-905,0.5,145.51,,10 ml,Sonochemical,,,,,Dataset_1000_Extension,905.0,2026-07-25,,2
906,Fumaric acid,Carbossilati aromatici,Fumaric acid,Zr,ZrOCl2·8H2O,EXP_906,DMF,,180,4,20,,,116.07,322.25,1.0,1.25,116.07,402.81,0.8,Hydrothermal,Cristallino,Sintesi completata con successo (Dataset Espanso),,,,,,MOF; Synthesis; Expanded,,Aggiunta automatica ML Esito 2 (ID 906),Synth-Expanded-MOF-906,1.25,402.81,,10 ml,Hydrothermal,,,,,Dataset_1000_Extension,906.0,2026-07-25,,2
907,"1,3,5-Benzenetricarboxylic acid (H3BTC)",Carbossilati aromatici,"1,3,5-Benzenetricarboxylic acid (H3BTC)",Mg,Mg(NO3)2·6H2O,EXP_907,DMA,,80,48,20,,,210.14,256.41,0.1,0.5,21.01,128.21,0.2,Hydrothermal,Cristallino,Sintesi completata con successo (Dataset Espanso),,,,,,MOF; Synthesis; Expanded,,Aggiunta automatica ML Esito 2 (ID 907),Synth-Expanded-MOF-907,0.5,128.21,,10 ml,Hydrothermal,,,,,Dataset_1000_Extension,907.0,2026-07-25,,2
908,Tetrakis(4-carboxyphenyl)porphyrin (TCPP),Carbossilati aromatici,Tetrakis(4-carboxyphenyl)porphyrin (TCPP),Cd,Cd(NO3)2·4H2O,EXP_908,EtOH/H2O,,140,24,20,,,790.78,308.48,0.5,0.25,395.39,77.12,2.0,Microwave,Cristallino,Sintesi completata con successo (Dataset Espanso),,,,,,MOF; Synthesis; Expanded,,Aggiunta automatica ML Esito 2 (ID 908),Synth-Expanded-MOF-908,0.25,77.12,,10 ml,Microwave,,,,,Dataset_1000_Extension,908.0,2026-07-25,,2
909,2-Aminoterephthalic acid,Carbossilati aromatici,2-Aminoterephthalic acid,Cu,Cu(OAc)2·H2O,EXP_909,DMF,,140,4,20,,,181.15,199.65,0.05,0.042,9.06,8.39,1.2,Hydrothermal,Cristallino,Sintesi completata con successo (Dataset Espanso),,,,,,MOF; Synthesis; Expanded,,Aggiunta automatica ML Esito 2 (ID 909),Synth-Expanded-MOF-909,0.042,8.39,,10 ml,Hydrothermal,,,,,Dataset_1000_Extension,909.0,2026-07-25,,2
910,"4,4'-Biphenyldicarboxylic acid (BPDC)",Carbossilati aromatici,"4,4'-Biphenyldicarboxylic acid (BPDC)",Al,AlCl3·6H2O,EXP_910,DMF/MeOH,,80,24,20,,,242.23,241.43,1.0,1.25,242.23,301.79,0.8,Sonochemical,Cristallino,Sintesi completata con successo (Dataset Espanso),,,,,,MOF; Synthesis; Expanded,,Aggiunta automatica ML Esito 2 (ID 910),Synth-Expanded-MOF-910,1.25,301.79,,10 ml,Sonochemical,,,,,Dataset_1000_Extension,910.0,2026-07-25,,2
911,"3,3'-dimethyl-4,4'-bipyrazole",Bipyrazole,"3,3'-dimethyl-4,4'-bipyrazole",Zr,ZrCl4,EXP_911,DMA,,80,18,20,,,178.23,233.04,0.1,0.067,17.82,15.61,1.5,Hydrothermal,Cristallino,Sintesi completata con successo (Dataset Espanso),,,,,,MOF; Synthesis; Expanded,,Aggiunta automatica ML Esito 2 (ID 911),Synth-Expanded-MOF-911,0.067,15.61,,10 ml,Hydrothermal,,,,,Dataset_1000_Extension,911.0,2026-07-25,,2
912,2-Aminoterephthalic acid,Carbossilati aromatici,2-Aminoterephthalic acid,Al,AlCl3·6H2O,EXP_912,DEF,,100,4,20,,,181.15,241.43,0.05,0.05,9.06,12.07,1.0,Room Temperature,Cristallino,Sintesi completata con successo (Dataset Espanso),,,,,,MOF; Synthesis; Expanded,,Aggiunta automatica ML Esito 2 (ID 912),Synth-Expanded-MOF-912,0.05,12.07,,10 ml,Room Temperature,,,,,Dataset_1000_Extension,912.0,2026-07-25,,2
913,Fumaric acid,Carbossilati aromatici,Fumaric acid,Cd,Cd(NO3)2·4H2O,EXP_913,MeOH,,100,12,20,,,116.07,308.48,0.2,0.167,23.21,51.52,1.2,Microwave,Cristallino,Sintesi completata con successo (Dataset Espanso),,,,,,MOF; Synthesis; Expanded,,Aggiunta automatica ML Esito 2 (ID 913),Synth-Expanded-MOF-913,0.167,51.52,,10 ml,Microwave,,,,,Dataset_1000_Extension,913.0,2026-07-25,,2
914,"3,3'-dimethyl-4,4'-bipyrazole",Bipyrazole,"3,3'-dimethyl-4,4'-bipyrazole",Cu,Cu(NO3)2·3H2O,EXP_914,DMF,,160,24,20,,,178.23,241.6,1.0,1.0,178.23,241.6,1.0,Sonochemical,Cristallino,Sintesi completata con successo (Dataset Espanso),,,,,,MOF; Synthesis; Expanded,,Aggiunta automatica ML Esito 2 (ID 914),Synth-Expanded-MOF-914,1.0,241.6,,10 ml,Sonochemical,,,,,Dataset_1000_Extension,914.0,2026-07-25,,2
915,"3,3'-dimethyl-4,4'-bipyrazole",Bipyrazole,"3,3'-dimethyl-4,4'-bipyrazole",Zn,Zn(OAc)2·2H2O,EXP_915,DMF/H2O,,180,36,20,,,178.23,219.51,0.05,0.1,8.91,21.95,0.5,Room Temperature,Cristallino,Sintesi completata con successo (Dataset Espanso),,,,,,MOF; Synthesis; Expanded,,Aggiunta automatica ML Esito 2 (ID 915),Synth-Expanded-MOF-915,0.1,21.95,,10 ml,Room Temperature,,,,,Dataset_1000_Extension,915.0,2026-07-25,,2
916,"3,3'-dinitro-4,4'-bipyrazole",Bipyrazole,"3,3'-dinitro-4,4'-bipyrazole",Zn,Zn(OAc)2·2H2O,EXP_916,DEF,,80,4,20,,,238.16,219.51,0.5,0.25,119.08,54.88,2.0,Solvothermal,Cristallino,Sintesi completata con successo (Dataset Espanso),,,,,,MOF; Synthesis; Expanded,,Aggiunta automatica ML Esito 2 (ID 916),Synth-Expanded-MOF-916,0.25,54.88,,10 ml,Solvothermal,,,,,Dataset_1000_Extension,916.0,2026-07-25,,2
917,2-Aminoterephthalic acid,Carbossilati aromatici,2-Aminoterephthalic acid,Cd,Cd(NO3)2·4H2O,EXP_917,H2O,,180,4,20,,,181.15,308.48,0.2,0.2,36.23,61.7,1.0,Sonochemical,Cristallino,Sintesi completata con successo (Dataset Espanso),,,,,,MOF; Synthesis; Expanded,,Aggiunta automatica ML Esito 2 (ID 917),Synth-Expanded-MOF-917,0.2,61.7,,10 ml,Sonochemical,,,,,Dataset_1000_Extension,917.0,2026-07-25,,2
918,Benzimidazole,Imidazolati,Benzimidazole,Co,Co(NO3)2·6H2O,EXP_918,DMF/H2O,,120,24,20,,,118.14,291.03,0.5,1.0,59.07,291.03,0.5,Hydrothermal,Cristallino,Sintesi completata con successo (Dataset Espanso),,,,,,MOF; Synthesis; Expanded,,Aggiunta automatica ML Esito 2 (ID 918),Synth-Expanded-MOF-918,1.0,291.03,,10 ml,Hydrothermal,,,,,Dataset_1000_Extension,918.0,2026-07-25,,2
919,Benzimidazole,Imidazolati,Benzimidazole,Cd,Cd(NO3)2·4H2O,EXP_919,DMF/EtOH/H2O,,150,4,20,,,118.14,308.48,0.5,0.625,59.07,192.8,0.8,Microwave,Cristallino,Sintesi completata con successo (Dataset Espanso),,,,,,MOF; Synthesis; Expanded,,Aggiunta automatica ML Esito 2 (ID 919),Synth-Expanded-MOF-919,0.625,192.8,,10 ml,Microwave,,,,,Dataset_1000_Extension,919.0,2026-07-25,,2
920,"3-amino-4,4'-bipyrazole",Bipyrazole,"3-amino-4,4'-bipyrazole",Zn,Zn(OAc)2·2H2O,EXP_920,DMF/EtOH/H2O,,140,48,20,,,179.18,219.51,0.1,0.1,17.92,21.95,1.0,Sonochemical,Cristallino,Sintesi completata con successo (Dataset Espanso),,,,,,MOF; Synthesis; Expanded,,Aggiunta automatica ML Esito 2 (ID 920),Synth-Expanded-MOF-920,0.1,21.95,,10 ml,Sonochemical,,,,,Dataset_1000_Extension,920.0,2026-07-25,,2
921,"3,5-diamino-4,4'-bipyrazole",Bipyrazole,"3,5-diamino-4,4'-bipyrazole",Co,Co(OAc)2·4H2O,EXP_921,DMF,,160,36,20,,,194.2,249.08,0.1,0.083,19.42,20.67,1.2,Hydrothermal,Cristallino,Sintesi completata con successo (Dataset Espanso),,,,,,MOF; Synthesis; Expanded,,Aggiunta automatica ML Esito 2 (ID 921),Synth-Expanded-MOF-921,0.083,20.67,,10 ml,Hydrothermal,,,,,Dataset_1000_Extension,921.0,2026-07-25,,2
922,Benzimidazole,Imidazolati,Benzimidazole,Cd,Cd(NO3)2·4H2O,EXP_922,DMA,,180,4,20,,,118.14,308.48,0.05,0.042,5.91,12.96,1.2,Microwave,Cristallino,Sintesi completata con successo (Dataset Espanso),,,,,,MOF; Synthesis; Expanded,,Aggiunta automatica ML Esito 2 (ID 922),Synth-Expanded-MOF-922,0.042,12.96,,10 ml,Microwave,,,,,Dataset_1000_Extension,922.0,2026-07-25,,2
923,"3,5-diamino-4,4'-bipyrazole",Bipyrazole,"3,5-diamino-4,4'-bipyrazole",Fe,FeCl3·6H2O,EXP_923,DMA,,80,4,20,,,194.2,270.3,0.05,0.062,9.71,16.76,0.8,Solvothermal,Cristallino,Sintesi completata con successo (Dataset Espanso),,,,,,MOF; Synthesis; Expanded,,Aggiunta automatica ML Esito 2 (ID 923),Synth-Expanded-MOF-923,0.062,16.76,,10 ml,Solvothermal,,,,,Dataset_1000_Extension,923.0,2026-07-25,,2
924,Benzimidazole,Imidazolati,Benzimidazole,Cd,Cd(NO3)2·4H2O,EXP_924,DMA,,140,24,20,,,118.14,308.48,0.1,0.5,11.81,154.24,0.2,Microwave,Cristallino,Sintesi completata con successo (Dataset Espanso),,,,,,MOF; Synthesis; Expanded,,Aggiunta automatica ML Esito 2 (ID 924),Synth-Expanded-MOF-924,0.5,154.24,,10 ml,Microwave,,,,,Dataset_1000_Extension,924.0,2026-07-25,,2
925,"3,5-diamino-4,4'-bipyrazole",Bipyrazole,"3,5-diamino-4,4'-bipyrazole",Zr,ZrCl4,EXP_925,DEF,,25,4,20,,,194.2,233.04,2.0,2.0,388.4,466.08,1.0,Solvothermal,Cristallino,Sintesi completata con successo (Dataset Espanso),,,,,,MOF; Synthesis; Expanded,,Aggiunta automatica ML Esito 2 (ID 925),Synth-Expanded-MOF-925,2.0,466.08,,10 ml,Solvothermal,,,,,Dataset_1000_Extension,925.0,2026-07-25,,2
926,"1,4-Benzenedicarboxylic acid (H2BDC)",Carbossilati aromatici,"1,4-Benzenedicarboxylic acid (H2BDC)",Al,Al(NO3)3·9H2O,EXP_926,DMF/MeOH,,140,72,20,,,166.13,375.13,0.1,0.083,16.61,31.14,1.2,Hydrothermal,Cristallino,Sintesi completata con successo (Dataset Espanso),,,,,,MOF; Synthesis; Expanded,,Aggiunta automatica ML Esito 2 (ID 926),Synth-Expanded-MOF-926,0.083,31.14,,10 ml,Hydrothermal,,,,,Dataset_1000_Extension,926.0,2026-07-25,,2
927,Benzimidazole,Imidazolati,Benzimidazole,Cd,Cd(NO3)2·4H2O,EXP_927,DEF,,150,24,20,,,118.14,308.48,0.2,0.1,23.63,30.85,2.0,Solvothermal,Cristallino,Sintesi completata con successo (Dataset Espanso),,,,,,MOF; Synthesis; Expanded,,Aggiunta automatica ML Esito 2 (ID 927),Synth-Expanded-MOF-927,0.1,30.85,,10 ml,Solvothermal,,,,,Dataset_1000_Extension,927.0,2026-07-25,,2
928,2-Methylimidazole,Imidazolati,2-Methylimidazole,Cu,Cu(NO3)2·3H2O,EXP_928,DMA,,180,48,20,,,82.1,241.6,0.05,0.033,4.1,7.97,1.5,Solvothermal,Cristallino,Sintesi completata con successo (Dataset Espanso),,,,,,MOF; Synthesis; Expanded,,Aggiunta automatica ML Esito 2 (ID 928),Synth-Expanded-MOF-928,0.033,7.97,,10 ml,Solvothermal,,,,,Dataset_1000_Extension,928.0,2026-07-25,,2
929,2-Aminoterephthalic acid,Carbossilati aromatici,2-Aminoterephthalic acid,Fe,Fe(NO3)3·9H2O,EXP_929,H2O,,160,12,20,,,181.15,404.0,0.5,0.417,90.58,168.47,1.2,Microwave,Cristallino,Sintesi completata con successo (Dataset Espanso),,,,,,MOF; Synthesis; Expanded,,Aggiunta automatica ML Esito 2 (ID 929),Synth-Expanded-MOF-929,0.417,168.47,,10 ml,Microwave,,,,,Dataset_1000_Extension,929.0,2026-07-25,,2
930,Benzimidazole,Imidazolati,Benzimidazole,Cd,Cd(NO3)2·4H2O,EXP_930,MeOH,,100,24,20,,,118.14,308.48,0.1,0.083,11.81,25.6,1.2,Hydrothermal,Cristallino,Sintesi completata con successo (Dataset Espanso),,,,,,MOF; Synthesis; Expanded,,Aggiunta automatica ML Esito 2 (ID 930),Synth-Expanded-MOF-930,0.083,25.6,,10 ml,Hydrothermal,,,,,Dataset_1000_Extension,930.0,2026-07-25,,2
931,Tetrakis(4-carboxyphenyl)porphyrin (TCPP),Carbossilati aromatici,Tetrakis(4-carboxyphenyl)porphyrin (TCPP),Cu,Cu(NO3)2·3H2O,EXP_931,DMF/EtOH/H2O,,60,48,20,,,790.78,241.6,0.5,0.333,395.39,80.45,1.5,Microwave,Cristallino,Sintesi completata con successo (Dataset Espanso),,,,,,MOF; Synthesis; Expanded,,Aggiunta automatica ML Esito 2 (ID 931),Synth-Expanded-MOF-931,0.333,80.45,,10 ml,Microwave,,,,,Dataset_1000_Extension,931.0,2026-07-25,,2
932,2-Methylimidazole,Imidazolati,2-Methylimidazole,Al,Al(NO3)3·9H2O,EXP_932,DMF/H2O,,80,72,20,,,82.1,375.13,1.0,1.0,82.1,375.13,1.0,Microwave,Cristallino,Sintesi completata con successo (Dataset Espanso),,,,,,MOF; Synthesis; Expanded,,Aggiunta automatica ML Esito 2 (ID 932),Synth-Expanded-MOF-932,1.0,375.13,,10 ml,Microwave,,,,,Dataset_1000_Extension,932.0,2026-07-25,,2
933,Fumaric acid,Carbossilati aromatici,Fumaric acid,Fe,Fe(NO3)3·9H2O,EXP_933,DEF,,140,12,20,,,116.07,404.0,1.0,0.833,116.07,336.53,1.2,Room Temperature,Cristallino,Sintesi completata con successo (Dataset Espanso),,,,,,MOF; Synthesis; Expanded,,Aggiunta automatica ML Esito 2 (ID 933),Synth-Expanded-MOF-933,0.833,336.53,,10 ml,Room Temperature,,,,,Dataset_1000_Extension,933.0,2026-07-25,,2
934,"3,5-diamino-4,4'-bipyrazole",Bipyrazole,"3,5-diamino-4,4'-bipyrazole",Ni,Ni(NO3)2·6H2O,EXP_934,DMF/H2O,,80,18,20,,,194.2,290.79,2.0,2.0,388.4,581.58,1.0,Sonochemical,Cristallino,Sintesi completata con successo (Dataset Espanso),,,,,,MOF; Synthesis; Expanded,,Aggiunta automatica ML Esito 2 (ID 934),Synth-Expanded-MOF-934,2.0,581.58,,10 ml,Sonochemical,,,,,Dataset_1000_Extension,934.0,2026-07-25,,2
935,Tetrakis(4-carboxyphenyl)porphyrin (TCPP),Carbossilati aromatici,Tetrakis(4-carboxyphenyl)porphyrin (TCPP),Cd,Cd(NO3)2·4H2O,EXP_935,DMF,,150,24,20,,,790.78,308.48,1.0,0.833,790.78,256.96,1.2,Solvothermal,Cristallino,Sintesi completata con successo (Dataset Espanso),,,,,,MOF; Synthesis; Expanded,,Aggiunta automatica ML Esito 2 (ID 935),Synth-Expanded-MOF-935,0.833,256.96,,10 ml,Solvothermal,,,,,Dataset_1000_Extension,935.0,2026-07-25,,2
936,Tetrakis(4-carboxyphenyl)porphyrin (TCPP),Carbossilati aromatici,Tetrakis(4-carboxyphenyl)porphyrin (TCPP),Zn,Zn(NO3)2·6H2O,EXP_936,DMF/MeOH,,100,24,20,,,790.78,297.49,0.2,1.0,158.16,297.49,0.2,Hydrothermal,Cristallino,Sintesi completata con successo (Dataset Espanso),,,,,,MOF; Synthesis; Expanded,,Aggiunta automatica ML Esito 2 (ID 936),Synth-Expanded-MOF-936,1.0,297.49,,10 ml,Hydrothermal,,,,,Dataset_1000_Extension,936.0,2026-07-25,,2
937,"3-amino-4,4'-bipyrazole",Bipyrazole,"3-amino-4,4'-bipyrazole",Cu,Cu(OAc)2·H2O,EXP_937,EtOH/H2O,,60,24,20,,,179.18,199.65,0.1,0.067,17.92,13.38,1.5,Hydrothermal,Cristallino,Sintesi completata con successo (Dataset Espanso),,,,,,MOF; Synthesis; Expanded,,Aggiunta automatica ML Esito 2 (ID 937),Synth-Expanded-MOF-937,0.067,13.38,,10 ml,Hydrothermal,,,,,Dataset_1000_Extension,937.0,2026-07-25,,2
938,"2,5-Dihydroxyterephthalic acid (H4DOBDC)",Carbossilati aromatici,"2,5-Dihydroxyterephthalic acid (H4DOBDC)",Zn,Zn(OAc)2·2H2O,EXP_938,MeOH,,80,18,20,,,198.13,219.51,1.0,0.833,198.13,182.85,1.2,Hydrothermal,Cristallino,Sintesi completata con successo (Dataset Espanso),,,,,,MOF; Synthesis; Expanded,,Aggiunta automatica ML Esito 2 (ID 938),Synth-Expanded-MOF-938,0.833,182.85,,10 ml,Hydrothermal,,,,,Dataset_1000_Extension,938.0,2026-07-25,,2
939,"1,2,4-Triazole",Triazole,"1,2,4-Triazole",Cu,Cu(NO3)2·3H2O,EXP_939,DEF,,160,36,20,,,69.07,241.6,0.1,0.2,6.91,48.32,0.5,Solvothermal,Cristallino,Sintesi completata con successo (Dataset Espanso),,,,,,MOF; Synthesis; Expanded,,Aggiunta automatica ML Esito 2 (ID 939),Synth-Expanded-MOF-939,0.2,48.32,,10 ml,Solvothermal,,,,,Dataset_1000_Extension,939.0,2026-07-25,,2
940,"3,5-diamino-4,4'-bipyrazole",Bipyrazole,"3,5-diamino-4,4'-bipyrazole",Cu,Cu(OAc)2·H2O,EXP_940,MeOH,,60,72,20,,,194.2,199.65,2.0,2.0,388.4,399.3,1.0,Sonochemical,Cristallino,Sintesi completata con successo (Dataset Espanso),,,,,,MOF; Synthesis; Expanded,,Aggiunta automatica ML Esito 2 (ID 940),Synth-Expanded-MOF-940,2.0,399.3,,10 ml,Sonochemical,,,,,Dataset_1000_Extension,940.0,2026-07-25,,2
941,2-Methylimidazole,Imidazolati,2-Methylimidazole,Ni,Ni(NO3)2·6H2O,EXP_941,DMA,,160,72,20,,,82.1,290.79,0.1,0.125,8.21,36.35,0.8,Solvothermal,Cristallino,Sintesi completata con successo (Dataset Espanso),,,,,,MOF; Synthesis; Expanded,,Aggiunta automatica ML Esito 2 (ID 941),Synth-Expanded-MOF-941,0.125,36.35,,10 ml,Solvothermal,,,,,Dataset_1000_Extension,941.0,2026-07-25,,2
942,Fumaric acid,Carbossilati aromatici,Fumaric acid,Zn,Zn(OAc)2·2H2O,EXP_942,DMF,,180,4,20,,,116.07,219.51,0.2,0.606,23.21,133.02,0.33,Microwave,Cristallino,Sintesi completata con successo (Dataset Espanso),,,,,,MOF; Synthesis; Expanded,,Aggiunta automatica ML Esito 2 (ID 942),Synth-Expanded-MOF-942,0.606,133.02,,10 ml,Microwave,,,,,Dataset_1000_Extension,942.0,2026-07-25,,2
943,"2,6-Naphthalenedicarboxylic acid",Carbossilati aromatici,"2,6-Naphthalenedicarboxylic acid",Zn,Zn(NO3)2·6H2O,EXP_943,DMF,,160,24,20,,,216.19,297.49,0.2,0.2,43.24,59.5,1.0,Microwave,Cristallino,Sintesi completata con successo (Dataset Espanso),,,,,,MOF; Synthesis; Expanded,,Aggiunta automatica ML Esito 2 (ID 943),Synth-Expanded-MOF-943,0.2,59.5,,10 ml,Microwave,,,,,Dataset_1000_Extension,943.0,2026-07-25,,2
944,"3,3'-dinitro-4,4'-bipyrazole",Bipyrazole,"3,3'-dinitro-4,4'-bipyrazole",Cu,Cu(NO3)2·3H2O,EXP_944,DMA,,180,4,20,,,238.16,241.6,0.2,0.25,47.63,60.4,0.8,Sonochemical,Cristallino,Sintesi completata con successo (Dataset Espanso),,,,,,MOF; Synthesis; Expanded,,Aggiunta automatica ML Esito 2 (ID 944),Synth-Expanded-MOF-944,0.25,60.4,,10 ml,Sonochemical,,,,,Dataset_1000_Extension,944.0,2026-07-25,,2
945,"1,2,4-Triazole",Triazole,"1,2,4-Triazole",Zr,ZrCl4,EXP_945,DMF/EtOH/H2O,,140,24,20,,,69.07,233.04,0.2,1.0,13.81,233.04,0.2,Microwave,Cristallino,Sintesi completata con successo (Dataset Espanso),,,,,,MOF; Synthesis; Expanded,,Aggiunta automatica ML Esito 2 (ID 945),Synth-Expanded-MOF-945,1.0,233.04,,10 ml,Microwave,,,,,Dataset_1000_Extension,945.0,2026-07-25,,2
946,"2,6-Naphthalenedicarboxylic acid",Carbossilati aromatici,"2,6-Naphthalenedicarboxylic acid",Cd,Cd(NO3)2·4H2O,EXP_946,EtOH/H2O,,120,4,20,,,216.19,308.48,0.5,0.25,108.09,77.12,2.0,Solvothermal,Cristallino,Sintesi completata con successo (Dataset Espanso),,,,,,MOF; Synthesis; Expanded,,Aggiunta automatica ML Esito 2 (ID 946),Synth-Expanded-MOF-946,0.25,77.12,,10 ml,Solvothermal,,,,,Dataset_1000_Extension,946.0,2026-07-25,,2
947,"3,5-diamino-4,4'-bipyrazole",Bipyrazole,"3,5-diamino-4,4'-bipyrazole",Cd,Cd(NO3)2·4H2O,EXP_947,DMA,,100,12,20,,,194.2,308.48,1.0,5.0,194.2,1542.4,0.2,Hydrothermal,Cristallino,Sintesi completata con successo (Dataset Espanso),,,,,,MOF; Synthesis; Expanded,,Aggiunta automatica ML Esito 2 (ID 947),Synth-Expanded-MOF-947,5.0,1542.4,,10 ml,Hydrothermal,,,,,Dataset_1000_Extension,947.0,2026-07-25,,2
948,"2,5-Dihydroxyterephthalic acid (H4DOBDC)",Carbossilati aromatici,"2,5-Dihydroxyterephthalic acid (H4DOBDC)",Zr,ZrCl4,EXP_948,MeOH,,80,48,20,,,198.13,233.04,0.2,0.2,39.63,46.61,1.0,Sonochemical,Cristallino,Sintesi completata con successo (Dataset Espanso),,,,,,MOF; Synthesis; Expanded,,Aggiunta automatica ML Esito 2 (ID 948),Synth-Expanded-MOF-948,0.2,46.61,,10 ml,Sonochemical,,,,,Dataset_1000_Extension,948.0,2026-07-25,,2
949,"2,6-Naphthalenedicarboxylic acid",Carbossilati aromatici,"2,6-Naphthalenedicarboxylic acid",Zr,ZrCl4,EXP_949,DMF,,80,48,20,,,216.19,233.04,0.5,1.515,108.09,353.06,0.33,Microwave,Cristallino,Sintesi completata con successo (Dataset Espanso),,,,,,MOF; Synthesis; Expanded,,Aggiunta automatica ML Esito 2 (ID 949),Synth-Expanded-MOF-949,1.515,353.06,,10 ml,Microwave,,,,,Dataset_1000_Extension,949.0,2026-07-25,,2
950,"2,6-Naphthalenedicarboxylic acid",Carbossilati aromatici,"2,6-Naphthalenedicarboxylic acid",Fe,FeCl3·6H2O,EXP_950,DEF,,180,12,20,,,216.19,270.3,0.2,1.0,43.24,270.3,0.2,Sonochemical,Cristallino,Sintesi completata con successo (Dataset Espanso),,,,,,MOF; Synthesis; Expanded,,Aggiunta automatica ML Esito 2 (ID 950),Synth-Expanded-MOF-950,1.0,270.3,,10 ml,Sonochemical,,,,,Dataset_1000_Extension,950.0,2026-07-25,,2
951,2-Aminoterephthalic acid,Carbossilati aromatici,2-Aminoterephthalic acid,Fe,Fe(NO3)3·9H2O,EXP_951,DMA,,100,72,20,,,181.15,404.0,0.1,0.125,18.12,50.5,0.8,Sonochemical,Cristallino,Sintesi completata con successo (Dataset Espanso),,,,,,MOF; Synthesis; Expanded,,Aggiunta automatica ML Esito 2 (ID 951),Synth-Expanded-MOF-951,0.125,50.5,,10 ml,Sonochemical,,,,,Dataset_1000_Extension,951.0,2026-07-25,,2
952,"3,3'-dinitro-4,4'-bipyrazole",Bipyrazole,"3,3'-dinitro-4,4'-bipyrazole",Co,Co(OAc)2·4H2O,EXP_952,DEF,,120,4,20,,,238.16,249.08,2.0,1.0,476.32,249.08,2.0,Sonochemical,Cristallino,Sintesi completata con successo (Dataset Espanso),,,,,,MOF; Synthesis; Expanded,,Aggiunta automatica ML Esito 2 (ID 952),Synth-Expanded-MOF-952,1.0,249.08,,10 ml,Sonochemical,,,,,Dataset_1000_Extension,952.0,2026-07-25,,2
953,"2,6-Naphthalenedicarboxylic acid",Carbossilati aromatici,"2,6-Naphthalenedicarboxylic acid",Cd,Cd(NO3)2·4H2O,EXP_953,DMA,,60,4,20,,,216.19,308.48,0.1,0.2,21.62,61.7,0.5,Hydrothermal,Cristallino,Sintesi completata con successo (Dataset Espanso),,,,,,MOF; Synthesis; Expanded,,Aggiunta automatica ML Esito 2 (ID 953),Synth-Expanded-MOF-953,0.2,61.7,,10 ml,Hydrothermal,,,,,Dataset_1000_Extension,953.0,2026-07-25,,2
954,Benzimidazole,Imidazolati,Benzimidazole,Mn,Mn(OAc)2·4H2O,EXP_954,H2O,,160,4,20,,,118.14,245.09,0.05,0.1,5.91,24.51,0.5,Microwave,Cristallino,Sintesi completata con successo (Dataset Espanso),,,,,,MOF; Synthesis; Expanded,,Aggiunta automatica ML Esito 2 (ID 954),Synth-Expanded-MOF-954,0.1,24.51,,10 ml,Microwave,,,,,Dataset_1000_Extension,954.0,2026-07-25,,2
955,Benzimidazole,Imidazolati,Benzimidazole,Cu,Cu(OAc)2·H2O,EXP_955,DMF,,25,18,20,,,118.14,199.65,1.0,0.5,118.14,99.83,2.0,Sonochemical,Cristallino,Sintesi completata con successo (Dataset Espanso),,,,,,MOF; Synthesis; Expanded,,Aggiunta automatica ML Esito 2 (ID 955),Synth-Expanded-MOF-955,0.5,99.83,,10 ml,Sonochemical,,,,,Dataset_1000_Extension,955.0,2026-07-25,,2
956,"3-amino-4,4'-bipyrazole",Bipyrazole,"3-amino-4,4'-bipyrazole",Zr,ZrOCl2·8H2O,EXP_956,DEF,,140,72,20,,,179.18,322.25,0.05,0.25,8.96,80.56,0.2,Solvothermal,Cristallino,Sintesi completata con successo (Dataset Espanso),,,,,,MOF; Synthesis; Expanded,,Aggiunta automatica ML Esito 2 (ID 956),Synth-Expanded-MOF-956,0.25,80.56,,10 ml,Solvothermal,,,,,Dataset_1000_Extension,956.0,2026-07-25,,2
957,"3-amino-4,4'-bipyrazole",Bipyrazole,"3-amino-4,4'-bipyrazole",Mg,Mg(NO3)2·6H2O,EXP_957,DMF/EtOH/H2O,,120,36,20,,,179.18,256.41,0.5,1.0,89.59,256.41,0.5,Solvothermal,Cristallino,Sintesi completata con successo (Dataset Espanso),,,,,,MOF; Synthesis; Expanded,,Aggiunta automatica ML Esito 2 (ID 957),Synth-Expanded-MOF-957,1.0,256.41,,10 ml,Solvothermal,,,,,Dataset_1000_Extension,957.0,2026-07-25,,2
958,2-Aminoterephthalic acid,Carbossilati aromatici,2-Aminoterephthalic acid,Zn,Zn(OAc)2·2H2O,EXP_958,DMF/MeOH,,140,18,20,,,181.15,219.51,1.0,3.03,181.15,665.12,0.33,Hydrothermal,Cristallino,Sintesi completata con successo (Dataset Espanso),,,,,,MOF; Synthesis; Expanded,,Aggiunta automatica ML Esito 2 (ID 958),Synth-Expanded-MOF-958,3.03,665.12,,10 ml,Hydrothermal,,,,,Dataset_1000_Extension,958.0,2026-07-25,,2
959,"3-amino-4,4'-bipyrazole",Bipyrazole,"3-amino-4,4'-bipyrazole",Al,Al(NO3)3·9H2O,EXP_959,DMF,,160,48,20,,,179.18,375.13,0.05,0.05,8.96,18.76,1.0,Solvothermal,Cristallino,Sintesi completata con successo (Dataset Espanso),,,,,,MOF; Synthesis; Expanded,,Aggiunta automatica ML Esito 2 (ID 959),Synth-Expanded-MOF-959,0.05,18.76,,10 ml,Solvothermal,,,,,Dataset_1000_Extension,959.0,2026-07-25,,2
960,"1,2,4-Triazole",Triazole,"1,2,4-Triazole",Co,Co(NO3)2·6H2O,EXP_960,EtOH/H2O,,80,24,20,,,69.07,291.03,0.05,0.25,3.45,72.76,0.2,Sonochemical,Cristallino,Sintesi completata con successo (Dataset Espanso),,,,,,MOF; Synthesis; Expanded,,Aggiunta automatica ML Esito 2 (ID 960),Synth-Expanded-MOF-960,0.25,72.76,,10 ml,Sonochemical,,,,,Dataset_1000_Extension,960.0,2026-07-25,,2
961,"1,4-Benzenedicarboxylic acid (H2BDC)",Carbossilati aromatici,"1,4-Benzenedicarboxylic acid (H2BDC)",Mn,Mn(OAc)2·4H2O,EXP_961,DMF/H2O,,140,12,20,,,166.13,245.09,2.0,4.0,332.26,980.36,0.5,Room Temperature,Cristallino,Sintesi completata con successo (Dataset Espanso),,,,,,MOF; Synthesis; Expanded,,Aggiunta automatica ML Esito 2 (ID 961),Synth-Expanded-MOF-961,4.0,980.36,,10 ml,Room Temperature,,,,,Dataset_1000_Extension,961.0,2026-07-25,,2
962,Benzimidazole,Imidazolati,Benzimidazole,Ni,Ni(OAc)2·4H2O,EXP_962,DEF,,180,18,20,,,118.14,248.84,0.1,0.303,11.81,75.4,0.33,Sonochemical,Cristallino,Sintesi completata con successo (Dataset Espanso),,,,,,MOF; Synthesis; Expanded,,Aggiunta automatica ML Esito 2 (ID 962),Synth-Expanded-MOF-962,0.303,75.4,,10 ml,Sonochemical,,,,,Dataset_1000_Extension,962.0,2026-07-25,,2
963,"4,4'-Biphenyldicarboxylic acid (BPDC)",Carbossilati aromatici,"4,4'-Biphenyldicarboxylic acid (BPDC)",Fe,Fe(NO3)3·9H2O,EXP_963,EtOH/H2O,,60,36,20,,,242.23,404.0,0.2,0.25,48.45,101.0,0.8,Microwave,Cristallino,Sintesi completata con successo (Dataset Espanso),,,,,,MOF; Synthesis; Expanded,,Aggiunta automatica ML Esito 2 (ID 963),Synth-Expanded-MOF-963,0.25,101.0,,10 ml,Microwave,,,,,Dataset_1000_Extension,963.0,2026-07-25,,2
964,Fumaric acid,Carbossilati aromatici,Fumaric acid,Zn,Zn(OAc)2·2H2O,EXP_964,DEF,,120,72,20,,,116.07,219.51,1.0,0.667,116.07,146.41,1.5,Room Temperature,Cristallino,Sintesi completata con successo (Dataset Espanso),,,,,,MOF; Synthesis; Expanded,,Aggiunta automatica ML Esito 2 (ID 964),Synth-Expanded-MOF-964,0.667,146.41,,10 ml,Room Temperature,,,,,Dataset_1000_Extension,964.0,2026-07-25,,2
965,"1,2,4-Triazole",Triazole,"1,2,4-Triazole",Cd,Cd(NO3)2·4H2O,EXP_965,DMF/EtOH/H2O,,100,18,20,,,69.07,308.48,0.5,0.333,34.53,102.72,1.5,Room Temperature,Cristallino,Sintesi completata con successo (Dataset Espanso),,,,,,MOF; Synthesis; Expanded,,Aggiunta automatica ML Esito 2 (ID 965),Synth-Expanded-MOF-965,0.333,102.72,,10 ml,Room Temperature,,,,,Dataset_1000_Extension,965.0,2026-07-25,,2
966,"2,6-Naphthalenedicarboxylic acid",Carbossilati aromatici,"2,6-Naphthalenedicarboxylic acid",Al,Al(NO3)3·9H2O,EXP_966,DMA,,80,12,20,,,216.19,375.13,1.0,1.25,216.19,468.91,0.8,Sonochemical,Cristallino,Sintesi completata con successo (Dataset Espanso),,,,,,MOF; Synthesis; Expanded,,Aggiunta automatica ML Esito 2 (ID 966),Synth-Expanded-MOF-966,1.25,468.91,,10 ml,Sonochemical,,,,,Dataset_1000_Extension,966.0,2026-07-25,,2
967,"2,5-Dihydroxyterephthalic acid (H4DOBDC)",Carbossilati aromatici,"2,5-Dihydroxyterephthalic acid (H4DOBDC)",Al,AlCl3·6H2O,EXP_967,DMF/H2O,,160,12,20,,,198.13,241.43,0.1,0.083,19.81,20.04,1.2,Microwave,Cristallino,Sintesi completata con successo (Dataset Espanso),,,,,,MOF; Synthesis; Expanded,,Aggiunta automatica ML Esito 2 (ID 967),Synth-Expanded-MOF-967,0.083,20.04,,10 ml,Microwave,,,,,Dataset_1000_Extension,967.0,2026-07-25,,2
968,2-Aminoterephthalic acid,Carbossilati aromatici,2-Aminoterephthalic acid,Mn,Mn(OAc)2·4H2O,EXP_968,DMF/MeOH,,180,48,20,,,181.15,245.09,0.5,0.333,90.58,81.61,1.5,Room Temperature,Cristallino,Sintesi completata con successo (Dataset Espanso),,,,,,MOF; Synthesis; Expanded,,Aggiunta automatica ML Esito 2 (ID 968),Synth-Expanded-MOF-968,0.333,81.61,,10 ml,Room Temperature,,,,,Dataset_1000_Extension,968.0,2026-07-25,,2
969,"3,3'-dinitro-4,4'-bipyrazole",Bipyrazole,"3,3'-dinitro-4,4'-bipyrazole",Co,Co(NO3)2·6H2O,EXP_969,MeOH,,160,4,20,,,238.16,291.03,0.1,0.1,23.82,29.1,1.0,Hydrothermal,Cristallino,Sintesi completata con successo (Dataset Espanso),,,,,,MOF; Synthesis; Expanded,,Aggiunta automatica ML Esito 2 (ID 969),Synth-Expanded-MOF-969,0.1,29.1,,10 ml,Hydrothermal,,,,,Dataset_1000_Extension,969.0,2026-07-25,,2
970,"3,5-diamino-4,4'-bipyrazole",Bipyrazole,"3,5-diamino-4,4'-bipyrazole",Cu,Cu(OAc)2·H2O,EXP_970,DMF/MeOH,,100,48,20,,,194.2,199.65,1.0,1.25,194.2,249.56,0.8,Solvothermal,Cristallino,Sintesi completata con successo (Dataset Espanso),,,,,,MOF; Synthesis; Expanded,,Aggiunta automatica ML Esito 2 (ID 970),Synth-Expanded-MOF-970,1.25,249.56,,10 ml,Solvothermal,,,,,Dataset_1000_Extension,970.0,2026-07-25,,2
971,"3,3'-dinitro-4,4'-bipyrazole",Bipyrazole,"3,3'-dinitro-4,4'-bipyrazole",Cd,Cd(NO3)2·4H2O,EXP_971,MeOH,,140,48,20,,,238.16,308.48,0.5,0.417,119.08,128.64,1.2,Sonochemical,Cristallino,Sintesi completata con successo (Dataset Espanso),,,,,,MOF; Synthesis; Expanded,,Aggiunta automatica ML Esito 2 (ID 971),Synth-Expanded-MOF-971,0.417,128.64,,10 ml,Sonochemical,,,,,Dataset_1000_Extension,971.0,2026-07-25,,2
972,"3-amino-4,4'-bipyrazole",Bipyrazole,"3-amino-4,4'-bipyrazole",Ni,Ni(NO3)2·6H2O,EXP_972,H2O,,180,36,20,,,179.18,290.79,0.05,0.025,8.96,7.27,2.0,Hydrothermal,Cristallino,Sintesi completata con successo (Dataset Espanso),,,,,,MOF; Synthesis; Expanded,,Aggiunta automatica ML Esito 2 (ID 972),Synth-Expanded-MOF-972,0.025,7.27,,10 ml,Hydrothermal,,,,,Dataset_1000_Extension,972.0,2026-07-25,,2
973,"3,3'-dinitro-4,4'-bipyrazole",Bipyrazole,"3,3'-dinitro-4,4'-bipyrazole",Zn,Zn(NO3)2·6H2O,EXP_973,DMF/MeOH,,60,18,20,,,238.16,297.49,0.1,0.125,23.82,37.19,0.8,Microwave,Cristallino,Sintesi completata con successo (Dataset Espanso),,,,,,MOF; Synthesis; Expanded,,Aggiunta automatica ML Esito 2 (ID 973),Synth-Expanded-MOF-973,0.125,37.19,,10 ml,Microwave,,,,,Dataset_1000_Extension,973.0,2026-07-25,,2
974,"3-amino-4,4'-bipyrazole",Bipyrazole,"3-amino-4,4'-bipyrazole",Cu,Cu(OAc)2·H2O,EXP_974,DMF,,150,12,20,,,179.18,199.65,0.05,0.033,8.96,6.59,1.5,Sonochemical,Cristallino,Sintesi completata con successo (Dataset Espanso),,,,,,MOF; Synthesis; Expanded,,Aggiunta automatica ML Esito 2 (ID 974),Synth-Expanded-MOF-974,0.033,6.59,,10 ml,Sonochemical,,,,,Dataset_1000_Extension,974.0,2026-07-25,,2
975,"1,3,5-Benzenetricarboxylic acid (H3BTC)",Carbossilati aromatici,"1,3,5-Benzenetricarboxylic acid (H3BTC)",Fe,Fe(NO3)3·9H2O,EXP_975,DEF,,25,72,20,,,210.14,404.0,2.0,10.0,420.28,4040.0,0.2,Sonochemical,Cristallino,Sintesi completata con successo (Dataset Espanso),,,,,,MOF; Synthesis; Expanded,,Aggiunta automatica ML Esito 2 (ID 975),Synth-Expanded-MOF-975,10.0,4040.0,,10 ml,Sonochemical,,,,,Dataset_1000_Extension,975.0,2026-07-25,,2
976,"2,6-Naphthalenedicarboxylic acid",Carbossilati aromatici,"2,6-Naphthalenedicarboxylic acid",Cd,Cd(NO3)2·4H2O,EXP_976,DMF/H2O,,150,18,20,,,216.19,308.48,2.0,10.0,432.38,3084.8,0.2,Hydrothermal,Cristallino,Sintesi completata con successo (Dataset Espanso),,,,,,MOF; Synthesis; Expanded,,Aggiunta automatica ML Esito 2 (ID 976),Synth-Expanded-MOF-976,10.0,3084.8,,10 ml,Hydrothermal,,,,,Dataset_1000_Extension,976.0,2026-07-25,,2
977,2-Methylimidazole,Imidazolati,2-Methylimidazole,Zr,ZrOCl2·8H2O,EXP_977,DMF/H2O,,150,36,20,,,82.1,322.25,0.1,0.2,8.21,64.45,0.5,Hydrothermal,Cristallino,Sintesi completata con successo (Dataset Espanso),,,,,,MOF; Synthesis; Expanded,,Aggiunta automatica ML Esito 2 (ID 977),Synth-Expanded-MOF-977,0.2,64.45,,10 ml,Hydrothermal,,,,,Dataset_1000_Extension,977.0,2026-07-25,,2
978,"4,4'-Biphenyldicarboxylic acid (BPDC)",Carbossilati aromatici,"4,4'-Biphenyldicarboxylic acid (BPDC)",Co,Co(NO3)2·6H2O,EXP_978,DMF/EtOH/H2O,,25,18,20,,,242.23,291.03,0.2,0.167,48.45,48.6,1.2,Microwave,Cristallino,Sintesi completata con successo (Dataset Espanso),,,,,,MOF; Synthesis; Expanded,,Aggiunta automatica ML Esito 2 (ID 978),Synth-Expanded-MOF-978,0.167,48.6,,10 ml,Microwave,,,,,Dataset_1000_Extension,978.0,2026-07-25,,2
979,"2,5-Dihydroxyterephthalic acid (H4DOBDC)",Carbossilati aromatici,"2,5-Dihydroxyterephthalic acid (H4DOBDC)",Zn,Zn(OAc)2·2H2O,EXP_979,MeOH,,100,36,20,,,198.13,219.51,0.2,0.25,39.63,54.88,0.8,Solvothermal,Cristallino,Sintesi completata con successo (Dataset Espanso),,,,,,MOF; Synthesis; Expanded,,Aggiunta automatica ML Esito 2 (ID 979),Synth-Expanded-MOF-979,0.25,54.88,,10 ml,Solvothermal,,,,,Dataset_1000_Extension,979.0,2026-07-25,,2
980,"3-amino-4,4'-bipyrazole",Bipyrazole,"3-amino-4,4'-bipyrazole",Co,Co(OAc)2·4H2O,EXP_980,DMF,,140,4,20,,,179.18,249.08,0.05,0.05,8.96,12.45,1.0,Microwave,Cristallino,Sintesi completata con successo (Dataset Espanso),,,,,,MOF; Synthesis; Expanded,,Aggiunta automatica ML Esito 2 (ID 980),Synth-Expanded-MOF-980,0.05,12.45,,10 ml,Microwave,,,,,Dataset_1000_Extension,980.0,2026-07-25,,2
981,"1,2,4-Triazole",Triazole,"1,2,4-Triazole",Zr,ZrOCl2·8H2O,EXP_981,EtOH/H2O,,120,48,20,,,69.07,322.25,2.0,4.0,138.14,1289.0,0.5,Hydrothermal,Cristallino,Sintesi completata con successo (Dataset Espanso),,,,,,MOF; Synthesis; Expanded,,Aggiunta automatica ML Esito 2 (ID 981),Synth-Expanded-MOF-981,4.0,1289.0,,10 ml,Hydrothermal,,,,,Dataset_1000_Extension,981.0,2026-07-25,,2
982,"1,2,4-Triazole",Triazole,"1,2,4-Triazole",Cu,Cu(NO3)2·3H2O,EXP_982,DMA,,140,12,20,,,69.07,241.6,2.0,6.061,138.14,1464.34,0.33,Microwave,Cristallino,Sintesi completata con successo (Dataset Espanso),,,,,,MOF; Synthesis; Expanded,,Aggiunta automatica ML Esito 2 (ID 982),Synth-Expanded-MOF-982,6.061,1464.34,,10 ml,Microwave,,,,,Dataset_1000_Extension,982.0,2026-07-25,,2
983,"1,4-Benzenedicarboxylic acid (H2BDC)",Carbossilati aromatici,"1,4-Benzenedicarboxylic acid (H2BDC)",Cu,Cu(NO3)2·3H2O,EXP_983,DEF,,150,48,20,,,166.13,241.6,2.0,1.0,332.26,241.6,2.0,Microwave,Cristallino,Sintesi completata con successo (Dataset Espanso),,,,,,MOF; Synthesis; Expanded,,Aggiunta automatica ML Esito 2 (ID 983),Synth-Expanded-MOF-983,1.0,241.6,,10 ml,Microwave,,,,,Dataset_1000_Extension,983.0,2026-07-25,,2
984,"1,2,4-Triazole",Triazole,"1,2,4-Triazole",Cu,Cu(OAc)2·H2O,EXP_984,EtOH/H2O,,180,72,20,,,69.07,199.65,2.0,1.667,138.14,332.82,1.2,Hydrothermal,Cristallino,Sintesi completata con successo (Dataset Espanso),,,,,,MOF; Synthesis; Expanded,,Aggiunta automatica ML Esito 2 (ID 984),Synth-Expanded-MOF-984,1.667,332.82,,10 ml,Hydrothermal,,,,,Dataset_1000_Extension,984.0,2026-07-25,,2
985,"3-amino-4,4'-bipyrazole",Bipyrazole,"3-amino-4,4'-bipyrazole",Mg,Mg(NO3)2·6H2O,EXP_985,DMF,,160,24,20,,,179.18,256.41,2.0,1.0,358.36,256.41,2.0,Room Temperature,Cristallino,Sintesi completata con successo (Dataset Espanso),,,,,,MOF; Synthesis; Expanded,,Aggiunta automatica ML Esito 2 (ID 985),Synth-Expanded-MOF-985,1.0,256.41,,10 ml,Room Temperature,,,,,Dataset_1000_Extension,985.0,2026-07-25,,2
986,2-Methylimidazole,Imidazolati,2-Methylimidazole,Co,Co(OAc)2·4H2O,EXP_986,DMA,,120,24,20,,,82.1,249.08,0.05,0.25,4.1,62.27,0.2,Microwave,Cristallino,Sintesi completata con successo (Dataset Espanso),,,,,,MOF; Synthesis; Expanded,,Aggiunta automatica ML Esito 2 (ID 986),Synth-Expanded-MOF-986,0.25,62.27,,10 ml,Microwave,,,,,Dataset_1000_Extension,986.0,2026-07-25,,2
987,Benzimidazole,Imidazolati,Benzimidazole,Zn,Zn(OAc)2·2H2O,EXP_987,DMA,,60,72,20,,,118.14,219.51,0.5,0.5,59.07,109.75,1.0,Solvothermal,Cristallino,Sintesi completata con successo (Dataset Espanso),,,,,,MOF; Synthesis; Expanded,,Aggiunta automatica ML Esito 2 (ID 987),Synth-Expanded-MOF-987,0.5,109.75,,10 ml,Solvothermal,,,,,Dataset_1000_Extension,987.0,2026-07-25,,2
988,"4,4'-Biphenyldicarboxylic acid (BPDC)",Carbossilati aromatici,"4,4'-Biphenyldicarboxylic acid (BPDC)",Zr,ZrOCl2·8H2O,EXP_988,DMF/MeOH,,25,72,20,,,242.23,322.25,0.1,0.1,24.22,32.23,1.0,Hydrothermal,Cristallino,Sintesi completata con successo (Dataset Espanso),,,,,,MOF; Synthesis; Expanded,,Aggiunta automatica ML Esito 2 (ID 988),Synth-Expanded-MOF-988,0.1,32.23,,10 ml,Hydrothermal,,,,,Dataset_1000_Extension,988.0,2026-07-25,,2
989,"3-amino-4,4'-bipyrazole",Bipyrazole,"3-amino-4,4'-bipyrazole",Zr,ZrOCl2·8H2O,EXP_989,DMF/EtOH/H2O,,180,4,20,,,179.18,322.25,0.5,1.0,89.59,322.25,0.5,Room Temperature,Cristallino,Sintesi completata con successo (Dataset Espanso),,,,,,MOF; Synthesis; Expanded,,Aggiunta automatica ML Esito 2 (ID 989),Synth-Expanded-MOF-989,1.0,322.25,,10 ml,Room Temperature,,,,,Dataset_1000_Extension,989.0,2026-07-25,,2
990,Benzimidazole,Imidazolati,Benzimidazole,Cu,Cu(OAc)2·H2O,EXP_990,DEF,,150,48,20,,,118.14,199.65,0.2,0.167,23.63,33.34,1.2,Room Temperature,Cristallino,Sintesi completata con successo (Dataset Espanso),,,,,,MOF; Synthesis; Expanded,,Aggiunta automatica ML Esito 2 (ID 990),Synth-Expanded-MOF-990,0.167,33.34,,10 ml,Room Temperature,,,,,Dataset_1000_Extension,990.0,2026-07-25,,2
991,Tetrakis(4-carboxyphenyl)porphyrin (TCPP),Carbossilati aromatici,Tetrakis(4-carboxyphenyl)porphyrin (TCPP),Zn,Zn(NO3)2·6H2O,EXP_991,DMF/MeOH,,25,12,20,,,790.78,297.49,0.2,0.2,158.16,59.5,1.0,Hydrothermal,Cristallino,Sintesi completata con successo (Dataset Espanso),,,,,,MOF; Synthesis; Expanded,,Aggiunta automatica ML Esito 2 (ID 991),Synth-Expanded-MOF-991,0.2,59.5,,10 ml,Hydrothermal,,,,,Dataset_1000_Extension,991.0,2026-07-25,,2
992,Benzimidazole,Imidazolati,Benzimidazole,Ni,Ni(OAc)2·4H2O,EXP_992,DMA,,80,72,20,,,118.14,248.84,0.05,0.042,5.91,10.45,1.2,Microwave,Cristallino,Sintesi completata con successo (Dataset Espanso),,,,,,MOF; Synthesis; Expanded,,Aggiunta automatica ML Esito 2 (ID 992),Synth-Expanded-MOF-992,0.042,10.45,,10 ml,Microwave,,,,,Dataset_1000_Extension,992.0,2026-07-25,,2
993,Tetrakis(4-carboxyphenyl)porphyrin (TCPP),Carbossilati aromatici,Tetrakis(4-carboxyphenyl)porphyrin (TCPP),Cu,Cu(NO3)2·3H2O,EXP_993,DEF,,60,18,20,,,790.78,241.6,0.5,0.417,395.39,100.75,1.2,Hydrothermal,Cristallino,Sintesi completata con successo (Dataset Espanso),,,,,,MOF; Synthesis; Expanded,,Aggiunta automatica ML Esito 2 (ID 993),Synth-Expanded-MOF-993,0.417,100.75,,10 ml,Hydrothermal,,,,,Dataset_1000_Extension,993.0,2026-07-25,,2
994,2-Aminoterephthalic acid,Carbossilati aromatici,2-Aminoterephthalic acid,Ni,Ni(OAc)2·4H2O,EXP_994,DMF/EtOH/H2O,,60,4,20,,,181.15,248.84,0.05,0.042,9.06,10.45,1.2,Sonochemical,Cristallino,Sintesi completata con successo (Dataset Espanso),,,,,,MOF; Synthesis; Expanded,,Aggiunta automatica ML Esito 2 (ID 994),Synth-Expanded-MOF-994,0.042,10.45,,10 ml,Sonochemical,,,,,Dataset_1000_Extension,994.0,2026-07-25,,2
995,"2,5-Dihydroxyterephthalic acid (H4DOBDC)",Carbossilati aromatici,"2,5-Dihydroxyterephthalic acid (H4DOBDC)",Al,AlCl3·6H2O,EXP_995,DMF,,140,48,20,,,198.13,241.43,0.2,0.25,39.63,60.36,0.8,Sonochemical,Cristallino,Sintesi completata con successo (Dataset Espanso),,,,,,MOF; Synthesis; Expanded,,Aggiunta automatica ML Esito 2 (ID 995),Synth-Expanded-MOF-995,0.25,60.36,,10 ml,Sonochemical,,,,,Dataset_1000_Extension,995.0,2026-07-25,,2
996,"1,3,5-Benzenetricarboxylic acid (H3BTC)",Carbossilati aromatici,"1,3,5-Benzenetricarboxylic acid (H3BTC)",Ni,Ni(NO3)2·6H2O,EXP_996,DMA,,180,36,20,,,210.14,290.79,1.0,3.03,210.14,881.09,0.33,Sonochemical,Cristallino,Sintesi completata con successo (Dataset Espanso),,,,,,MOF; Synthesis; Expanded,,Aggiunta automatica ML Esito 2 (ID 996),Synth-Expanded-MOF-996,3.03,881.09,,10 ml,Sonochemical,,,,,Dataset_1000_Extension,996.0,2026-07-25,,2
997,2-Aminoterephthalic acid,Carbossilati aromatici,2-Aminoterephthalic acid,Cu,Cu(OAc)2·H2O,EXP_997,DMF/EtOH/H2O,,100,36,20,,,181.15,199.65,0.5,0.625,90.58,124.78,0.8,Microwave,Cristallino,Sintesi completata con successo (Dataset Espanso),,,,,,MOF; Synthesis; Expanded,,Aggiunta automatica ML Esito 2 (ID 997),Synth-Expanded-MOF-997,0.625,124.78,,10 ml,Microwave,,,,,Dataset_1000_Extension,997.0,2026-07-25,,2
998,2-Methylimidazole,Imidazolati,2-Methylimidazole,Al,AlCl3·6H2O,EXP_998,DMF/MeOH,,60,36,20,,,82.1,241.43,2.0,1.333,164.2,321.83,1.5,Microwave,Cristallino,Sintesi completata con successo (Dataset Espanso),,,,,,MOF; Synthesis; Expanded,,Aggiunta automatica ML Esito 2 (ID 998),Synth-Expanded-MOF-998,1.333,321.83,,10 ml,Microwave,,,,,Dataset_1000_Extension,998.0,2026-07-25,,2
999,2-Methylimidazole,Imidazolati,2-Methylimidazole,Fe,FeCl3·6H2O,EXP_999,DEF,,150,18,20,,,82.1,270.3,0.2,0.2,16.42,54.06,1.0,Room Temperature,Cristallino,Sintesi completata con successo (Dataset Espanso),,,,,,MOF; Synthesis; Expanded,,Aggiunta automatica ML Esito 2 (ID 999),Synth-Expanded-MOF-999,0.2,54.06,,10 ml,Room Temperature,,,,,Dataset_1000_Extension,999.0,2026-07-25,,2
1000,2-Aminoterephthalic acid,Carbossilati aromatici,2-Aminoterephthalic acid,Ni,Ni(OAc)2·4H2O,EXP_1000,DMF/EtOH/H2O,,60,48,20,,,181.15,248.84,1.0,3.03,181.15,753.99,0.33,Room Temperature,Cristallino,Sintesi completata con successo (Dataset Espanso),,,,,,MOF; Synthesis; Expanded,,Aggiunta automatica ML Esito 2 (ID 1000),Synth-Expanded-MOF-1000,3.03,753.99,,10 ml,Room Temperature,,,,,Dataset_1000_Extension,1000.0,2026-07-25,,2
