ID,Legante,Famiglia_Legante,Metallo,Sale_Metallico,Solvente,Additivo_Colinker,Temperatura_C,Tempo_ore,mmol_Legante,mmol_Sale,Rapporto_LM,Procedura_Sintetica,Esito_ML,Volume solvente,Data_Quality_Flag,Exact_Duplicate_Group,Outcome_Conflict_Flag
1,curc-ind,Curcumina,Zn,Zn(OAc)2·2H2O,DMF,Nessuno,80,72,0.1,0.05,2,no precipitato,1,,numeric_decimal_standardized;salt_hydrate_separator_standardized;temperature_numeric_standardized;time_numeric_standardized,,0
2,curc(III),Curcumina,Zn,Zn(OAc)2·2H2O,DMF,Nessuno,80,72,0.1,0.05,2,Solvothermal,2,,numeric_decimal_standardized;salt_hydrate_separator_standardized;temperature_numeric_standardized;time_numeric_standardized,,0
3,curc-ind,Curcumina,Cu,Cu(OAc)2·H2O,DMF,Nessuno,80,72,0.1,0.05,2,no precipitato,1,,numeric_decimal_standardized;salt_hydrate_separator_standardized;temperature_numeric_standardized;time_numeric_standardized,,0
4,curc(III),Curcumina,Cu,Cu(OAc)2·H2O,DMF,Nessuno,80,72,0.1,0.05,2,no precipitato,1,,numeric_decimal_standardized;salt_hydrate_separator_standardized;temperature_numeric_standardized;time_numeric_standardized,,0
5,curc(III),Curcumina,Zn,Zn(OAc)2·2H2O,DMF/MeOH,Nessuno,80,24,0.1,0.05,2,Solvothermal,2,,numeric_decimal_standardized;salt_hydrate_separator_standardized;temperature_numeric_standardized;time_numeric_standardized,,0
6,curc(III),Curcumina,Zn,Zn(OAc)2·2H2O,DMF/MeOH,Nessuno,80,24,0.3,0.15,2,118 mg finali,1,,numeric_decimal_standardized;salt_hydrate_separator_standardized;temperature_numeric_standardized;time_numeric_standardized,,0
7,curc(III),Curcumina,Zn,Zn(NO3)2·6H2O,DMF/MeOH,Nessuno,80,24,0.2,0.1,2,Solvothermal,2,,numeric_decimal_standardized;salt_hydrate_separator_standardized;temperature_numeric_standardized;time_numeric_standardized,,0
8,curc-ind,Curcumina,Zn,Zn(OAc)2·2H2O,MeOH,Nessuno,80,72,0.1,0.05,2,precipitato nero,0,,numeric_decimal_standardized;salt_hydrate_separator_standardized;temperature_numeric_standardized;time_numeric_standardized,,0
9,curc-ind,Curcumina,Zn,Zn(NO3)2·6H2O,DMF,Nessuno,120,72,0.1,0.05,2,nessun precipitato,1,,numeric_decimal_standardized;salt_hydrate_separator_standardized;temperature_numeric_standardized;time_numeric_standardized,,0
10,curc(III),Curcumina,Ni,Ni(NO3)2·6H2O,DMF,Nessuno,120,72,0.1,0.05,2,nessun preciiptato,1,,numeric_decimal_standardized;salt_hydrate_separator_standardized;temperature_numeric_standardized;time_numeric_standardized,,0
11,B5,Altro,Ru,[Ru(p-cymene)Cl2]2,CH2Cl2,Nessuno,120,48,0.25,0.1,2.5,separato il solido per centrifugazione. Lavato con diclorometano 2 volte sempre tramite centrifuga,1,,solvent_canonicalized;temperature_numeric_standardized;time_numeric_standardized,,0
12,curc(III)_KC,Curcumina,Zn,Zn(NO3)2·6H2O,DMF,Nessuno,80,48,0.1,0.05,2,"dopo 48 ore nessun precipitato, posto nella stufa a 100°C per 72h, ma ancora nessun precipitato, allora trasferito nella stufa a 120°, dopo 48h si è formato poco precipitato, filtrato e lavato con acetone.",1,,numeric_decimal_standardized;salt_hydrate_separator_standardized;temperature_numeric_standardized;time_numeric_standardized,,0
13,curc(III)_KC,Curcumina,Zn,Zn(OAc)2·2H2O,DMF,Nessuno,120,16,0.05,0.05,1,dopo 16 ore si è formato già il precipitato nella vial,0,,numeric_decimal_standardized;salt_hydrate_separator_standardized;temperature_numeric_standardized;time_numeric_standardized,,0
14,curc(III),Curcumina,Ni,Ni(NO3)2·6H2O,DMF/H2O,Nessuno,80,48,0.02,0.02,1,nessun precipitato,1,,numeric_decimal_standardized;salt_hydrate_separator_standardized;temperature_numeric_standardized;time_numeric_standardized,,0
15,curc(III),Curcumina,Co,Co(NO3)2·6H2O,DMF/H2O,Nessuno,80,16,0.02,0.02,1,"Precipitato dopo già 16h, procedo con la caratterizzazione",2,,numeric_decimal_standardized;salt_hydrate_separator_standardized;temperature_numeric_standardized;time_numeric_standardized,,0
16,curc(III),Curcumina,Ag,AgNO3,DMF/H2O,Nessuno,80,48,0.02,0.02,1,"Argento metallizzato sulle pareti della vial dopo 16h, riprovo con ossido d'argento e vial scura",1,,numeric_decimal_standardized;temperature_numeric_standardized;time_numeric_standardized,,0
17,curc(III),Curcumina,Ag,Ag2O,DMF/H2O,Nessuno,80,48,0.02,0.02,1,nessun precipitato,1,,numeric_decimal_standardized;temperature_numeric_standardized;time_numeric_standardized,,0
18,curc(III),Curcumina,Co,Co(Ac)2·4H2O,DMF,Nessuno,80,24,0.02,0.04,0.5,"Precipitato fine, probabilmente meglio il nitro.",0,,salt_hydrate_separator_standardized;temperature_numeric_standardized;time_numeric_standardized,,0
19,curc(III),Curcumina,Ni,Ni(Ac)2·4H2O,DMF/EtOH,Nessuno,100,48,0.02,0.02,1,precipitato amorfo,1,,numeric_decimal_standardized;salt_hydrate_separator_standardized;temperature_numeric_standardized;time_numeric_standardized,,0
20,curc(III),Curcumina,Ni,Ni(Ac)2·4H2O,DMF/MeOH,Nessuno,100,48,0.02,0.02,1,precipitato amorfo,1,,numeric_decimal_standardized;salt_hydrate_separator_standardized;temperature_numeric_standardized;time_numeric_standardized,,0
21,curc(III),Curcumina,Co,Co(NO3)2·6H2O,DMF/H2O,Nessuno,100,24,0.02,0.02,1,"non credo sia un MOF, sembrava sciogliersi in acetone, procedo con le varie caratterizzazioni. Precipitato tropppo poco per caratterizzazione",1,,numeric_decimal_standardized;salt_hydrate_separator_standardized;temperature_numeric_standardized;time_numeric_standardized,,0
22,curc(III),Curcumina,Cu,Cu(NO3)2·3H2O,DMF/H2O,Nessuno,100,24,0.02,0.02,1,"Precipitato verdastro, ma molto amorfo",1,,numeric_decimal_standardized;salt_hydrate_separator_standardized;temperature_numeric_standardized;time_numeric_standardized,,0
23,curc(III),Curcumina,Co,Co(NO3)2·6H2O,DMF/H2O,Nessuno,80,72,0.02,0.04,0.5,Solvothermal,1,,salt_hydrate_separator_standardized;temperature_numeric_standardized;time_numeric_standardized,,0
24,curc(III),Curcumina,Co,Co(NO3)2·6H2O,DMSO,Nessuno,80,72,0.02,0.02,1,nessun precipitato,1,,numeric_decimal_standardized;salt_hydrate_separator_standardized;temperature_numeric_standardized;time_numeric_standardized,,0
25,curc(III),Curcumina,Co,Co(NO3)2·6H2O,DMF,Nessuno,80,72,0.02,0.02,1,nessun precipitato,1,,numeric_decimal_standardized;salt_hydrate_separator_standardized;temperature_numeric_standardized;time_numeric_standardized,,0
26,curc(III),Curcumina,Zr,ZrCl4,DMF/MeOH,Nessuno,120,48,0.02,0.02,1,nessun precipitato,1,,numeric_decimal_standardized;temperature_numeric_standardized;time_numeric_standardized,,0
27,curc(III),Curcumina,Co,Co(NO3)2·6H2O,DMF/H2O,Nessuno,120,24,0.05,0.05,1,Solvothermal,2,,numeric_decimal_standardized;salt_hydrate_separator_standardized;temperature_numeric_standardized;time_numeric_standardized,,0
28,curc(III),Curcumina,Co,Co(NO3)2·6H2O,DMF/H2O,Nessuno,120,24,0.1,0.1,1,Solvothermal,1,,numeric_decimal_standardized;salt_hydrate_separator_standardized;temperature_numeric_standardized;time_numeric_standardized,,0
29,"3-nitro-4,4'-bipyrazole",Bipyrazole,Cd,Cd(NO3)2·4H2O,DMF,Nessuno,150,24,0.1,0.1,1,Solvothermal,1,,numeric_decimal_standardized;salt_hydrate_separator_standardized;temperature_numeric_standardized;time_numeric_standardized,,0
30,"3-nitro-4,4'-bipyrazole",Bipyrazole,Cd,Cd(NO3)2·4H2O,DMF,Nessuno,150,24,0.1,0.2,0.5,Solvothermal,1,,salt_hydrate_separator_standardized;temperature_numeric_standardized;time_numeric_standardized,,0
31,"3-nitro-4,4'-bipyrazole",Bipyrazole,Ni,Ni(NO3)2,MeCN,Trietilammina (TEA),120,48,0.1,0.1,1,Solvothermal,0,,additive_canonicalized;numeric_decimal_standardized;solvent_canonicalized;temperature_numeric_standardized;time_numeric_standardized,,0
32,"3-nitro-4,4'-bipyrazole",Bipyrazole,Ni,Ni(OAc)2·4H2O,MeCN,Nessuno,120,48,0.2,0.2,1,Solvothermal,0,,numeric_decimal_standardized;salt_hydrate_separator_standardized;solvent_canonicalized;temperature_numeric_standardized;time_numeric_standardized,,0
33,"3-nitro-4,4'-bipyrazole",Bipyrazole,Ni,Ni(OAc)2·4H2O,MeCN,Trietilammina (TEA),120,48,0.2,0.4,0.5,Solvothermal,1,,additive_canonicalized;salt_hydrate_separator_standardized;solvent_canonicalized;temperature_numeric_standardized;time_numeric_standardized,,0
34,"3-(3,5-DiMePz4-yl)pentane-2,4-dione",Altro,Zr,Zr(OCH3)4,Et3N,Nessuno,120,30,0.25,0.4,0.625,Solvothermal,1,,temperature_numeric_standardized;time_numeric_standardized,,0
35,"3-(3,5-DiMePz4-yl)pentane-2,4-dione",Altro,Zr,ZrCl4,MeOH,Nessuno,110,94,0.3,0.3,1,Solvothermal,1,,numeric_decimal_standardized;temperature_numeric_standardized;time_numeric_standardized,,0
36,"3-(3,5-DiMePz4-yl)pentane-2,4-dione",Altro,Zr,ZrCl4,MeOH,Nessuno,100,24,0.3,0.3,1,Solvothermal,1,,numeric_decimal_standardized;temperature_numeric_standardized;time_numeric_standardized,,0
37,"3-(3,5-DiMePz4-yl)pentane-2,4-dione",Altro,Zr,ZrCl4,MeOH,Nessuno,110,48,0.15,0.15,1,Solvothermal,1,,numeric_decimal_standardized;temperature_numeric_standardized;time_numeric_standardized,,0
38,"3-(3,5-DiMePz4-yl)pentane-2,4-dione",Altro,Zr,ZrCl4,MeOH,Nessuno,110,72,0.15,0.15,1,Solvothermal,1,,numeric_decimal_standardized;temperature_numeric_standardized;time_numeric_standardized,,0
39,"3-amino-4,4'-bipyrazole",Bipyrazole,Ag,Ag2O,MeOH,Nessuno,120,24,0.2,0.2,1,Solvothermal,1,,numeric_decimal_standardized;solvent_canonicalized;temperature_numeric_standardized;time_numeric_standardized,,0
40,"3-amino-4,4'-bipyrazole",Bipyrazole,Ag,AgNO3,ButOH,Trietilammina (TEA),120,36,0.15,0.15,1,Solvothermal,1,,additive_canonicalized;numeric_decimal_standardized;temperature_numeric_standardized;time_numeric_standardized,,0
41,"3-amino-4,4'-bipyrazole",Bipyrazole,Ag,AgNO3,DMF,Nessuno,110,48,0.2,0.2,1,Solvothermal,1,,numeric_decimal_standardized;temperature_numeric_standardized;time_numeric_standardized,,0
42,"3-amino-4,4'-bipyrazole",Bipyrazole,Ag,AgNO3,MeOH,Trietilammina (TEA),70,72,0.15,0.15,1,Solvothermal,1,,additive_canonicalized;numeric_decimal_standardized;solvent_canonicalized;temperature_numeric_standardized;time_numeric_standardized,,0
43,"3-amino-4,4'-bipyrazole",Bipyrazole,Ag,AgNO3,MeOH,Nessuno,120,24,0.2,0.2,1,Solvothermal,1,,numeric_decimal_standardized;solvent_canonicalized;temperature_numeric_standardized;time_numeric_standardized,,0
44,"3-amino-4,4'-bipyrazole",Bipyrazole,Ag,AgNO3,DMF,Nessuno,120,24,0.2,0.4,0.5,Solvothermal,1,,temperature_numeric_standardized;time_numeric_standardized,,0
45,"3-amino-4,4'-bipyrazole",Bipyrazole,Ag,Ag2O,NH3 28%,Nessuno,60,24,0.2,0.2,1,Solvothermal,1,,numeric_decimal_standardized;temperature_numeric_standardized;time_numeric_standardized,,0
46,"3-amino-4,4'-bipyrazole",Bipyrazole,Ag,AgNO3,DMF/H2O,Nessuno,100,96,0.2,0.2,1,Solvothermal,1,,numeric_decimal_standardized;temperature_numeric_standardized;time_numeric_standardized,,0
47,"3-amino-4,4'-bipyrazole",Bipyrazole,Ag,AgNO3,DMF,Nessuno,100,24,0.4,0.4,1,Solvothermal,1,,numeric_decimal_standardized;temperature_numeric_standardized;time_numeric_standardized,,0
48,"3-amino-4,4'-bipyrazole",Bipyrazole,Ag,AgNO3,DMF,Nessuno,100,5,0.2,0.2,1,Solvothermal,1,,numeric_decimal_standardized;temperature_numeric_standardized;time_numeric_standardized,,0
49,"3-amino-4,4'-bipyrazole",Bipyrazole,Ag,AgNO3,DMF,Nessuno,90,2,0.2,0.2,1,Solvothermal,1,,numeric_decimal_standardized;temperature_numeric_standardized;time_numeric_standardized,,0
50,"3-amino-4,4'-bipyrazole",Bipyrazole,Ag,AgNO3,DMF,Nessuno,100,1,0.4,0.4,1,Solvothermal,1,,numeric_decimal_standardized;temperature_numeric_standardized;time_numeric_standardized,,0
51,"3-amino-4,4'-bipyrazole",Bipyrazole,Ag,AgNO3,DMF,Nessuno,120,72,0.15,2,0.075,Solvothermal,1,,numeric_decimal_standardized;temperature_numeric_standardized;time_numeric_standardized,,0
52,"3-amino-4,4'-bipyrazole",Bipyrazole,Ag,AgNO3,DMF/H2O/EtOH,Nessuno,100,1,0.15,0.15,1,Solvothermal,1,,numeric_decimal_standardized;solvent_canonicalized;temperature_numeric_standardized;time_numeric_standardized,,0
53,"3-amino-4,4'-bipyrazole",Bipyrazole,Ag,AgNO3,DMA,Nessuno,100,4,0.15,0.15,1,Solvothermal,1,,numeric_decimal_standardized;temperature_numeric_standardized;time_numeric_standardized,,0
54,"3-amino-4,4'-bipyrazole",Bipyrazole,Ag,AgNO3,DMF,Acido benzoico,90,1,0.15,0.15,1,Solvothermal,1,,numeric_decimal_standardized;temperature_numeric_standardized;time_numeric_standardized,,0
55,"3-amino-4,4'-bipyrazole",Bipyrazole,Ag,AgNO3,DMF,Nessuno,100,1.5,0.15,0.15,1,Solvothermal,1,,numeric_decimal_standardized;temperature_numeric_standardized,,0
56,"3-amino-4,4'-bipyrazole",Bipyrazole,Ag,AgNO3,DMF/MeCN,Nessuno,100,1,0.15,0.15,1,Solvothermal,1,,numeric_decimal_standardized;solvent_canonicalized;temperature_numeric_standardized;time_numeric_standardized,,0
57,"3-amino-4,4'-bipyrazole",Bipyrazole,Ag,AgNO3,DMF/MeCN,Nessuno,80,24,0.15,0.15,1,Solvothermal,1,,numeric_decimal_standardized;solvent_canonicalized;temperature_numeric_standardized;time_numeric_standardized,,0
58,"3-amino-4,4'-bipyrazole",Bipyrazole,Ag,AgNO3,DMF/MeCN,Nessuno,100,1.5,0.15,0.15,1,Solvothermal,1,,numeric_decimal_standardized;solvent_canonicalized;temperature_numeric_standardized,,0
59,"3-amino-4,4'-bipyrazole",Bipyrazole,Ag,AgNO3,Et3N,Nessuno,120,24,0.3,0.3,1,Solvothermal,1,,numeric_decimal_standardized;temperature_numeric_standardized;time_numeric_standardized,,0
60,"3-amino-4,4'-bipyrazole",Bipyrazole,Ag,AgNO3,DMF,Nessuno,100,48,0.2,0.2,1,Solvothermal,1,,numeric_decimal_standardized;temperature_numeric_standardized;time_numeric_standardized,,0
61,"3-amino-4,4'-bipyrazole",Bipyrazole,Ag,AgNO3,DMF,Nessuno,120,72,0.3,0.3,1,Solvothermal,1,,numeric_decimal_standardized;temperature_numeric_standardized;time_numeric_standardized,,0
62,"3-amino-4,4'-bipyrazole",Bipyrazole,Ag,AgNO3,Et3N,Nessuno,120,60,0.25,0.4,0.625,Solvothermal,1,,temperature_numeric_standardized;time_numeric_standardized,,0
63,"3-amino-4,4'-bipyrazole",Bipyrazole,Ag,Ag2O,Non specificato,Nessuno,120,60,0.25,0.4,0.625,Solvothermal,1,,temperature_numeric_standardized;time_numeric_standardized,,0
64,"3-amino-4,4'-bipyrazole",Bipyrazole,Au,Cloro(tri-tert-butilfosfina)Au(I),DMF,Nessuno,120,72,0.2,0.2,1,Solvothermal,1,,numeric_decimal_standardized;temperature_numeric_standardized;time_numeric_standardized,,0
65,"3-amino-4,4'-bipyrazole",Bipyrazole,Au,Chlorotriphenylphosphine gold(I),Non specificato,Nessuno,120,24,0.2,0.2,1,Solvothermal,1,,numeric_decimal_standardized;temperature_numeric_standardized;time_numeric_standardized,,0
66,"3-amino-4,4'-bipyrazole",Bipyrazole,Au,Cloro(tri-tert-butilfosfina)Au(I),MeOH,Nessuno,120,24,0.2,0.2,1,Solvothermal,1,,numeric_decimal_standardized;solvent_canonicalized;temperature_numeric_standardized;time_numeric_standardized,,0
67,"3-amino-4,4'-bipyrazole",Bipyrazole,Au,Cloro(tri-tert-butilfosfina)Au(I),DMF,Nessuno,100,48,0.2,0.2,1,Solvothermal,1,,numeric_decimal_standardized;temperature_numeric_standardized;time_numeric_standardized,,0
68,"3-amino-4,4'-bipyrazole",Bipyrazole,Au,Chlorotriphenylphosphine gold(I),Non specificato,Nessuno,120,60,0.25,0.4,0.625,Solvothermal,1,,temperature_numeric_standardized;time_numeric_standardized,,0
69,"3-amino-4,4'-bipyrazole",Bipyrazole,Cd,Cd(NO3)2·4H2O,DMF/H2O,Nessuno,160,72,0.3,0.3,1,Solvothermal,1,,numeric_decimal_standardized;salt_hydrate_separator_standardized;temperature_numeric_standardized;time_numeric_standardized,,0
70,"3-amino-4,4'-bipyrazole",Bipyrazole,Cd,Cd(NO3)2·4H2O,DMF,Nessuno,140,72,0.2,0.2,1,Solvothermal,1,,numeric_decimal_standardized;salt_hydrate_separator_standardized;temperature_numeric_standardized;time_numeric_standardized,,0
71,"3-amino-4,4'-bipyrazole",Bipyrazole,Cd,Cd(OAc)2·2H2O,DMF/H2O,Nessuno,140,48,0.2,0.1,2,Solvothermal,1,,numeric_decimal_standardized;salt_hydrate_separator_standardized;temperature_numeric_standardized;time_numeric_standardized,,0
72,"3-amino-4,4'-bipyrazole",Bipyrazole,Cd,Cd(NO3)2·4H2O,MeOH,Nessuno,120,48,0.2,0.1,2,Solvothermal,1,,numeric_decimal_standardized;salt_hydrate_separator_standardized;temperature_numeric_standardized;time_numeric_standardized,,0
73,"3-amino-4,4'-bipyrazole",Bipyrazole,Cd,Cd(NO3)2·4H2O,DMF/H2O,Nessuno,140,120,0.2,0.1,2,Solvothermal,1,,numeric_decimal_standardized;salt_hydrate_separator_standardized;temperature_numeric_standardized;time_numeric_standardized,,0
74,"3-amino-4,4'-bipyrazole",Bipyrazole,Cd,Cd(NO3)2·4H2O,DMF,Nessuno,140,48,0.2,0.1,2,Solvothermal,1,,numeric_decimal_standardized;salt_hydrate_separator_standardized;temperature_numeric_standardized;time_numeric_standardized,,0
75,"3-amino-4,4'-bipyrazole",Bipyrazole,Cd,Cd(NO3)2·4H2O,DMF,Nessuno,140,48,0.8,0.4,2,Solvothermal,1,,numeric_decimal_standardized;salt_hydrate_separator_standardized;temperature_numeric_standardized;time_numeric_standardized,,0
76,"3-amino-4,4'-bipyrazole",Bipyrazole,Cd,Cd(NO3)2·4H2O,DMF,Nessuno,160,24,0.2,0.1,2,Solvothermal,2,,numeric_decimal_standardized;salt_hydrate_separator_standardized;temperature_numeric_standardized;time_numeric_standardized,,0
77,"3-amino-4,4'-bipyrazole",Bipyrazole,Cd,Cd(NO3)2·4H2O,DMF,Nessuno,160,48,0.1,0.1,1,Solvothermal,1,,numeric_decimal_standardized;salt_hydrate_separator_standardized;temperature_numeric_standardized;time_numeric_standardized,,0
78,"3-amino-4,4'-bipyrazole",Bipyrazole,Cd,Cd(NO3)2·4H2O,DMF,Nessuno,160,48,0.1,0.2,0.5,Solvothermal,1,,salt_hydrate_separator_standardized;temperature_numeric_standardized;time_numeric_standardized,,0
79,"3-amino-4,4'-bipyrazole",Bipyrazole,Cd,Cd(OAc)2·2H2O,DMF,Nessuno,140,48,0.2,0.1,2,Solvothermal,1,,numeric_decimal_standardized;salt_hydrate_separator_standardized;temperature_numeric_standardized;time_numeric_standardized,,0
80,"3-amino-4,4'-bipyrazole",Bipyrazole,Cd,Cd(NO3)2·4H2O,DMF/EtOH,Nessuno,140,48,0.2,0.1,2,Solvothermal,1,,numeric_decimal_standardized;salt_hydrate_separator_standardized;temperature_numeric_standardized;time_numeric_standardized,,0
81,"3-amino-4,4'-bipyrazole",Bipyrazole,Cd,Cd(NO3)2·4H2O,DMF/MeOH,Nessuno,140,72,0.2,0.1,2,Solvothermal,1,,numeric_decimal_standardized;salt_hydrate_separator_standardized;temperature_numeric_standardized;time_numeric_standardized,,0
82,"3-amino-4,4'-bipyrazole",Bipyrazole,Cd,Cd(NO3)2·4H2O,Non specificato,Nessuno,120,48,0.15,0.15,1,Solvothermal,1,,numeric_decimal_standardized;salt_hydrate_separator_standardized;temperature_numeric_standardized;time_numeric_standardized,,0
83,"3-amino-4,4'-bipyrazole",Bipyrazole,Cd,Cd(OAc)2·2H2O,Non specificato,Nessuno,120,48,0.15,0.15,1,Solvothermal,1,,numeric_decimal_standardized;salt_hydrate_separator_standardized;temperature_numeric_standardized;time_numeric_standardized,,0
84,"3-amino-4,4'-bipyrazole",Bipyrazole,Cu,CuOAc,MeOH,Mesitilene,120,24,0.2,0.2,1,Solvothermal,1,,numeric_decimal_standardized;solvent_canonicalized;temperature_numeric_standardized;time_numeric_standardized,,0
85,"3-amino-4,4'-bipyrazole",Bipyrazole,Cu,CuOAc,ButOH,Nessuno,120,36,0.15,0.15,1,Solvothermal,1,,numeric_decimal_standardized;temperature_numeric_standardized;time_numeric_standardized,,0
86,"3-amino-4,4'-bipyrazole",Bipyrazole,Cu,CuOAc,DMF,Nessuno,110,48,0.2,0.2,1,Solvothermal,1,,numeric_decimal_standardized;temperature_numeric_standardized;time_numeric_standardized,,0
87,"3-amino-4,4'-bipyrazole",Bipyrazole,Cu,CuOAc,MeOH,Nessuno,70,72,0.15,0.15,1,Solvothermal,1,,numeric_decimal_standardized;solvent_canonicalized;temperature_numeric_standardized;time_numeric_standardized,,0
88,"3-amino-4,4'-bipyrazole",Bipyrazole,Cu,CuOAc,DMF,Nessuno,120,24,0.2,0.4,0.5,Solvothermal,1,,temperature_numeric_standardized;time_numeric_standardized,,0
89,"3-amino-4,4'-bipyrazole",Bipyrazole,Cu,CuCl,NH3 28%,Nessuno,60,24,0.3,0.3,1,Solvothermal,1,,numeric_decimal_standardized;temperature_numeric_standardized;time_numeric_standardized,,0
90,"3-amino-4,4'-bipyrazole",Bipyrazole,Cu,CuI,Non specificato,Nessuno,100,24,0.2,0.2,1,Solvothermal,1,,numeric_decimal_standardized;temperature_numeric_standardized;time_numeric_standardized;exact_duplicate_candidate,DUP_001,0
91,"3-amino-4,4'-bipyrazole",Bipyrazole,Cu,CuI,Non specificato,Nessuno,100,24,0.2,0.2,1,Solvothermal,1,,numeric_decimal_standardized;temperature_numeric_standardized;time_numeric_standardized;exact_duplicate_candidate,DUP_001,0
92,"3-amino-4,4'-bipyrazole",Bipyrazole,Cu,CuOAc,H2O/Met,Nessuno,160,72,0.5,0.5,1,Solvothermal,1,,numeric_decimal_standardized;solvent_canonicalized;temperature_numeric_standardized;time_numeric_standardized,,0
93,"3-amino-4,4'-bipyrazole",Bipyrazole,Cu,CuOAc,DMF,Nessuno,100,48,0.2,0.2,1,Solvothermal,1,,numeric_decimal_standardized;temperature_numeric_standardized;time_numeric_standardized,,0
94,"3-amino-4,4'-bipyrazole",Bipyrazole,Cu,CuOAc,DMF,Nessuno,120,72,0.3,0.3,1,Solvothermal,1,,numeric_decimal_standardized;temperature_numeric_standardized;time_numeric_standardized,,0
95,"3-amino-4,4'-bipyrazole",Bipyrazole,Cu,Cu(OAc)2·H2O,Non specificato,Nessuno,120,60,0.25,0.4,0.625,Solvothermal,1,,salt_hydrate_separator_standardized;temperature_numeric_standardized;time_numeric_standardized,,0
96,"3-amino-4,4'-bipyrazole",Bipyrazole,Cu,Cu(OAc),Non specificato,Nessuno,120,60,0.25,0.4,0.625,Solvothermal,1,,temperature_numeric_standardized;time_numeric_standardized,,0
97,"3-amino-4,4'-bipyrazole",Bipyrazole,Cu,Cu2O,Non specificato,Nessuno,120,60,0.25,0.4,0.625,Solvothermal,1,,temperature_numeric_standardized;time_numeric_standardized,,0
98,"3-amino-4,4'-bipyrazole",Bipyrazole,Cu,CuCl,Na(OAc),Nessuno,120,60,0.25,0.4,0.625,Solvothermal,1,,temperature_numeric_standardized;time_numeric_standardized;exact_duplicate_candidate,DUP_002,0
99,"3-amino-4,4'-bipyrazole",Bipyrazole,Cu,CuCl,Na(OAc),Nessuno,120,60,0.25,0.4,0.625,Solvothermal,1,,temperature_numeric_standardized;time_numeric_standardized;exact_duplicate_candidate,DUP_002,0
100,"3-amino-4,4'-bipyrazole",Bipyrazole,Cu,CuI,Non specificato,Nessuno,120,180,0.25,0.4,0.625,Solvothermal,1,,temperature_numeric_standardized;time_numeric_standardized,,0
101,"3-amino-4,4'-bipyrazole",Bipyrazole,Fe,Fe(NO3)3·9H2O,Non specificato,Nessuno,140,24,0.15,0.15,1,Solvothermal,1,,numeric_decimal_standardized;salt_hydrate_separator_standardized;temperature_numeric_standardized;time_numeric_standardized,,0
102,"3-amino-4,4'-bipyrazole",Bipyrazole,Fe,Fe(NO3)3·9H2O,DMF,Nessuno,120,24,0.2,0.1,2,Solvothermal,1,,numeric_decimal_standardized;salt_hydrate_separator_standardized;temperature_numeric_standardized;time_numeric_standardized,,0
103,"3-amino-4,4'-bipyrazole",Bipyrazole,Fe,FeCl3,DMF,Nessuno,120,24,0.2,0.1,2,Solvothermal,1,,numeric_decimal_standardized;temperature_numeric_standardized;time_numeric_standardized,,0
104,"3-amino-4,4'-bipyrazole",Bipyrazole,Fe,FeCl3,DMF,Acido acetico,120,24,0.2,0.1,2,Solvothermal,1,,additive_canonicalized;numeric_decimal_standardized;temperature_numeric_standardized;time_numeric_standardized;exact_duplicate_candidate,DUP_003,0
105,"3-amino-4,4'-bipyrazole",Bipyrazole,Fe,FeCl3,DMF,Acido acetico,120,24,0.2,0.1,2,Solvothermal,1,,additive_canonicalized;numeric_decimal_standardized;temperature_numeric_standardized;time_numeric_standardized;exact_duplicate_candidate,DUP_003,0
106,"3-amino-4,4'-bipyrazole",Bipyrazole,Fe,FeCl3,DMF/H2O,Acido acetico,100,24,0.2,0.1,2,Solvothermal,1,,additive_canonicalized;numeric_decimal_standardized;solvent_canonicalized;temperature_numeric_standardized;time_numeric_standardized,,0
107,"3-amino-4,4'-bipyrazole",Bipyrazole,Fe,FeCl3,DMF/H2O,Acido acetico,110,72,0.2,0.2,1,Solvothermal,1,,additive_canonicalized;numeric_decimal_standardized;solvent_canonicalized;temperature_numeric_standardized;time_numeric_standardized,,0
108,"3-amino-4,4'-bipyrazole",Bipyrazole,Mg,Mg(OAc)2·4H2O,H2O,Nessuno,130,48,0.15,0.45,0.33333333,Solvothermal,1,,numeric_decimal_standardized;salt_hydrate_separator_standardized;temperature_numeric_standardized;time_numeric_standardized,,0
109,"3-amino-4,4'-bipyrazole",Bipyrazole,Mn,MnCl2·4H2O,Non specificato,Nessuno,100,24,0.2,0.2,1,Solvothermal,1,,numeric_decimal_standardized;salt_hydrate_separator_standardized;temperature_numeric_standardized;time_numeric_standardized,,0
110,"3-amino-4,4'-bipyrazole",Bipyrazole,Mn,MnCl2·4H2O,Non specificato,Nessuno,100,5,0.2,0.2,1,Solvothermal,1,,numeric_decimal_standardized;salt_hydrate_separator_standardized;temperature_numeric_standardized;time_numeric_standardized,,0
111,"3-amino-4,4'-bipyrazole",Bipyrazole,Mn,Mn(Oac)2·4H2O,Non specificato,Nessuno,130,72,0.2,0.2,1,Solvothermal,1,,numeric_decimal_standardized;salt_hydrate_separator_standardized;temperature_numeric_standardized;time_numeric_standardized,,0
112,"3-amino-4,4'-bipyrazole",Bipyrazole,Mn,MnCl2·4H2O,Non specificato,Nessuno,100,48,0.2,0.2,1,Solvothermal,1,,numeric_decimal_standardized;salt_hydrate_separator_standardized;temperature_numeric_standardized;time_numeric_standardized,,0
113,"3-amino-4,4'-bipyrazole",Bipyrazole,Mn,MnCl2·4H2O,Non specificato,Nessuno,160,48,0.2,0.2,1,Solvothermal,1,,numeric_decimal_standardized;salt_hydrate_separator_standardized;temperature_numeric_standardized;time_numeric_standardized,,0
114,"3-amino-4,4'-bipyrazole",Bipyrazole,Mn,MnCl2·4H2O,Non specificato,Nessuno,160,72,0.2,0.2,1,Solvothermal,1,,numeric_decimal_standardized;salt_hydrate_separator_standardized;temperature_numeric_standardized;time_numeric_standardized,,0
115,"3-amino-4,4'-bipyrazole",Bipyrazole,Mn,Mn(Oac)2·4H2O,Non specificato,Nessuno,160,24,0.2,0.2,1,Solvothermal,1,,numeric_decimal_standardized;salt_hydrate_separator_standardized;temperature_numeric_standardized;time_numeric_standardized,,0
116,"3-amino-4,4'-bipyrazole",Bipyrazole,Mn,Mn(Oac)2·4H2O,DMF,BDC,140,115,0.2,0.2,1,Solvothermal,1,,numeric_decimal_standardized;salt_hydrate_separator_standardized;temperature_numeric_standardized;time_numeric_standardized,,0
117,"3-amino-4,4'-bipyrazole",Bipyrazole,Zr,Zr(OCH3)4,HCl 37%,Nessuno,120,48,0.15,0.15,1,Solvothermal,1,,numeric_decimal_standardized;temperature_numeric_standardized;time_numeric_standardized,,0
118,"3-amino-4,4'-bipyrazole",Bipyrazole,Zr,ZrCl4,HCl 37%,Nessuno,120,48,0.15,0.15,1,Solvothermal,1,,numeric_decimal_standardized;temperature_numeric_standardized;time_numeric_standardized,,0
119,"3-amino-4,4'-bipyrazole",Bipyrazole,Zr,ZrCl4,H2O,Nessuno,100,48,0.2,0.1,2,Solvothermal,1,,numeric_decimal_standardized;temperature_numeric_standardized;time_numeric_standardized,,0
120,"3-amino-4,4'-bipyrazole",Bipyrazole,Zr,ZrCl4,DMF,Nessuno,120,48,0.2,0.1,2,Solvothermal,1,,numeric_decimal_standardized;temperature_numeric_standardized;time_numeric_standardized,,0
121,3-MePz-4-COOH,Pyrazole carbossilati,Al,Al(NO3)3·9H2O,DMF,Nessuno,120,24,0.2,0.2,1,Solvothermal,1,,numeric_decimal_standardized;salt_hydrate_separator_standardized;temperature_numeric_standardized;time_numeric_standardized,,0
122,3-MePz-4-COOH,Pyrazole carbossilati,Cu,Cu(OAc)2·H2O,H2O,Nessuno,120,96,0.2,0.1,2,Solvothermal,2,,numeric_decimal_standardized;salt_hydrate_separator_standardized;temperature_numeric_standardized;time_numeric_standardized,,0
123,3-MePz-4-COOH,Pyrazole carbossilati,Fe,Fe2(SO4)3·xH2O,DMF/EtOH,Nessuno,120,24,0.2,0.1,2,Solvothermal,1,,numeric_decimal_standardized;salt_hydrate_separator_standardized;temperature_numeric_standardized;time_numeric_standardized,,0
124,3-MePz-4-COOH,Pyrazole carbossilati,Fe,FeCl3,DMF/EtOH,Nessuno,120,24,0.2,0.1,2,Solvothermal,1,,numeric_decimal_standardized;temperature_numeric_standardized;time_numeric_standardized,,0
125,3-MePz-4-COOH,Pyrazole carbossilati,Mn,Mn(OAc)2·4H2O,DMF/H2O,Nessuno,120,24,0.2,0.1,2,Solvothermal,2,,numeric_decimal_standardized;salt_hydrate_separator_standardized;temperature_numeric_standardized;time_numeric_standardized,,0
126,3-MePz-4-COOH,Pyrazole carbossilati,Mn,Mn(OAc)2·4H2O,DMF/H2O,Nessuno,120,72,0.2,0.1,2,Solvothermal,2,,numeric_decimal_standardized;salt_hydrate_separator_standardized;temperature_numeric_standardized;time_numeric_standardized,,0
127,3-MePz-4-COOH,Pyrazole carbossilati,Ni,Ni(NO3)2,DMF/H2O,Nessuno,120,72,0.2,0.1,2,Solvothermal,2,,numeric_decimal_standardized;temperature_numeric_standardized;time_numeric_standardized,,0
128,3-MePz-4-COOH,Pyrazole carbossilati,Zr,ZrCl4,MeOH,Nessuno,110,94,0.3,0.3,1,Solvothermal,1,,numeric_decimal_standardized;temperature_numeric_standardized;time_numeric_standardized,,0
129,3-MePz-4-COOH,Pyrazole carbossilati,Zr,ZrCl4,MeOH,Nessuno,100,24,0.3,0.3,1,Solvothermal,1,,numeric_decimal_standardized;temperature_numeric_standardized;time_numeric_standardized,,0
130,3-MePz-4-COOH,Pyrazole carbossilati,Zr,ZrCl4,MeOH,Nessuno,110,24,0.15,0.15,1,Solvothermal,1,,numeric_decimal_standardized;temperature_numeric_standardized;time_numeric_standardized,,0
131,3-MePz-4-COOH,Pyrazole carbossilati,Zr,ZrCl4,DMF/MeOH,Nessuno,110,24,0.15,0.15,1,Solvothermal,1,,numeric_decimal_standardized;temperature_numeric_standardized;time_numeric_standardized,,0
132,3-MePz-4-COOH,Pyrazole carbossilati,Zr,ZrCl4,MeOH,Nessuno,110,72,0.15,0.15,1,Solvothermal,1,,numeric_decimal_standardized;temperature_numeric_standardized;time_numeric_standardized,,0
133,"3-nitro-4,4'-bipyrazole",Bipyrazole,Cd,Cd(NO3)2·4H2O,DMF/EtOH,Nessuno,140,72,0.2,0.1,2,Solvothermal,1,,numeric_decimal_standardized;salt_hydrate_separator_standardized;temperature_numeric_standardized;time_numeric_standardized,,0
134,"3-nitro-4,4'-bipyrazole",Bipyrazole,Cd,Cd(NO3)2·4H2O,DMF,Nessuno,140,72,0.2,0.1,2,Solvothermal,1,,numeric_decimal_standardized;salt_hydrate_separator_standardized;temperature_numeric_standardized;time_numeric_standardized,,0
135,"3-nitro-4,4'-bipyrazole",Bipyrazole,Cd,Cd(NO3)2·4H2O,DMF,Nessuno,140,72,0.6,0.3,2,Solvothermal,1,,numeric_decimal_standardized;salt_hydrate_separator_standardized;temperature_numeric_standardized;time_numeric_standardized,,0
136,"3-nitro-4,4'-bipyrazole",Bipyrazole,Cd,Cd(OAc)2·2H2O,DMF,Nessuno,140,72,0.2,0.1,2,Solvothermal,1,,numeric_decimal_standardized;salt_hydrate_separator_standardized;temperature_numeric_standardized;time_numeric_standardized,,0
137,"3-nitro-4,4'-bipyrazole",Bipyrazole,Cd,Cd(NO3)2·4H2O,DMF,Nessuno,160,24,0.2,0.1,2,Solvothermal,2,,numeric_decimal_standardized;salt_hydrate_separator_standardized;temperature_numeric_standardized;time_numeric_standardized,,0
138,"3-nitro-4,4'-bipyrazole",Bipyrazole,Cd,Cd(NO3)2·4H2O,DMF,Nessuno,160,48,0.1,0.1,1,Solvothermal,1,,numeric_decimal_standardized;salt_hydrate_separator_standardized;temperature_numeric_standardized;time_numeric_standardized,,0
139,"3-nitro-4,4'-bipyrazole",Bipyrazole,Cd,Cd(NO3)2·4H2O,DMF,Nessuno,160,48,0.1,0.2,0.5,Solvothermal,1,,salt_hydrate_separator_standardized;temperature_numeric_standardized;time_numeric_standardized,,0
140,"3-nitro-4,4'-bipyrazole",Bipyrazole,Cd,Cd(NO3)2·4H2O,DMF/H2O,Nessuno,160,72,0.3,0.3,1,Solvothermal,1,,numeric_decimal_standardized;salt_hydrate_separator_standardized;temperature_numeric_standardized;time_numeric_standardized,,0
141,"3-nitro-4,4'-bipyrazole",Bipyrazole,Cd,Cd(NO3)2·4H2O,DMF/H2O,Nessuno,140,120,0.2,0.1,2,Solvothermal,1,,numeric_decimal_standardized;salt_hydrate_separator_standardized;temperature_numeric_standardized;time_numeric_standardized,,0
142,"3,3-dimethyl-4,4'-bipyrazole",Bipyrazole,Ag,AgNO3,DMF,Nessuno,100,48,0.15,0.15,1,Solvothermal,1,,numeric_decimal_standardized;temperature_numeric_standardized;time_numeric_standardized,,0
143,"3,3-dimethyl-4,4'-bipyrazole",Bipyrazole,Ag,AgNO3,DMF,Acido benzoico,100,24,0.15,0.15,1,Solvothermal,1,,numeric_decimal_standardized;temperature_numeric_standardized;time_numeric_standardized,,0
144,"3,3-dimethyl-4,4'-bipyrazole",Bipyrazole,Ag,AgNO3,DMF,Acido acetico,100,24,0.15,0.15,1,Solvothermal,1,,additive_canonicalized;numeric_decimal_standardized;temperature_numeric_standardized;time_numeric_standardized,,0
145,"3,3-dimethyl-4,4'-bipyrazole",Bipyrazole,Ag,AgNO3,DMF,Acido benzoico,100,24,0.3,0.3,1,Solvothermal,1,,numeric_decimal_standardized;temperature_numeric_standardized;time_numeric_standardized,,0
146,"3,3-dimethyl-4,4'-bipyrazole",Bipyrazole,Ag,AgNO3,DMF,Nessuno,100,25,0.3,0.3,1,Solvothermal,1,,numeric_decimal_standardized;temperature_numeric_standardized;time_numeric_standardized,,0
147,"3,3-dimethyl-4,4'-bipyrazole",Bipyrazole,Ag,AgNO3,DMF,Nessuno,100,48,0.9,0.9,1,Solvothermal,2,,numeric_decimal_standardized;temperature_numeric_standardized;time_numeric_standardized,,0
148,"3,3-dimethyl-4,4'-bipyrazole",Bipyrazole,Cd,Cd(NO3)2·4H2O,DMF,Nessuno,140,48,0.2,0.1,2,Solvothermal,1,,numeric_decimal_standardized;salt_hydrate_separator_standardized;temperature_numeric_standardized;time_numeric_standardized,,0
149,"3,3-dimethyl-4,4'-bipyrazole",Bipyrazole,Cd,Cd(NO3)2·4H2O,DMF,Nessuno,140,120,1.2,0.6,2,Solvothermal,2,,numeric_decimal_standardized;salt_hydrate_separator_standardized;temperature_numeric_standardized;time_numeric_standardized;exact_duplicate_candidate,DUP_004,0
150,"3,3-dimethyl-4,4'-bipyrazole",Bipyrazole,Cd,Cd(NO3)2·4H2O,DMF,Nessuno,140,120,1.2,0.6,2,Solvothermal,2,,numeric_decimal_standardized;salt_hydrate_separator_standardized;temperature_numeric_standardized;time_numeric_standardized;exact_duplicate_candidate,DUP_004,0
151,"3,3-dimethyl-4,4'-bipyrazole",Bipyrazole,Cd,Cd(NO3)2·4H2O,DMF,Nessuno,140,48,1,0.5,2,Solvothermal,1,,numeric_decimal_standardized;salt_hydrate_separator_standardized;temperature_numeric_standardized;time_numeric_standardized,,0
152,"3,3-dimethyl-4,4'-bipyrazole",Bipyrazole,Cd,Cd(NO3)2·4H2O,DMF/H2O,Nessuno,120,48,0.1,0.1,1,Solvothermal,1,,numeric_decimal_standardized;salt_hydrate_separator_standardized;temperature_numeric_standardized;time_numeric_standardized,,0
153,"3,3-dimethyl-4,4'-bipyrazole",Bipyrazole,Cd,Cd(NO3)2·4H2O,DMF,Nessuno,120,48,0.15,0.15,1,Solvothermal,1,,numeric_decimal_standardized;salt_hydrate_separator_standardized;temperature_numeric_standardized;time_numeric_standardized,,0
154,"3,3-dimethyl-4,4'-bipyrazole",Bipyrazole,Cd,Cd(OAc)2·2H2O,DMF,Nessuno,120,48,0.15,0.15,1,Solvothermal,1,,numeric_decimal_standardized;salt_hydrate_separator_standardized;temperature_numeric_standardized;time_numeric_standardized,,0
155,"3,3-dimethyl-4,4'-bipyrazole",Bipyrazole,Fe,Fe(NO)3·9H2O,DMF,Nessuno,90,24,0.2,0.2,1,Solvothermal,1,,numeric_decimal_standardized;salt_hydrate_separator_standardized;temperature_numeric_standardized;time_numeric_standardized,,0
156,"3,3-dimethyl-4,4'-bipyrazole",Bipyrazole,Fe,FeCl3,DMF,Nessuno,90,24,0.2,0.2,1,Solvothermal,1,,numeric_decimal_standardized;temperature_numeric_standardized;time_numeric_standardized,,0
157,"3,3-dimethyl-4,4'-bipyrazole",Bipyrazole,Fe,FeCl3·6H2O,DMF,Nessuno,110,48,0.2,0.1,2,Solvothermal,1,,numeric_decimal_standardized;salt_hydrate_separator_standardized;temperature_numeric_standardized;time_numeric_standardized,,0
158,"3,3-dimethyl-4,4'-bipyrazole",Bipyrazole,Mn,Mn(NO3)2·xH2O,DMF,Nessuno,110,48,0.2,0.1,2,Solvothermal,1,,numeric_decimal_standardized;temperature_numeric_standardized;time_numeric_standardized,,0
159,"3,3-dimethyl-4,4'-bipyrazole",Bipyrazole,Ti,Ti(OEt)4,DMF,Nessuno,110,48,0.2,0.1,2,Solvothermal,1,,numeric_decimal_standardized;temperature_numeric_standardized;time_numeric_standardized,,0
160,"3,3-dimethyl-4,4'-bipyrazole",Bipyrazole,Zr,ZrCl4,DMF,Nessuno,110,48,0.2,0.1,2,Solvothermal,1,,numeric_decimal_standardized;temperature_numeric_standardized;time_numeric_standardized,,0
161,"3,3'-dinitro-4,4'-bipyrazole",Bipyrazole,Cd,Cd(NO3)2·4H2O,DMF,Nessuno,150,24,0.1,0.1,1,Solvothermal,2,,numeric_decimal_standardized;salt_hydrate_separator_standardized;temperature_numeric_standardized;time_numeric_standardized,,0
162,"3,3'-dinitro-4,4'-bipyrazole",Bipyrazole,Cd,Cd(NO3)2·4H2O,DMF,Nessuno,150,24,0.1,0.2,0.5,Solvothermal,1,,salt_hydrate_separator_standardized;temperature_numeric_standardized;time_numeric_standardized,,0
163,"3,3'-dinitro-4,4'-bipyrazole",Bipyrazole,Cd,Cd(NO3)2·4H2O,DMF/H2O,Nessuno,160,48,0.2,0.1,2,Solvothermal,0,,numeric_decimal_standardized;salt_hydrate_separator_standardized;solvent_canonicalized;temperature_numeric_standardized;time_numeric_standardized,,0
164,"3,3'-dinitro-4,4'-bipyrazole",Bipyrazole,Co,Co(OAc)2·4H2O,DMF/H2O,Nessuno,160,48,0.2,0.1,2,Solvothermal,2,,numeric_decimal_standardized;salt_hydrate_separator_standardized;solvent_canonicalized;temperature_numeric_standardized;time_numeric_standardized,,0
165,"3,3'-dinitro-4,4'-bipyrazole",Bipyrazole,Co,Cd(OAc)2·4H2O,DMF/H2O,Nessuno,160,24,0.2,0.2,1,Solvothermal,1,,numeric_decimal_standardized;salt_hydrate_separator_standardized;solvent_canonicalized;temperature_numeric_standardized;time_numeric_standardized,,0
166,"3,3'-dinitro-4,4'-bipyrazole",Bipyrazole,Co,Co(NO3)2·6H2O,DMF/H2O,Nessuno,120,24,0.1,0.1,1,Solvothermal,1,,numeric_decimal_standardized;salt_hydrate_separator_standardized;solvent_canonicalized;temperature_numeric_standardized;time_numeric_standardized,,0
167,"3,3'-dinitro-4,4'-bipyrazole",Bipyrazole,Co,Co(NO3)2·6H2O,DMF/H2O,Nessuno,150,48,0.1,0.1,1,Solvothermal,1,,numeric_decimal_standardized;salt_hydrate_separator_standardized;solvent_canonicalized;temperature_numeric_standardized;time_numeric_standardized,,0
168,"3,3'-dinitro-4,4'-bipyrazole",Bipyrazole,Co,Cd(OAc)2·4H2O,DMF/H2O,Nessuno,160,24,0.1,0.2,0.5,Solvothermal,1,,salt_hydrate_separator_standardized;solvent_canonicalized;temperature_numeric_standardized;time_numeric_standardized,,0
169,"3,3'-dinitro-4,4'-bipyrazole",Bipyrazole,Co,Co(NO3)2·6H2O,DMF,Nessuno,160,6,0.2,0.1,2,Solvothermal,2,,numeric_decimal_standardized;salt_hydrate_separator_standardized;temperature_numeric_standardized;time_numeric_standardized,,0
170,"3,3'-dinitro-4,4'-bipyrazole",Bipyrazole,Cu,Cu(NO3)2·3H2O,DMF/H2O,Nessuno,160,48,0.2,0.1,2,Solvothermal,2,,numeric_decimal_standardized;salt_hydrate_separator_standardized;solvent_canonicalized;temperature_numeric_standardized;time_numeric_standardized,,0
171,"3,3'-dinitro-4,4'-bipyrazole",Bipyrazole,Cu,Cu(NO3)2·3H2O,DMF/H2O,Nessuno,160,24,0.2,0.2,1,Solvothermal,1,,numeric_decimal_standardized;salt_hydrate_separator_standardized;solvent_canonicalized;temperature_numeric_standardized;time_numeric_standardized,,0
172,"3,3'-dinitro-4,4'-bipyrazole",Bipyrazole,Cu,Cu(NO3)2·3H2O,DMF/H2O,Nessuno,160,48,0.1,0.2,0.5,Solvothermal,1,,salt_hydrate_separator_standardized;solvent_canonicalized;temperature_numeric_standardized;time_numeric_standardized,,0
173,"3,3'-dinitro-4,4'-bipyrazole",Bipyrazole,Cu,Cu(OAc)2·H2O,DMF/H2O,Nessuno,120,24,0.1,0.1,1,Solvothermal,1,,numeric_decimal_standardized;salt_hydrate_separator_standardized;solvent_canonicalized;temperature_numeric_standardized;time_numeric_standardized,,0
174,"3,3'-dinitro-4,4'-bipyrazole",Bipyrazole,Cu,Cu(OAc)2·H2O,DMF/H2O,Nessuno,150,48,0.1,0.1,1,Solvothermal,1,,numeric_decimal_standardized;salt_hydrate_separator_standardized;solvent_canonicalized;temperature_numeric_standardized;time_numeric_standardized,,0
175,"3,3'-dinitro-4,4'-bipyrazole",Bipyrazole,Cu,Cu(NO3)2·3H2O,DMF,Nessuno,160,6,0.2,0.1,2,Solvothermal,2,,numeric_decimal_standardized;salt_hydrate_separator_standardized;temperature_numeric_standardized;time_numeric_standardized,,0
176,"3,3'-dinitro-4,4'-bipyrazole",Bipyrazole,Ni,Ni(OAc)2·4H2O,MeCN,Nessuno,120,6,0.2,0.2,1,Solvothermal,1,,numeric_decimal_standardized;salt_hydrate_separator_standardized;solvent_canonicalized;temperature_numeric_standardized;time_numeric_standardized,,0
177,"3,3'-dinitro-4,4'-bipyrazole",Bipyrazole,Zn,Zn(NO3)2·6H2O,DMF/H2O,Nessuno,160,48,0.2,0.1,2,Solvothermal,2,,numeric_decimal_standardized;salt_hydrate_separator_standardized;solvent_canonicalized;temperature_numeric_standardized;time_numeric_standardized,,0
178,"3,3'-dinitro-4,4'-bipyrazole",Bipyrazole,Zn,Zn(NO3)2·6H2O,DMF/H2O,Nessuno,160,24,0.2,0.2,1,Solvothermal,1,,numeric_decimal_standardized;salt_hydrate_separator_standardized;solvent_canonicalized;temperature_numeric_standardized;time_numeric_standardized,,0
179,"3,3'-dinitro-4,4'-bipyrazole",Bipyrazole,Zn,Zn(OAc)2·2H2O,DMF/H2O,Nessuno,120,24,0.1,0.1,1,Solvothermal,1,,numeric_decimal_standardized;salt_hydrate_separator_standardized;solvent_canonicalized;temperature_numeric_standardized;time_numeric_standardized,,0
180,"3,3'-dinitro-4,4'-bipyrazole",Bipyrazole,Zn,Zn(OAc)2·2H2O,DMF/H2O,Nessuno,150,48,0.1,0.1,1,Solvothermal,1,,numeric_decimal_standardized;salt_hydrate_separator_standardized;solvent_canonicalized;temperature_numeric_standardized;time_numeric_standardized,,0
181,"3,3'-dinitro-4,4'-bipyrazole",Bipyrazole,Zn,Zn(NO3)2·6H2O,DMF/H2O,Nessuno,160,24,0.1,0.2,0.5,Solvothermal,2,,salt_hydrate_separator_standardized;solvent_canonicalized;temperature_numeric_standardized;time_numeric_standardized,,0
182,"3,3'-dinitro-4,4'-bipyrazole",Bipyrazole,Zn,Zn(NO3)2·6H2O,DMF,Nessuno,160,6,0.2,0.1,2,Solvothermal,2,,numeric_decimal_standardized;salt_hydrate_separator_standardized;temperature_numeric_standardized;time_numeric_standardized,,0
183,"3,3'-dinitro-4,4'-bipyrazole",Bipyrazole,Zr,ZrCl4,DMF,Nessuno,120,48,0.1,0.1,1,Solvothermal,1,,numeric_decimal_standardized;temperature_numeric_standardized;time_numeric_standardized,,0
184,"3,3'-dinitro-4,4'-bipyrazole",Bipyrazole,Zr,ZrCl4,DMF,H2O-Et3N,120,48,0.1,0.1,1,Solvothermal,1,,numeric_decimal_standardized;temperature_numeric_standardized;time_numeric_standardized,,0
185,"3,5-diamino-4,4'-bipyrazole",Bipyrazole,Ag,AgNO3,DMF,Nessuno,100,1.5,0.15,0.15,1,Solvothermal,1,,numeric_decimal_standardized;temperature_numeric_standardized,,0
186,"3,5-diamino-4,4'-bipyrazole",Bipyrazole,Ag,AgNO3,DMF/MeCN,Nessuno,100,0.45,0.15,0.15,1,Solvothermal,1,,numeric_decimal_standardized;temperature_numeric_standardized,,0
187,"3,5-diamino-4,4'-bipyrazole",Bipyrazole,Ag,AgNO3,DMF/MeCN,Nessuno,100,1,0.15,0.15,1,Solvothermal,1,,numeric_decimal_standardized;temperature_numeric_standardized;time_numeric_standardized,,0
188,"3,5-diamino-4,4'-bipyrazole",Bipyrazole,Ag,AgNO3,DMF/MeCN,Nessuno,80,24,0.15,0.15,1,Solvothermal,1,,numeric_decimal_standardized;temperature_numeric_standardized;time_numeric_standardized,,0
189,"3,5-diamino-4,4'-bipyrazole",Bipyrazole,Ag,Ag2O,MeOH/NH3,Nessuno,120,115,0.15,0.15,1,Solvothermal,1,,numeric_decimal_standardized;temperature_numeric_standardized;time_numeric_standardized,,0
190,"3,5-diamino-4,4'-bipyrazole",Bipyrazole,Ag,AgNO3,MeOH,Nessuno,120,24,0.2,0.2,1,Solvothermal,1,,numeric_decimal_standardized;temperature_numeric_standardized;time_numeric_standardized,,0
191,"3,5-diamino-4,4'-bipyrazole",Bipyrazole,Ag,AgNO3,DMF/MeOH,Nessuno,120,24,0.2,0.2,1,Solvothermal,1,,numeric_decimal_standardized;temperature_numeric_standardized;time_numeric_standardized,,0
192,"3,5-diamino-4,4'-bipyrazole",Bipyrazole,Al,Al(NO3)3∙9H2O,DMF,Nessuno,140,24,0.2,0.2,1,Solvothermal,1,,numeric_decimal_standardized;temperature_numeric_standardized;time_numeric_standardized,,0
193,"3,5-diamino-4,4'-bipyrazole",Bipyrazole,Cd,Cd(NO3)2·4H2O,DMF/H2O,Nessuno,160,72,0.3,0.3,1,Solvothermal,1,,numeric_decimal_standardized;salt_hydrate_separator_standardized;temperature_numeric_standardized;time_numeric_standardized,,0
194,"3,5-diamino-4,4'-bipyrazole",Bipyrazole,Cd,Cd(NO3)2·4H2O,DMF,Nessuno,140,72,0.2,0.1,2,Solvothermal,1,,numeric_decimal_standardized;salt_hydrate_separator_standardized;temperature_numeric_standardized;time_numeric_standardized,,0
195,"3,5-diamino-4,4'-bipyrazole",Bipyrazole,Cd,Cd(NO3)2·4H2O,DMF,Nessuno,140,72,0.48,0.2,2.4,Solvothermal,2,,salt_hydrate_separator_standardized;temperature_numeric_standardized;time_numeric_standardized,,0
196,"3,5-diamino-4,4'-bipyrazole",Bipyrazole,Cd,Cd(NO3)2·4H2O,DMF,Nessuno,140,48,1,0.5,2,Solvothermal,1,,numeric_decimal_standardized;salt_hydrate_separator_standardized;temperature_numeric_standardized;time_numeric_standardized,,0
197,"3,5-diamino-4,4'-bipyrazole",Bipyrazole,Cd,Cd(OAc)2·2H2O,DMF/H2O,Nessuno,140,48,0.2,0.1,2,Solvothermal,1,,numeric_decimal_standardized;salt_hydrate_separator_standardized;temperature_numeric_standardized;time_numeric_standardized,,0
198,"3,5-diamino-4,4'-bipyrazole",Bipyrazole,Cd,Cd(NO3)2·4H2O,DMF/H2O,Nessuno,140,120,0.2,0.1,2,Solvothermal,1,,numeric_decimal_standardized;salt_hydrate_separator_standardized;temperature_numeric_standardized;time_numeric_standardized,,0
199,"3,5-diamino-4,4'-bipyrazole",Bipyrazole,Co,Co(OAc)2·4H2O,ButOH,Nessuno,130,48,0.2,0.2,1,Solvothermal,1,,numeric_decimal_standardized;salt_hydrate_separator_standardized;temperature_numeric_standardized;time_numeric_standardized,,0
200,"3,5-diamino-4,4'-bipyrazole",Bipyrazole,Co,Co(OAc)2·4H2O,ButOH,Nessuno,110,72,0.2,0.2,1,Solvothermal,1,,numeric_decimal_standardized;salt_hydrate_separator_standardized;temperature_numeric_standardized;time_numeric_standardized,,0
201,"3,5-diamino-4,4'-bipyrazole",Bipyrazole,Co,Co(OAc)2·4H2O,DMF,Nessuno,120,3,0.5,0.5,1,Solvothermal,1,,numeric_decimal_standardized;salt_hydrate_separator_standardized;temperature_numeric_standardized;time_numeric_standardized,,0
202,"3,5-diamino-4,4'-bipyrazole",Bipyrazole,Co,Co(OAc)2·4H2O,DMF,Nessuno,120,24,0.2,0.2,1,Solvothermal,1,,numeric_decimal_standardized;salt_hydrate_separator_standardized;temperature_numeric_standardized;time_numeric_standardized;exact_duplicate_candidate,DUP_005,0
203,"3,5-diamino-4,4'-bipyrazole",Bipyrazole,Co,Co(OAc)2·4H2O,EtOH,Nessuno,70,72,0.2,0.2,1,Solvothermal,1,,numeric_decimal_standardized;salt_hydrate_separator_standardized;temperature_numeric_standardized;time_numeric_standardized,,0
204,"3,5-diamino-4,4'-bipyrazole",Bipyrazole,Co,Co(OAc)2·4H2O,NH3 28%,Nessuno,70,24,0.2,0.2,1,Solvothermal,1,,numeric_decimal_standardized;salt_hydrate_separator_standardized;temperature_numeric_standardized;time_numeric_standardized,,0
205,"3,5-diamino-4,4'-bipyrazole",Bipyrazole,Co,Co(OAc)2·4H2O,DMF,Nessuno,160,24,0.2,0.2,1,Solvothermal,1,,numeric_decimal_standardized;salt_hydrate_separator_standardized;temperature_numeric_standardized;time_numeric_standardized;exact_duplicate_candidate,DUP_006,0
206,"3,5-diamino-4,4'-bipyrazole",Bipyrazole,Co,Co(NO3)2·6H2O,DMF,Nessuno,160,24,0.2,0.2,1,Solvothermal,1,,numeric_decimal_standardized;salt_hydrate_separator_standardized;temperature_numeric_standardized;time_numeric_standardized;exact_duplicate_candidate,DUP_007,0
207,"3,5-diamino-4,4'-bipyrazole",Bipyrazole,Co,Co(OAc)2·4H2O,DMF,Nessuno,120,24,0.2,0.2,1,Solvothermal,1,,numeric_decimal_standardized;salt_hydrate_separator_standardized;temperature_numeric_standardized;time_numeric_standardized;exact_duplicate_candidate,DUP_005,0
208,"3,5-diamino-4,4'-bipyrazole",Bipyrazole,Co,Co(OAc)2·4H2O,NH3 30%,Nessuno,140,24,0.2,0.2,1,Solvothermal,1,,numeric_decimal_standardized;salt_hydrate_separator_standardized;temperature_numeric_standardized;time_numeric_standardized,,0
209,"3,5-diamino-4,4'-bipyrazole",Bipyrazole,Co,Co(OAc)2·4H2O,DMF,BDC,160,48,0.2,0.2,1,Solvothermal,1,,numeric_decimal_standardized;salt_hydrate_separator_standardized;temperature_numeric_standardized;time_numeric_standardized,,0
210,"3,5-diamino-4,4'-bipyrazole",Bipyrazole,Co,Co(OAc)2·4H2O,DMF/H2O,BDC,160,48,0.2,0.2,1,Solvothermal,1,,numeric_decimal_standardized;salt_hydrate_separator_standardized;temperature_numeric_standardized;time_numeric_standardized,,0
211,"3,5-diamino-4,4'-bipyrazole",Bipyrazole,Co,Co(OAc)2·4H2O,DMF,Nessuno,200,144,0.2,0.2,1,Solvothermal,1,,numeric_decimal_standardized;salt_hydrate_separator_standardized;temperature_numeric_standardized;time_numeric_standardized,,0
212,"3,5-diamino-4,4'-bipyrazole",Bipyrazole,Co,Co(OAc)2·4H2O,DMF/H2O,Nessuno,160,72,0.2,0.2,1,Solvothermal,1,,numeric_decimal_standardized;salt_hydrate_separator_standardized;temperature_numeric_standardized;time_numeric_standardized,,0
213,"3,5-diamino-4,4'-bipyrazole",Bipyrazole,Co,Co(OAc)2·4H2O,DMF,Nessuno,160,72,0.2,0.2,1,Solvothermal,1,,numeric_decimal_standardized;salt_hydrate_separator_standardized;temperature_numeric_standardized;time_numeric_standardized,,0
214,"3,5-diamino-4,4'-bipyrazole",Bipyrazole,Co,Co(NO3)2·6H2O,DMF/H2O,Nessuno,160,72,0.2,0.2,1,Solvothermal,1,,numeric_decimal_standardized;salt_hydrate_separator_standardized;temperature_numeric_standardized;time_numeric_standardized;exact_duplicate_candidate,DUP_008,0
215,"3,5-diamino-4,4'-bipyrazole",Bipyrazole,Co,Co(NO3)2·6H2O,DMF/H2O,Nessuno,160,120,0.06091321,0.03435954,1.77281809,Solvothermal,1,,numeric_decimal_standardized;salt_hydrate_separator_standardized;temperature_numeric_standardized;time_numeric_standardized;exact_duplicate_candidate,DUP_009,0
216,"3,5-diamino-4,4'-bipyrazole",Bipyrazole,Co,Co(NO3)2·6H2O,DMF/H2O,Nessuno,160,72,1.2,0.6,2,Solvothermal,1,,numeric_decimal_standardized;salt_hydrate_separator_standardized;temperature_numeric_standardized;time_numeric_standardized,,0
217,"3,5-diamino-4,4'-bipyrazole",Bipyrazole,Co,Co(NO3)2·6H2O,DMF/H2O,Nessuno,160,72,1.5,1.5,1,Solvothermal,1,,numeric_decimal_standardized;salt_hydrate_separator_standardized;temperature_numeric_standardized;time_numeric_standardized,,0
218,"3,5-diamino-4,4'-bipyrazole",Bipyrazole,Co,Co(NO3)2·6H2O,DMF/H2O,Nessuno,160,24,0.1,0.05,2,Solvothermal,1,,numeric_decimal_standardized;salt_hydrate_separator_standardized;temperature_numeric_standardized;time_numeric_standardized;exact_duplicate_candidate,DUP_010,0
219,"3,5-diamino-4,4'-bipyrazole",Bipyrazole,Co,Co(NO3)2·6H2O,DMF/EtOH,Nessuno,160,24,0.1,0.05,2,Solvothermal,1,,numeric_decimal_standardized;salt_hydrate_separator_standardized;temperature_numeric_standardized;time_numeric_standardized,,0
220,"3,5-diamino-4,4'-bipyrazole",Bipyrazole,Co,Co(NO3)2·6H2O,DMF/H2O,Nessuno,160,24,0.1,0.05,2,Solvothermal,1,,numeric_decimal_standardized;salt_hydrate_separator_standardized;temperature_numeric_standardized;time_numeric_standardized;exact_duplicate_candidate,DUP_010,0
221,"3,5-diamino-4,4'-bipyrazole",Bipyrazole,Co,Co(NO3)2·6H2O,DMF/EtOH,Nessuno,160,16,0.2,0.1,2,Solvothermal,1,,numeric_decimal_standardized;salt_hydrate_separator_standardized;temperature_numeric_standardized;time_numeric_standardized,,0
222,"3,5-diamino-4,4'-bipyrazole",Bipyrazole,Co,Co(NO3)2·6H2O,DMF/MeOH,Nessuno,160,24,0.1,0.05,2,Solvothermal,1,,numeric_decimal_standardized;salt_hydrate_separator_standardized;temperature_numeric_standardized;time_numeric_standardized,,0
223,"3,5-diamino-4,4'-bipyrazole",Bipyrazole,Co,Co(NO3)2·6H2O,MeOH,Nessuno,120,72,0.1,0.1,1,Solvothermal,0,,numeric_decimal_standardized;salt_hydrate_separator_standardized;temperature_numeric_standardized;time_numeric_standardized,,0
224,"3,5-diamino-4,4'-bipyrazole",Bipyrazole,Co,Co(NO3)2·6H2O,DMF/H2O,Nessuno,150,72,0.05,0.05,1,Solvothermal,2,,numeric_decimal_standardized;salt_hydrate_separator_standardized;temperature_numeric_standardized;time_numeric_standardized,,0
225,"3,5-diamino-4,4'-bipyrazole",Bipyrazole,Co,Co(OAc)2·4H2O,DMF,Nessuno,110,48,0.2,0.2,1,Solvothermal,1,,numeric_decimal_standardized;salt_hydrate_separator_standardized;temperature_numeric_standardized;time_numeric_standardized,,0
226,"3,5-diamino-4,4'-bipyrazole",Bipyrazole,Co,Co(OAc)2·4H2O,DMF/H2O,Nessuno,120,24,0.2,0.2,1,Solvothermal,1,,numeric_decimal_standardized;salt_hydrate_separator_standardized;temperature_numeric_standardized;time_numeric_standardized,,0
227,"3,5-diamino-4,4'-bipyrazole",Bipyrazole,Co,Co(OAc)2·4H2O,DMF,Nessuno,160,24,0.2,0.2,1,Solvothermal,1,,numeric_decimal_standardized;salt_hydrate_separator_standardized;temperature_numeric_standardized;time_numeric_standardized;exact_duplicate_candidate,DUP_006,0
228,"3,5-diamino-4,4'-bipyrazole",Bipyrazole,Co,Co(NO3)2·6H2O,DMF,Nessuno,160,24,0.2,0.2,1,Solvothermal,1,,numeric_decimal_standardized;salt_hydrate_separator_standardized;temperature_numeric_standardized;time_numeric_standardized;exact_duplicate_candidate,DUP_007,0
229,"3,5-diamino-4,4'-bipyrazole",Bipyrazole,Co,Co(OAc)2·4H2O,DMF,Nessuno,160,24,0.2,0.4,0.5,Solvothermal,1,,salt_hydrate_separator_standardized;temperature_numeric_standardized;time_numeric_standardized,,0
230,"3,5-diamino-4,4'-bipyrazole",Bipyrazole,Co,Co(NO3)2·6H2O,DMF/MeOH,Nessuno,160,24,0.2,0.2,1,Solvothermal,1,,numeric_decimal_standardized;salt_hydrate_separator_standardized;solvent_canonicalized;temperature_numeric_standardized;time_numeric_standardized,,0
231,"3,5-diamino-4,4'-bipyrazole",Bipyrazole,Co,Co(OAc)2·4H2O,DMF/MeOH,Nessuno,160,24,0.2,0.2,1,Solvothermal,1,,numeric_decimal_standardized;salt_hydrate_separator_standardized;solvent_canonicalized;temperature_numeric_standardized;time_numeric_standardized,,0
232,"3,5-diamino-4,4'-bipyrazole",Bipyrazole,Co,Co(NO3)2·6H2O,DMF/H2O,Nessuno,160,95,0.06091321,0.03435954,1.77281809,Solvothermal,1,,numeric_decimal_standardized;salt_hydrate_separator_standardized;temperature_numeric_standardized;time_numeric_standardized,,0
233,"3,5-diamino-4,4'-bipyrazole",Bipyrazole,Co,Co(NO3)2·6H2O,DMF/H2O,Nessuno,160,24,0.1218,0.0687,1.77292576,Solvothermal,1,,numeric_decimal_standardized;salt_hydrate_separator_standardized;temperature_numeric_standardized;time_numeric_standardized,,0
234,"3,5-diamino-4,4'-bipyrazole",Bipyrazole,Co,Co(NO3)2·6H2O,DMF/H2O,Nessuno,160,24,1.2,1.2,1,Solvothermal,1,,numeric_decimal_standardized;salt_hydrate_separator_standardized;temperature_numeric_standardized;time_numeric_standardized;exact_duplicate_candidate,DUP_011,0
235,"3,5-diamino-4,4'-bipyrazole",Bipyrazole,Co,Co(NO3)2·6H2O,DMF/H2O,Nessuno,160,24,1.3,1.3,1,Solvothermal,1,,numeric_decimal_standardized;salt_hydrate_separator_standardized;temperature_numeric_standardized;time_numeric_standardized,,0
236,"3,5-diamino-4,4'-bipyrazole",Bipyrazole,Co,Co(NO3)2·6H2O,DMF/H2O,Nessuno,160,72,0.2,0.2,1,Solvothermal,1,,numeric_decimal_standardized;salt_hydrate_separator_standardized;temperature_numeric_standardized;time_numeric_standardized;exact_duplicate_candidate,DUP_008,0
237,"3,5-diamino-4,4'-bipyrazole",Bipyrazole,Co,Co(NO3)2·6H2O,DMF/H2O,Nessuno,160,24,0.2,0.2,1,Solvothermal,1,,numeric_decimal_standardized;salt_hydrate_separator_standardized;temperature_numeric_standardized;time_numeric_standardized;exact_duplicate_candidate,DUP_012,0
238,"3,5-diamino-4,4'-bipyrazole",Bipyrazole,Co,Co(NO3)2·6H2O,DMF/H2O,Nessuno,160,24,0.2,0.2,1,Solvothermal,1,,numeric_decimal_standardized;salt_hydrate_separator_standardized;temperature_numeric_standardized;time_numeric_standardized;exact_duplicate_candidate,DUP_012,0
239,"3,5-diamino-4,4'-bipyrazole",Bipyrazole,Co,Co(NO3)2·6H2O,DMF/H2O,Nessuno,160,120,0.06091321,0.03435954,1.77281809,Solvothermal,1,,numeric_decimal_standardized;salt_hydrate_separator_standardized;temperature_numeric_standardized;time_numeric_standardized;exact_duplicate_candidate,DUP_009,0
240,"3,5-diamino-4,4'-bipyrazole",Bipyrazole,Co,Co(NO3)2·6H2O,DMF/MeCN/ButOH,Nessuno,160,48,0.06091321,0.03435954,1.77281809,Solvothermal,1,,numeric_decimal_standardized;salt_hydrate_separator_standardized;solvent_canonicalized;temperature_numeric_standardized;time_numeric_standardized,,0
241,"3,5-diamino-4,4'-bipyrazole",Bipyrazole,Co,Co(NO3)2·6H2O,DMF/H2O,Nessuno,160,100,0.1827,0.1029,1.7755102,Solvothermal,1,,numeric_decimal_standardized;salt_hydrate_separator_standardized;temperature_numeric_standardized;time_numeric_standardized,,0
242,"3,5-diamino-4,4'-bipyrazole",Bipyrazole,Co,Co(NO3)2·6H2O,DMF/H2O,Nessuno,160,24,1.2,1.2,1,Solvothermal,1,,numeric_decimal_standardized;salt_hydrate_separator_standardized;temperature_numeric_standardized;time_numeric_standardized;exact_duplicate_candidate,DUP_011,0
243,"3,5-diamino-4,4'-bipyrazole",Bipyrazole,Co,Co(NO3)2·6H2O,DMF/H2O,Nessuno,160,24,1.2,0.6,2,Solvothermal,1,,numeric_decimal_standardized;salt_hydrate_separator_standardized;temperature_numeric_standardized;time_numeric_standardized,,0
244,"3,5-diamino-4,4'-bipyrazole",Bipyrazole,Co,Co(NO3)2·6H2O,DMF,Nessuno,160,24,0.2,0.4,0.5,Solvothermal,1,,salt_hydrate_separator_standardized;temperature_numeric_standardized;time_numeric_standardized,,0
245,"3,5-diamino-4,4'-bipyrazole",Bipyrazole,Co,Co(OAc)2·4H2O,Non specificato,Nessuno,120,60,0.25,0.4,0.625,Solvothermal,1,,salt_hydrate_separator_standardized;temperature_numeric_standardized;time_numeric_standardized,,0
246,"3,5-diamino-4,4'-bipyrazole",Bipyrazole,Cu,Cu(OAc)2·H2O,DMF,Nessuno,120,24,0.2,0.2,1,Solvothermal,1,,numeric_decimal_standardized;salt_hydrate_separator_standardized;temperature_numeric_standardized;time_numeric_standardized;exact_duplicate_candidate,DUP_013,0
247,"3,5-diamino-4,4'-bipyrazole",Bipyrazole,Cu,Cu(OAc)2·H2O,ButOH,Nessuno,130,48,0.2,0.2,1,Solvothermal,1,,numeric_decimal_standardized;salt_hydrate_separator_standardized;temperature_numeric_standardized;time_numeric_standardized,,0
248,"3,5-diamino-4,4'-bipyrazole",Bipyrazole,Cu,Cu(OAc)2·H2O,ButOH,Nessuno,110,72,0.2,0.2,1,Solvothermal,1,,numeric_decimal_standardized;salt_hydrate_separator_standardized;temperature_numeric_standardized;time_numeric_standardized,,0
249,"3,5-diamino-4,4'-bipyrazole",Bipyrazole,Cu,Cu(OAc)2·H2O,DMF,Nessuno,120,3,0.5,0.5,1,Solvothermal,1,,numeric_decimal_standardized;salt_hydrate_separator_standardized;temperature_numeric_standardized;time_numeric_standardized,,0
250,"3,5-diamino-4,4'-bipyrazole",Bipyrazole,Cu,Cu(OAc)2·H2O,DMF,Nessuno,120,24,0.2,0.2,1,Solvothermal,1,,numeric_decimal_standardized;salt_hydrate_separator_standardized;temperature_numeric_standardized;time_numeric_standardized;exact_duplicate_candidate,DUP_013,0
251,"3,5-diamino-4,4'-bipyrazole",Bipyrazole,Cu,Cu(OAc)2·H2O,EtOH,Nessuno,70,72,0.2,0.2,1,Solvothermal,1,,numeric_decimal_standardized;salt_hydrate_separator_standardized;temperature_numeric_standardized;time_numeric_standardized,,0
252,"3,5-diamino-4,4'-bipyrazole",Bipyrazole,Cu,Cu(OAc)2·H2O,DMF,Nessuno,80,3,0.5,0.5,1,Solvothermal,1,,numeric_decimal_standardized;salt_hydrate_separator_standardized;temperature_numeric_standardized;time_numeric_standardized,,0
253,"3,5-diamino-4,4'-bipyrazole",Bipyrazole,Cu,Cu(OAc)2·H2O,NH3 30%,Nessuno,110,24,0.2,0.5,0.4,Solvothermal,1,,salt_hydrate_separator_standardized;temperature_numeric_standardized;time_numeric_standardized,,0
254,"3,5-diamino-4,4'-bipyrazole",Bipyrazole,Cu,Cu(NO3)2·3H2O,Non specificato,Nessuno,110,24,0.2,0.2,1,Solvothermal,1,,numeric_decimal_standardized;salt_hydrate_separator_standardized;temperature_numeric_standardized;time_numeric_standardized,,0
255,"3,5-diamino-4,4'-bipyrazole",Bipyrazole,Cu,Cu(OAc)2·H2O,DMF,Nessuno,110,48,0.2,0.2,1,Solvothermal,1,,numeric_decimal_standardized;salt_hydrate_separator_standardized;temperature_numeric_standardized;time_numeric_standardized,,0
256,"3,5-diamino-4,4'-bipyrazole",Bipyrazole,Cu,Cu(OAc)2·H2O,DMF/H2O,Nessuno,120,24,0.2,0.2,1,Solvothermal,1,,numeric_decimal_standardized;salt_hydrate_separator_standardized;temperature_numeric_standardized;time_numeric_standardized,,0
257,"3,5-diamino-4,4'-bipyrazole",Bipyrazole,Cu,Cu(NO3)2·3H2O,DMF/H2O,Nessuno,160,24,0.1218,0.0687,1.77292576,Solvothermal,1,,numeric_decimal_standardized;salt_hydrate_separator_standardized;temperature_numeric_standardized;time_numeric_standardized,,0
258,"3,5-diamino-4,4'-bipyrazole",Bipyrazole,Cu,Cu(OAc)2·H2O,DMF/H2O,Nessuno,160,24,0.1218,0.0687,1.77292576,Solvothermal,1,,numeric_decimal_standardized;salt_hydrate_separator_standardized;temperature_numeric_standardized;time_numeric_standardized,,0
259,"3,5-diamino-4,4'-bipyrazole",Bipyrazole,Cu,Cu(NO3)2·3H2O,DMF/H2O,Nessuno,160,24,0.24,0.13,1.84615385,Solvothermal,1,,numeric_decimal_standardized;salt_hydrate_separator_standardized;temperature_numeric_standardized;time_numeric_standardized,,0
260,"3,5-diamino-4,4'-bipyrazole",Bipyrazole,Cu,Cu(OAc)2·H2O,DMF/H2O,Nessuno,100,72,0.24,0.24,1,Solvothermal,1,,numeric_decimal_standardized;salt_hydrate_separator_standardized;temperature_numeric_standardized;time_numeric_standardized,,0
261,"3,5-diamino-4,4'-bipyrazole",Bipyrazole,Cu,Cu(NO3)2·3H2O,DMF/H2O,Nessuno,100,72,0.24,0.24,1,Solvothermal,1,,numeric_decimal_standardized;salt_hydrate_separator_standardized;temperature_numeric_standardized;time_numeric_standardized,,0
262,"3,5-diamino-4,4'-bipyrazole",Bipyrazole,Fe,Fe(NO3)3·9H2O,DMF,Nessuno,120,24,0.2,0.1,2,Solvothermal,1,,numeric_decimal_standardized;salt_hydrate_separator_standardized;temperature_numeric_standardized;time_numeric_standardized,,0
263,"3,5-diamino-4,4'-bipyrazole",Bipyrazole,Fe,FeCl3,DMF,Nessuno,120,24,0.2,0.1,2,Solvothermal,1,,numeric_decimal_standardized;temperature_numeric_standardized;time_numeric_standardized,,0
264,"3,5-diamino-4,4'-bipyrazole",Bipyrazole,Mn,MnCl2·4H2O,Non specificato,Nessuno,100,24,0.2,0.2,1,Solvothermal,1,,numeric_decimal_standardized;salt_hydrate_separator_standardized;temperature_numeric_standardized;time_numeric_standardized,,0
265,"3,5-diamino-4,4'-bipyrazole",Bipyrazole,Ni,Ni(OAc)2·4H2O,ButOH,Nessuno,130,48,0.2,0.2,1,Solvothermal,1,,numeric_decimal_standardized;salt_hydrate_separator_standardized;temperature_numeric_standardized;time_numeric_standardized,,0
266,"3,5-diamino-4,4'-bipyrazole",Bipyrazole,Ni,Ni(OAc)2·4H2O,ButOH,Nessuno,110,72,0.2,0.2,1,Solvothermal,1,,numeric_decimal_standardized;salt_hydrate_separator_standardized;temperature_numeric_standardized;time_numeric_standardized,,0
267,"3,5-diamino-4,4'-bipyrazole",Bipyrazole,Ni,Ni(OAc)2·4H2O,DMF,Nessuno,120,3,0.5,0.5,1,Solvothermal,1,,numeric_decimal_standardized;salt_hydrate_separator_standardized;temperature_numeric_standardized;time_numeric_standardized,,0
268,"3,5-diamino-4,4'-bipyrazole",Bipyrazole,Ni,Ni(OAc)2·4H2O,DMF,Nessuno,120,24,0.2,0.2,1,Solvothermal,1,,numeric_decimal_standardized;salt_hydrate_separator_standardized;temperature_numeric_standardized;time_numeric_standardized;exact_duplicate_candidate,DUP_014,0
269,"3,5-diamino-4,4'-bipyrazole",Bipyrazole,Ni,Ni(OAc)2·4H2O,DMF,Nessuno,120,24,0.2,0.2,1,Solvothermal,1,,numeric_decimal_standardized;salt_hydrate_separator_standardized;temperature_numeric_standardized;time_numeric_standardized;exact_duplicate_candidate,DUP_014,0
270,"3,5-diamino-4,4'-bipyrazole",Bipyrazole,Ni,Ni(OAc)2·4H2O,EtOH,Nessuno,70,72,0.2,0.2,1,Solvothermal,1,,numeric_decimal_standardized;salt_hydrate_separator_standardized;temperature_numeric_standardized;time_numeric_standardized,,0
271,"3,5-diamino-4,4'-bipyrazole",Bipyrazole,Ni,Ni(NO3)2·6H2O,Mesitilene,Nessuno,120,24,0.2,0.2,1,Solvothermal,1,,numeric_decimal_standardized;salt_hydrate_separator_standardized;temperature_numeric_standardized;time_numeric_standardized,,0
272,"3,5-diamino-4,4'-bipyrazole",Bipyrazole,Ni,Ni(NO3)2·6H2O,DMF,Nessuno,160,24,0.2,0.2,1,Solvothermal,1,,numeric_decimal_standardized;salt_hydrate_separator_standardized;temperature_numeric_standardized;time_numeric_standardized,,0
273,"3,5-diamino-4,4'-bipyrazole",Bipyrazole,Ni,Ni(NO3)2·6H2O,DMF,Nessuno,120,24,0.2,0.2,1,Solvothermal,1,,numeric_decimal_standardized;salt_hydrate_separator_standardized;temperature_numeric_standardized;time_numeric_standardized,,0
274,"3,5-diamino-4,4'-bipyrazole",Bipyrazole,Ni,Ni(NO3)2·6H2O,DMF,Nessuno,65,96,0.2,0.2,1,Solvothermal,1,,numeric_decimal_standardized;salt_hydrate_separator_standardized;temperature_numeric_standardized;time_numeric_standardized,,0
275,"3,5-diamino-4,4'-bipyrazole",Bipyrazole,Ni,Ni(OAc)2·4H2O,DMF,Nessuno,110,48,0.2,0.2,1,Solvothermal,1,,numeric_decimal_standardized;salt_hydrate_separator_standardized;temperature_numeric_standardized;time_numeric_standardized,,0
276,"3,5-diamino-4,4'-bipyrazole",Bipyrazole,Ni,Ni(OAc)2·4H2O,DMF/H2O,Nessuno,120,24,0.2,0.2,1,Solvothermal,1,,numeric_decimal_standardized;salt_hydrate_separator_standardized;temperature_numeric_standardized;time_numeric_standardized,,0
277,"3,5-diamino-4,4'-bipyrazole",Bipyrazole,Ni,Ni(NO3)2·6H2O,DMF/H2O,Nessuno,160,24,0.24,0.13,1.84615385,Solvothermal,1,,numeric_decimal_standardized;salt_hydrate_separator_standardized;temperature_numeric_standardized;time_numeric_standardized,,0
278,"3,5-diamino-4,4'-bipyrazole",Bipyrazole,Ni,Ni(OAc)2·4H2O,DMF,Nessuno,140,24,0.2,0.2,1,Solvothermal,1,,numeric_decimal_standardized;salt_hydrate_separator_standardized;temperature_numeric_standardized;time_numeric_standardized,,0
279,"3,5-diamino-4,4'-bipyrazole",Bipyrazole,Ni,Ni(OAc)2·4H2O,DMF,Nessuno,120,72,0.2,0.2,1,Solvothermal,1,,numeric_decimal_standardized;salt_hydrate_separator_standardized;temperature_numeric_standardized;time_numeric_standardized,,0
280,"3,5-diamino-4,4'-bipyrazole",Bipyrazole,Ni,Ni(NO3)2·6H2O,DMF,Nessuno,85,72,0.2,0.2,1,Solvothermal,1,,numeric_decimal_standardized;salt_hydrate_separator_standardized;temperature_numeric_standardized;time_numeric_standardized,,0
281,"3,5-diamino-4,4'-bipyrazole",Bipyrazole,Zn,Zn(NO3)2·6H2O,DMF/H2O,Nessuno,160,24,0.24,0.13,1.84615385,Solvothermal,1,,numeric_decimal_standardized;salt_hydrate_separator_standardized;temperature_numeric_standardized;time_numeric_standardized,,0
282,"3,5-diamino-4,4'-bipyrazole",Bipyrazole,Zn,Zn(OAc)2·2H2O,DMF/H2O,Nessuno,160,72,0.2,0.2,1,Solvothermal,1,,numeric_decimal_standardized;salt_hydrate_separator_standardized;temperature_numeric_standardized;time_numeric_standardized,,0
283,"3,5-diamino-4,4'-bipyrazole",Bipyrazole,Zn,Zn(NO3)2·6H2O,DMF/H2O,Nessuno,160,72,0.2,0.2,1,Solvothermal,1,,numeric_decimal_standardized;salt_hydrate_separator_standardized;temperature_numeric_standardized;time_numeric_standardized,,0
284,"3,5-DiMePz-4-COOH",Pyrazole carbossilati,Cu,Cu(OAc)2·H2O,H2O,Nessuno,120,48,0.2,0.1,2,Solvothermal,2,,numeric_decimal_standardized;salt_hydrate_separator_standardized;temperature_numeric_standardized;time_numeric_standardized,,0
285,"3,5-DiMePz-4-COOH",Pyrazole carbossilati,Cu,Cu(OAc)2·H2O,H2O,Nessuno,120,72,1,0.5,2,Solvothermal,1,,numeric_decimal_standardized;salt_hydrate_separator_standardized;temperature_numeric_standardized;time_numeric_standardized,,0
286,"3,5-DiMePz-4-COOH",Pyrazole carbossilati,Cu,Cu(OAc)2·H2O,EtOH,Nessuno,120,48,0.2,0.1,2,Solvothermal,2,,numeric_decimal_standardized;salt_hydrate_separator_standardized;temperature_numeric_standardized;time_numeric_standardized,,0
287,"3,5-DiMePz-4-COOH",Pyrazole carbossilati,Zn,Zn(OAc)2·2H2O,H2O,Nessuno,120,48,0.2,0.1,2,Solvothermal,1,,numeric_decimal_standardized;salt_hydrate_separator_standardized;temperature_numeric_standardized;time_numeric_standardized,,0
288,"3,5-DiMePz-4-COOH",Pyrazole carbossilati,Zn,Zn(OAc)2·2H2O,EtOH,Nessuno,120,48,0.2,0.1,2,Solvothermal,2,,numeric_decimal_standardized;salt_hydrate_separator_standardized;temperature_numeric_standardized;time_numeric_standardized,,0
289,"3,5-DiMePz-4-COOH",Pyrazole carbossilati,Zn,Zn(OAc)2·2H2O,EtOH,Nessuno,120,72,1,0.5,2,Solvothermal,1,,numeric_decimal_standardized;salt_hydrate_separator_standardized;temperature_numeric_standardized;time_numeric_standardized,,0
290,"3,5-DiMePz-4-COOH",Pyrazole carbossilati,Zr,ZrCl4,MeOH,Nessuno,110,72,0.15,0.15,1,Solvothermal,1,,numeric_decimal_standardized;temperature_numeric_standardized;time_numeric_standardized,,0
291,"3,5-DiMePz-4-COOH",Pyrazole carbossilati,Zr,ZrCl4,MeOH,Nessuno,110,94,0.3,0.3,1,Solvothermal,1,,numeric_decimal_standardized;temperature_numeric_standardized;time_numeric_standardized,,0
292,"3,5-DiMePz-4-COOH",Pyrazole carbossilati,Zr,ZrCl4,MeOH,Nessuno,100,24,0.3,0.3,1,Solvothermal,1,,numeric_decimal_standardized;temperature_numeric_standardized;time_numeric_standardized,,0
293,"3,5-DiMePz-4-COOH",Pyrazole carbossilati,Zr,ZrCl4,MeOH,Nessuno,110,24,0.15,0.15,1,Solvothermal,1,,numeric_decimal_standardized;temperature_numeric_standardized;time_numeric_standardized,,0
294,"3,5-DiMePz-4-COOH",Pyrazole carbossilati,Zr,ZrCl4,MeOH,Nessuno,110,48,0.15,0.15,1,Solvothermal,1,,numeric_decimal_standardized;temperature_numeric_standardized;time_numeric_standardized,,0
295,"3,5-DiMePz-4-COOH",Pyrazole carbossilati,Zr,Zr(OCH3)4,MeOH,Nessuno,120,30,0.25,0.4,0.625,Solvothermal,1,,solvent_canonicalized;temperature_numeric_standardized;time_numeric_standardized,,0
296,"3,5-DiMePz-4-COOH",Pyrazole carbossilati,Zr,Zr(OCH3)4,MeOH,Nessuno,120,2,0.2,0.1,2,Solvothermal,1,,numeric_decimal_standardized;temperature_numeric_standardized;time_numeric_standardized,,0
297,"3,5-DiMePz-4-COOH",Pyrazole carbossilati,Zr,ZrCl4,H2O,Nessuno,120,72,1,0.5,2,Solvothermal,1,,numeric_decimal_standardized;temperature_numeric_standardized;time_numeric_standardized,,0
298,"4-Amino-4H-1,2,4-triazole",Triazole,Cu,Cu(OAc)2·H2O,EtOH,Nessuno,120,24,1,2,0.5,Solvothermal,1,,numeric_decimal_standardized;salt_hydrate_separator_standardized;temperature_numeric_standardized;time_numeric_standardized,,0
299,"4-Amino-4H-1,2,4-triazole",Triazole,Cu,Cu(OAc)2·H2O,DMF,Nessuno,130,48,0.5,0.5,1,Solvothermal,1,,numeric_decimal_standardized;salt_hydrate_separator_standardized;temperature_numeric_standardized;time_numeric_standardized,,0
300,"4-Amino-4H-1,2,4-triazole",Triazole,Cu,Cu(OAc)2·H2O,DMF,Nessuno,120,48,0.5,1,0.5,Solvothermal,1,,numeric_decimal_standardized;salt_hydrate_separator_standardized;temperature_numeric_standardized;time_numeric_standardized,,0
301,"4-Amino-4H-1,2,4-triazole",Triazole,Cu,Cu(OAc)2·H2O,EtOH,Nessuno,70,72,1,2,0.5,Solvothermal,1,,numeric_decimal_standardized;salt_hydrate_separator_standardized;temperature_numeric_standardized;time_numeric_standardized,,0
302,"4-Amino-4H-1,2,4-triazole",Triazole,Zn,Zn(OAc)2·2H2O,EtOH,Nessuno,120,24,1,1,1,Solvothermal,1,,numeric_decimal_standardized;salt_hydrate_separator_standardized;temperature_numeric_standardized;time_numeric_standardized,,0
303,"4-Amino-4H-1,2,4-triazole",Triazole,Zn,Zn(NO3)2·6H2O,DMF,BTC,160,75,0.5,0.5,1,Solvothermal,1,,numeric_decimal_standardized;salt_hydrate_separator_standardized;temperature_numeric_standardized;time_numeric_standardized,,0
304,"4-Amino-4H-1,2,4-triazole",Triazole,Zn,Zn(NO3)2·6H2O,DMF,Nessuno,160,75,0.5,0.5,1,Solvothermal,1,,numeric_decimal_standardized;salt_hydrate_separator_standardized;temperature_numeric_standardized;time_numeric_standardized,,0
305,"4-Amino-4H-1,2,4-triazole",Triazole,Zn,Zn(NO3)2·6H2O,DMF,Nessuno,120,48,0.5,0.5,1,Solvothermal,1,,numeric_decimal_standardized;salt_hydrate_separator_standardized;temperature_numeric_standardized;time_numeric_standardized,,0
306,"4-Amino-4H-1,2,4-triazole",Triazole,Zn,Zn(OAc)2·2H2O,EtOH,Nessuno,70,72,1,2,0.5,Solvothermal,1,,numeric_decimal_standardized;salt_hydrate_separator_standardized;temperature_numeric_standardized;time_numeric_standardized,,0
307,5-MePz-4-COOH,Pyrazole carbossilati,Zn,Zn(NO3)2·6H2O,DMF,Nessuno,120,24,0.2,0.2,1,Solvothermal,1,,numeric_decimal_standardized;salt_hydrate_separator_standardized;temperature_numeric_standardized;time_numeric_standardized,,0
308,5-MePz-4-COOH,Pyrazole carbossilati,Zr,ZrCl4,DMF,Nessuno,120,24,0.2,0.2,1,Solvothermal,1,,numeric_decimal_standardized;temperature_numeric_standardized;time_numeric_standardized,,0
309,5-MePz-4-COOH,Pyrazole carbossilati,Zr,ZrCl4,DMF,Acido benzoico,120,24,0.15,0.15,1,Solvothermal,1,,additive_canonicalized;numeric_decimal_standardized;temperature_numeric_standardized;time_numeric_standardized,,0
310,5-MePz-4-COOH,Pyrazole carbossilati,Zr,ZrCl4,DMF,HCl 37%,120,72,0.15,0.15,1,Solvothermal,1,,numeric_decimal_standardized;temperature_numeric_standardized;time_numeric_standardized,,0
311,BDC,Carbossilati aromatici,Cu,Cu(OAc)2·H2O,EtOH,Pz,120,24,0.5,1,0.5,Solvothermal,1,,numeric_decimal_standardized;salt_hydrate_separator_standardized;temperature_numeric_standardized;time_numeric_standardized;exact_duplicate_candidate,DUP_015,0
312,BDC,Carbossilati aromatici,Cu,Cu(OAc)2·H2O,EtOH,4-BrPz,120,24,0.5,1,0.5,Solvothermal,1,,numeric_decimal_standardized;salt_hydrate_separator_standardized;temperature_numeric_standardized;time_numeric_standardized,,0
313,BDC,Carbossilati aromatici,Cu,Cu(OAc)2·H2O,EtOH,"3,5-dimetilPz",120,24,0.5,1,0.5,Solvothermal,1,,numeric_decimal_standardized;salt_hydrate_separator_standardized;temperature_numeric_standardized;time_numeric_standardized,,0
314,BDC,Carbossilati aromatici,Cu,Cu(OAc)2·H2O,EtOH,4-ClPz,120,24,0.5,1,0.5,Solvothermal,1,,numeric_decimal_standardized;salt_hydrate_separator_standardized;temperature_numeric_standardized;time_numeric_standardized,,0
315,BDC,Carbossilati aromatici,Cu,Cu(OAc)2·H2O,EtOH,Pz,120,24,0.5,1,0.5,Solvothermal,1,,numeric_decimal_standardized;salt_hydrate_separator_standardized;temperature_numeric_standardized;time_numeric_standardized;exact_duplicate_candidate,DUP_015,0
316,BDC,Carbossilati aromatici,Cu,Cu(OAc)2·H2O,H2O/EtOH,Pz,120,24,0.5,1,0.5,Solvothermal,1,,numeric_decimal_standardized;salt_hydrate_separator_standardized;solvent_canonicalized;temperature_numeric_standardized;time_numeric_standardized,,0
317,BPz,Bipyrazole,Au,NaAuCl4·2H2O,DMF,Nessuno,60,48,0.2,0.1,2,Solvothermal,1,,numeric_decimal_standardized;salt_hydrate_separator_standardized;temperature_numeric_standardized;time_numeric_standardized,,0
318,BPz,Bipyrazole,Au,NaAuCl4·2H2O,DMF,Trietilammina (TEA),140,24,0.2,0.1,2,Solvothermal,1,,additive_canonicalized;numeric_decimal_standardized;salt_hydrate_separator_standardized;temperature_numeric_standardized;time_numeric_standardized,,0
319,BPz,Bipyrazole,Cd,Cd(NO3)2·4H2O,DMF,Nessuno,150,24,0.8,0.8,1,Solvothermal,1,,numeric_decimal_standardized;salt_hydrate_separator_standardized;temperature_numeric_standardized;time_numeric_standardized,,0
320,BPz,Bipyrazole,Co,Co(OAc)2·4H2O,DMF,Nessuno,120,72,1.5,1.5,1,Solvothermal,2,,numeric_decimal_standardized;salt_hydrate_separator_standardized;temperature_numeric_standardized;time_numeric_standardized,,0
321,BPz,Bipyrazole,Co,Co(OAc)2·4H2O,DMF,Nessuno,120,72,0.5,0.5,1,Solvothermal,2,,numeric_decimal_standardized;salt_hydrate_separator_standardized;temperature_numeric_standardized;time_numeric_standardized;exact_duplicate_candidate;same_conditions_conflicting_outcome,DUP_016,1
322,BPz,Bipyrazole,Co,Co(OAc)2·4H2O,DMF,Nessuno,120,72,0.5,0.5,1,Solvothermal,2,,numeric_decimal_standardized;salt_hydrate_separator_standardized;temperature_numeric_standardized;time_numeric_standardized;exact_duplicate_candidate;same_conditions_conflicting_outcome,DUP_016,1
323,BPz,Bipyrazole,Co,Co(OAc)2·4H2O,DMF,Nessuno,120,72,0.5,0.5,1,Solvothermal,1,,numeric_decimal_standardized;salt_hydrate_separator_standardized;temperature_numeric_standardized;time_numeric_standardized;same_conditions_conflicting_outcome,,1
324,Et4BPz,Bipyrazole,Ag,AgNO3,MeOH,Nessuno,120,48,0.2,0.2,1,Solvothermal,1,,numeric_decimal_standardized;temperature_numeric_standardized;time_numeric_standardized,,0
325,Et4BPz,Bipyrazole,Ag,AgPF6,MeOH,Nessuno,120,48,0.2,0.2,1,Solvothermal,1,,numeric_decimal_standardized;temperature_numeric_standardized;time_numeric_standardized,,0
326,Et4BPz,Bipyrazole,Cd,Cd(NO3)2·4H2O,DMF,Nessuno,140,48,0.6,0.6,1,Solvothermal,1,,numeric_decimal_standardized;salt_hydrate_separator_standardized;temperature_numeric_standardized;time_numeric_standardized,,0
327,Et4BPz,Bipyrazole,Ni,Ni(NO3)2·6H2O,DMF/H2O,Nessuno,160,72,0.2,0.1,2,Solvothermal,1,,numeric_decimal_standardized;salt_hydrate_separator_standardized;temperature_numeric_standardized;time_numeric_standardized,,0
328,Et4BPz,Bipyrazole,Ni,Ni(OAc)2·4H2O,DMA,Nessuno,150,24,0.2,0.2,1,Solvothermal,1,,numeric_decimal_standardized;salt_hydrate_separator_standardized;temperature_numeric_standardized;time_numeric_standardized,,0
329,Et4BPz,Bipyrazole,Ni,Ni(NO3)2·6H2O,MeOH,Nessuno,140,48,0.2,0.2,1,Solvothermal,1,,numeric_decimal_standardized;salt_hydrate_separator_standardized;temperature_numeric_standardized;time_numeric_standardized,,0
330,Et4BPz,Bipyrazole,Zn,Zn(OAc)2·2H2O,DMF/H2O,Nessuno,140,72,0.2,0.1,2,Solvothermal,1,,numeric_decimal_standardized;salt_hydrate_separator_standardized;temperature_numeric_standardized;time_numeric_standardized,,0
331,H2Me2BDP,Altro,Ag,AgPF6,MeOH,Nessuno,120,48,0.2,0.2,1,Solvothermal,1,,numeric_decimal_standardized;temperature_numeric_standardized;time_numeric_standardized,,0
332,Me4BPz,Bipyrazole,Ni,Ni(NO3)2·6H2O,DMF/H2O/EtOH,Nessuno,120,72,0.2,0.1,2,Solvothermal,1,,numeric_decimal_standardized;salt_hydrate_separator_standardized;temperature_numeric_standardized;time_numeric_standardized,,0
333,Me4BPz,Bipyrazole,Ni,Ni(OAc)2·4H2O,DMF/H2O/EtOH,Nessuno,120,72,0.2,0.1,2,Solvothermal,1,,numeric_decimal_standardized;salt_hydrate_separator_standardized;temperature_numeric_standardized;time_numeric_standardized,,0
334,Me4BPz,Bipyrazole,Zr,ZrCl4,DMF/H2O,Nessuno,120,48,0.2,0.1,2,Solvothermal,1,,numeric_decimal_standardized;temperature_numeric_standardized;time_numeric_standardized,,0
335,Me4BPz,Bipyrazole,Zr,ZrCl4,DMF/MeOH,Nessuno,120,48,0.1,0.1,1,Solvothermal,1,,numeric_decimal_standardized;temperature_numeric_standardized;time_numeric_standardized,,0
336,"PzDC / 1H-3,5-dicarboxylic",Pyrazole carbossilati,Zr,ZrCl4,DMF/MeOH,Nessuno,120,48,0.1,0.1,1,Solvothermal,1,,numeric_decimal_standardized;temperature_numeric_standardized;time_numeric_standardized,,0
337,"PzDC / 1H-3,5-dicarboxylic",Pyrazole carbossilati,Zr,ZrCl4,H2O,Nessuno,120,48,0.1,0.1,1,Solvothermal,1,,numeric_decimal_standardized;temperature_numeric_standardized;time_numeric_standardized,,0
338,"PzDC / 1H-3,5-dicarboxylic",Pyrazole carbossilati,Zr,ZrCl4,DMF/H2O,Nessuno,120,48,0.1,0.1,1,Solvothermal,1,,numeric_decimal_standardized;temperature_numeric_standardized;time_numeric_standardized,,0
339,"PzDC / 1H-3,5-dicarboxylic",Pyrazole carbossilati,Zr,ZrCl4,H2O,Nessuno,120,72,0.1,0.075,1.33333333,Solvothermal,1,,numeric_decimal_standardized;temperature_numeric_standardized;time_numeric_standardized,,0
340,"PzDC / 1H-3,5-dicarboxylic",Pyrazole carbossilati,Zr,ZrCl4,MeOH,Nessuno,120,72,0.25,0.4,0.625,Solvothermal,1,,temperature_numeric_standardized;time_numeric_standardized,,0
341,"3,3'-dinitro-4,4'-bipyrazole",Bipyrazole,Cd,Cd(NO3)2·4H2O,DMF,Trietilammina (TEA),150,72,0.1,0.1,1,Solvothermal,0,,additive_canonicalized;numeric_decimal_standardized;salt_hydrate_separator_standardized;temperature_numeric_standardized;time_numeric_standardized,,0
342,BDP,Bipyrazole,Co,Co(NO3)2·6H2O,DMF,Nessuno,120,72,0.1,0.3,0.33333333,Solvothermal,0,,numeric_decimal_standardized;salt_hydrate_separator_standardized;temperature_numeric_standardized;time_numeric_standardized,,0
343,BDP,Bipyrazole,Co,Co(OAc)2·4H2O,DMF,Acido acetico,150,16,0.12,0.24,0.5,Solvothermal,0,,additive_canonicalized;salt_hydrate_separator_standardized;temperature_numeric_standardized;time_numeric_standardized,,0
344,BDP,Bipyrazole,Co,Co(NO3)2·6H2O,DMF,Nessuno,150,24,0.1,0.2,0.5,Solvothermal,0,,salt_hydrate_separator_standardized;temperature_numeric_standardized;time_numeric_standardized,,0
345,BDP,Bipyrazole,Co,Co(OAc)2·4H2O,DEF,Nessuno,160,72,0.2,0.2,1,Solvothermal,1,,numeric_decimal_standardized;salt_hydrate_separator_standardized;temperature_numeric_standardized;time_numeric_standardized,,0
346,BDP,Bipyrazole,Co,Co(NO3)2·6H2O,DEF,Nessuno,160,72,0.2,0.2,1,Solvothermal,1,,numeric_decimal_standardized;salt_hydrate_separator_standardized;temperature_numeric_standardized;time_numeric_standardized,,0
347,BDP,Bipyrazole,Co,Co(NO3)2·6H2O,DMF,H2O,160,72,0.14,0.23,0.60869565,Solvothermal,1,,numeric_decimal_standardized;salt_hydrate_separator_standardized;temperature_numeric_standardized;time_numeric_standardized,,0
348,"3,5-diamino-4,4'-bipyrazole",Bipyrazole,Co,CoCl2+FeCl3,DMF,MeOH,130,16,0.1,0.1,1,Solvothermal,1,,numeric_decimal_standardized;temperature_numeric_standardized;time_numeric_standardized,,0
349,H2FBDP,Bipyrazole,Co,Co(NO3)2·6H2O,DMF,Nessuno,160,72,0.1,0.1,1,Solvothermal,1,,numeric_decimal_standardized;salt_hydrate_separator_standardized;temperature_numeric_standardized;time_numeric_standardized,,0
350,H2FBDP,Bipyrazole,Co,Co(OAc)2·4H2O,DMF,Nessuno,160,72,0.1,0.1,1,Solvothermal,1,,numeric_decimal_standardized;salt_hydrate_separator_standardized;temperature_numeric_standardized;time_numeric_standardized,,0
351,BDP,Bipyrazole,Co,Co(NO3)2·6H2O,DMF,Nessuno,130,16,0.14,0.23,0.60869565,Solvothermal,1,,numeric_decimal_standardized;salt_hydrate_separator_standardized;temperature_numeric_standardized;time_numeric_standardized,,0
352,BDP,Bipyrazole,Co,Co(NO3)2·6H2O,DMF,H2O,130,16,0.14,0.23,0.60869565,Solvothermal,1,,numeric_decimal_standardized;salt_hydrate_separator_standardized;temperature_numeric_standardized;time_numeric_standardized,,0
353,BDP,Bipyrazole,Co,Co(NO3)2·6H2O,DMF,H2O,130,12,0.1,0.1,1,Solvothermal,1,,numeric_decimal_standardized;salt_hydrate_separator_standardized;temperature_numeric_standardized;time_numeric_standardized,,0
354,Ph2BpPhTl,Organometallica,Ru,[Ru(p-cymene)Cl2]2,CH2Cl2,Nessuno,120,24,0.12,0.25,0.48,"Nessun precipitrato, dopo aver aggiunto etere dietilico ho rimesso in frigo ed aspettato quasi una settimana, mi si è formato un precipitato, ma una volta filtrato sembra eessere tallio cloruro(colere grigiastro); quindi riconservato le acque madri per vedere se la cristallizzazione.Dopo aver aggiunto etere dietilico formati alcuni cristalli.",2,,temperature_numeric_standardized;time_numeric_standardized,,0
355,HB(BPzPh)3Tl,Organometallica - pirazoli,Ru,[Ru(p-cymene)Cl2]2,CH2Cl2,Nessuno,120,24,0.12,0.25,0.48,"Nessun precipitrato, dopo aver aggiunto etere dietilico ho rimesso in frigo ed aspettato quasi una settimana, mi si è formato un precipitato, ma una volta filtrato sembra eessere tallio cloruro(colere grigiastro); quindi riconservato le acque madri per vedere se avverrà qualche cristallizzazione. Dopo aver aggiunto etere dietilico alle acque madri si è formato un precipitato che ho filtrato e poi caratterizzato",2,,temperature_numeric_standardized;time_numeric_standardized,,0
356,Ph2BpPhTl,Organometallica,Rh,[Rh(C5Me5)Cl2]2,CH2Cl2,Nessuno,120,24,0.12,0.25,0.48,Dopo 30 minuti di reazione si è formato un precipitato grigio-bianco( probabilmente TlCl); ho filtrato in modo tale che rimasesse tutto sul filtro e poi le acque madri le ho portate a secco a temperatura ambiente in una notte. Una volta portate a secco ho aggiungo 5-10 ml di MeOH e filtrato. Il filtrato caratterizzzato e le acque madri invece trattate con dietiletere(10 ml circa) e rifiltrate un altra volte. Il precipitato ulteriormente caratterizzzato.,2,,temperature_numeric_standardized;time_numeric_standardized,,0
357,HB(BPzPh)3Tl,Organometallica - pirazoli,Rh,[Rh(C5Me5)Cl2]2,CH2Cl2,Nessuno,120,24,0.12,0.25,0.48,Dopo 30 minuti di reazione si è formato un precipitato grigio-bianco( probabilmente TlCl); ho filtrato in modo tale che rimasesse tutto sul filtro e poi le acque madri le ho portate a secco a temperatura ambiente in una notte. Una volta portate a secco ho aggiungo 5-10 ml di MeOH e filtrato. Il filtrato caratterizzzato e le acque madri invece trattate con dietiletere(10 ml circa) e rifiltrate un altra volte. Il precipitato ulteriormente caratterizzzato.,2,,temperature_numeric_standardized;time_numeric_standardized,,0
358,Ph2BpPhTl,Organometallica,Non specificato,C20H30Cl4Ir2,CH2Cl2,Nessuno,120,24,0.12,0.25,0.48,Dopo 30 minuti di reazione si è formato un precipitato grigio-bianco( probabilmente TlCl); ho filtrato in modo tale che rimasesse tutto sul filtro e poi le acque madri le ho portate a secco a temperatura ambiente in una notte. Una volta portate a secco ho aggiungo 5-10 ml di MeOH e filtrato. Il filtrato caratterizzzato e le acque madri invece trattate con dietiletere(10 ml circa) e rifiltrate un altra volte. Il precipitato ulteriormente caratterizzzato.,2,,temperature_numeric_standardized;time_numeric_standardized,,0
359,HB(BPzPh)3Tl,Organometallica - pirazoli,Non specificato,C20H30Cl4Ir2,CH2Cl2,Nessuno,120,24,0.12,0.25,0.48,Dopo 30 minuti di reazione si è formato un precipitato grigio-bianco( probabilmente TlCl); ho filtrato in modo tale che rimasesse tutto sul filtro e poi le acque madri le ho portate a secco a temperatura ambiente in una notte. Una volta portate a secco ho aggiungo 5-10 ml di MeOH e filtrato. Il filtrato caratterizzzato e le acque madri invece trattate con dietiletere(10 ml circa) e rifiltrate un altra volte. Il precipitato ulteriormente caratterizzzato.,2,,temperature_numeric_standardized;time_numeric_standardized,,0
360,Ph2BpPhTl,Organometallica,Ru,[Ru(p-cymene)Cl2]2,CH2Cl2,Nessuno,120,24,0.12,0.06,2,"Male come Org1. Nessun precipitato, nemmeno dopo aver messo in frigo ed aggiunto eteredietilico. colore giallo, differente dal org1 che era rosso",1,,numeric_decimal_standardized;temperature_numeric_standardized;time_numeric_standardized,,0
361,HB(BPzPh)3Tl,Organometallica - pirazoli,Ru,[Ru(p-cymene)Cl2]2,CH2Cl2,Nessuno,120,3,0.1,0.05,2,"Pesato il dimero di rutenio, l'ho messo in un pallone a due colli da 10 ml, iniziato ad insufflare argon per lavorare in ambiente inerte. Una volta solubilizzato il sale metallico ho aggiunto il legante, notando subito la formazione del cloruro di tallio(sospenzione bianca). Lasciata a temperatura ambiente sotto intenso stirring per 3 ore. Lasciato evaporare completamente il solvente, formazione di piccoli cristalli.",2,,numeric_decimal_standardized;temperature_numeric_standardized;time_numeric_standardized,,0
362,TpMe2Tl,Organometallica,Ru,[Ru(p-cymene)Cl2]2,CH2Cl2,Nessuno,120,3,0.1,0.05,2,"Sciolto prima il sale metallico all'interno della vial, una volta solubilizzato ho aggiunto il legante; lasciato in stirring per 3 ore e poi fatto evaporare lentamente il solvente fino a dimezzare il volume. Una volta dimezzato il volume ho aggiunto dietil etere circa 5 ml, ho notato la formazione di una piccola sospensione, quindi l'ho filtrato su filtro con mesh sottili(precipitato bianco-grigio). Le acque madri raccolte ed aspettato di dimezzare nuovamente il volume. Una volta evaporato tutto il solvente, nel residuo ho aggiunto Et2O e poi filtrato. Ora procedo a caratterizzare il precipitato ed aspetto che le acque madri evaporino.",1,,numeric_decimal_standardized;temperature_numeric_standardized;time_numeric_standardized,,0
363,KTp,Organometallica,Ru,[Ru(p-cymene)Cl2]2,CH2Cl2,Nessuno,120,3,0.1,0.05,2,"Ho sciolto il rutenio in 10 ml di DCM, poi ho aggiunto il legante e lasciato in agitazione per 4 ore. Ho filtrato, perchè la soluzione era leggermente torbida e le acque madri le ho lasciate aperte sotto cappa per far evaporare il solvente.Una volta evaporato tutto il solvente ho aggiunto circa 10-15 ml di etere dietilico e filtrato. Ora procedo a caratterizzare il precipitato ed aspetto che le acque madri evaporino.",1,,numeric_decimal_standardized;temperature_numeric_standardized;time_numeric_standardized,,0
364,KTp,Organometallica,Ru,[Ru(p-cymene)Cl2]2,MeCN,Nessuno,120,3,0.1,0.05,2,"Solubilizzato il legante in un pallone a due colli con 5 ml di MeCN, messo sotto argon ed una volta solubilizzato ho aggiunto il dimero metallico. Lasciato 3h sotto agitazione a temperatura ambiente, una volrta passate 3 ore ho lasciato l'insufflazione di argon, ma aprendo il tappo sopra per ridurre il volume del solvente .una volta trascorso il tempo di reazione, concentri la soluzione di MeCN sotto vuoto a bassa temperatura fino a piccoli volumi, poi aggiungi lentamente un anti‑solvente apolare (esano) per precipitare il complesso, filtrando non ho notato la presenza di precipitato nel filtro. Le acque madri le faccio evaporare per stringere il solvente ed aggiunto ancora esano e poi lascio in firgo una notte.",1,,numeric_decimal_standardized;temperature_numeric_standardized;time_numeric_standardized,,0
365,KTp,Organometallica,Ru,[Ru(p-cymene)Cl2]2,MeOH,Nessuno,120,3,0.1,0.05,2,"Nessun precipitato, ma soluzione di un rosso intenso, faccio dimezzare il volume all'aria. Una volta dimezzato il volume ho aggiunto etere dietilico e messo in frigo, dopo 24h è venuto giu un precipitato finissimo bianco(forse KCl), che caratterizzato all'IR non risultava essere nulla. Le acque del filtrato le faccio evaporare per dimezzarne il volume",1,,numeric_decimal_standardized;temperature_numeric_standardized;time_numeric_standardized,,0
366,HB(BPzPh)3Tl,Organometallica - pirazoli,Rh,[Rh(C5Me5)Cl2]2,CH2Cl2,Nessuno,120,3,0.1,0.1,1,"Solubilizzato il dimero del metallo in 5 ml di diclorometano, in un'altra vial ho lasciato in sospensione il legante in altri 5 ml di diclorometano e poi aggiunto goccia a goccia nella soluzione del metallo. Dopo 3 ore ho notato un intorbidimento della reazione(formazione del cloruro di tallio); filtrato e sciacquato con 5 ml di diclorometano e lasciato dimezzare il volume delle acque madri all'ariauna va evaporato tutto il solvente sembrano essere precipitate due specie. Riprovo acristazzare una piccola aliquota con cloroformio e n-esano.",1,,numeric_decimal_standardized;temperature_numeric_standardized;time_numeric_standardized,,0
367,HB(BPzPh)3Tl,Organometallica - pirazoli,Non specificato,C20H30Cl4Ir2,CH2Cl2,Nessuno,120,3,0.1,0.1,1,"Solubilizzato il dimero del metallo in 5 ml di diclorometano, in un'altra vial ho lasciato in sospensione il legante in altri 5 ml di diclorometano e poi aggiunto goccia a goccia nella soluzione del metallo. Dopo 3 ore ho notato un intorbidimento della reazione(formazione del cloruro di tallio); filtrato e sciacquato con 5 ml di diclorometano e lasciato dimezzare il volume delle acque madri all'aria. Una volta evaporato completamente il solvente ho mandato un HNMR.",1,,numeric_decimal_standardized;temperature_numeric_standardized;time_numeric_standardized,,0
368,HB(BPzPh)3Tl,Organometallica - pirazoli,Rh,[Rh(C5Me5)Cl2]2,CH2Cl2,Nessuno,120,6,0.05,0.1,0.5,"Solubilizzato il dimero del metallo in 4 ml di diclorometano, in un'altra vial ho lasciato in sospensione il legante in altri 4 ml di diclorometano e poi aggiunto goccia a goccia nella soluzione del metallo. Dopo 3 ore ho notato un intorbidimento della reazione(formazione del cloruro di tallio); filtrato e sciacquato con 5 ml di diclorometano e lasciato dimezzare il volume delle acque madri all'aria una va evaporato tutto il solvente sembrano essere precipitate due specie. Aggiunto qualche goccia di dietil etere e messo in frigo una notte; formazione di ulteriore precipitato.",1,,temperature_numeric_standardized;time_numeric_standardized,,0
369,Et4BPz,Organometallica - pirazoli,Ru,[Ru(p-cymene)Cl2]2,MeOH,Nessuno,120,4,0.1,0.1,1,"Solubilizzato il dimero del metallo in 10 ml di MeOH, una volta solulbilizzato ho aggiunto il legante e lasciato in stirring per 16 ore.",2,,numeric_decimal_standardized;temperature_numeric_standardized;time_numeric_standardized,,0
370,Me4BPz,Organometallica - pirazoli,Ru,[Ru(p-cymene)Cl2]2,MeOH,Nessuno,120,4,0.16,0.16,1,"Dopo 4 ore ancora nessuna cristallizzazione, quindi scaldato a 50 gradi per far evaporare un po di solvente e poi messo in frido appena raffreddato.",2,,numeric_decimal_standardized;temperature_numeric_standardized;time_numeric_standardized,,0
371,H2BPZNH2,Organometallica - pirazoli,Ru,[Ru(p-cymene)Cl2]2,MeOH,Nessuno,120,4,0.1,0.1,1,"Dopo 4 ore ancora nessuna cristallizzazione, evaporato un po di solvente e poi messo in frido appena raffreddato. Aggiunto eteredietilico, perchè non vi era avvenuta cristallizzazione.",2,,numeric_decimal_standardized;temperature_numeric_standardized;time_numeric_standardized,,0
372,"3,5-diamino-4,4'-bipyrazole",Organometallica - pirazoli,Ru,[Ru(p-cymene)Cl2]2,MeOH,Nessuno,120,4,0.16,0.16,1,"Ho pesato il dimero e sciolto in 10 ml di MeOH; una volta sulubilizzato ho aggiunto il legante e lasciato sotto agitazione per 4 ore. Una volta fatto evaporare completamente il solvente ho notato un precipitato rosso bruno, filtrato con dietil etere e mandato un HNMR comr Ru3. Il precipitato rimasto nella vial l'ho lavato con acetone d ulteriormente filtrato, ora mando anche questo all'HNMR come Ru3.lavato con acetone.",1,,ligand_typography_standardized;numeric_decimal_standardized;temperature_numeric_standardized;time_numeric_standardized,,0
373,Me4BPz,Organometallica - pirazoli,Ru,[Ru(p-cymene)Cl2]2,MeOH,Nessuno,120,4,0.3,0.3,1,"Dopo 4 ore ancora nessuna cristallizzazione, quindi scaldato a 50 gradi per far evaporare un po di solvente e poi messo in frido appena raffreddato.",2,,numeric_decimal_standardized;temperature_numeric_standardized;time_numeric_standardized,,0
374,FErrocenylPz,Organometallica,Non specificato,PdCl2·(CH3CN)2,MeOH,Nessuno,120,4,0.2,0.1,2,"Ho sciolto il palladio in 10 ml di metanolo in un pallone a due colli dove insufflavo argono. Dopo 15 minuti ho aggiunto il legante e lasciato insufflare argon per altri 10 minuti, poi cessato il flusso di argon ho messo il tappo. Subito dopo l'aggiunta del legante ho notato cambio di colore con intorbidimento della soluzione. Ho filtrato il precipitato e le acque madri le ho messe in una vial per far evaporare lentamente il solvente. Ilprecipitato era il legante, visto all'IR",2,,numeric_decimal_standardized;salt_hydrate_separator_standardized;temperature_numeric_standardized;time_numeric_standardized,,0
375,Me4BPz,Organometallica - pirazoli,Ru,[Ru(p-cymene)Cl2]2,MeOH,Nessuno,120,24,0.4,0.4,1,"Sciolto il sale di rutenio in metanolo 20 ml, una volta completamente sciolto ho aggiunto il legante. Lasciato reagire tutta la notte e poi lasciato evaporare il solvente in aria. Mandato HNMR del composto cristallizzato dopo completa evaporazione del solvente.",2,,numeric_decimal_standardized;temperature_numeric_standardized;time_numeric_standardized,,0
376,Me4BPz,Organometallica - pirazoli,Ir,[Ir(C₅Me₅)Cl₂]₂,MeOH,Nessuno,120,4,0.1,0.1,1,"Sciogli il dimero [Ir(C₅Me₅)Cl₂]₂ in MeOH anidro sotto N₂ in un pallone secco. In una vial separata sciogli il ligante bipirazolico in MeOH . Aggiungi lentamente questa soluzione al pallone con l'Iridio mantenendo agitazione e atmosfera inerte. Lascia quindi agitare la miscela a temperatura ambiente per alcune ore prima di analizzarla all’NMR per verificare la formazione del complesso. Ho notato un cambio di colore della soluzione, èè passata da rossastra(colore dell'iridio) a gialla, completamente limpida. Lascio evaporare il solvente.",2,,numeric_decimal_standardized;temperature_numeric_standardized;time_numeric_standardized,,0
377,Me4BPz,Organometallica - pirazoli,Rh,[Rh(C5Me5)Cl2]2,MeOH,Nessuno,120,4,0.1,0.1,1,"Sciogli il dimero [Rh(C5Me5)Cl2]2 in MeOH anidro sotto N₂ in un pallone secco. In una vial separata sciogli il ligante bipirazolico in MeOH . Aggiungi lentamente questa soluzione al pallone con il rodio mantenendo agitazione e atmosfera inerte. Lascia quindi agitare la miscela a temperatura ambiente per alcune ore prima di analizzarla all’NMR per verificare la formazione del complesso. Ho notato un cambio di colore della soluzione, èè passata da rossastra(colore dell'iridio) a gialla, completamente limpida. Lascio evaporare il solvente.",2,,numeric_decimal_standardized;temperature_numeric_standardized;time_numeric_standardized,,0
378,FErrocenylPz,Organometallica,Non specificato,PdCl2·(CH3CN)2,MeOH,Nessuno,120,4,0.4,0.2,2,"Filtrato il precipitato(eccesso di legante), la soluzione raccolta in una beuta e fatta evaporare all'aria.",1,,numeric_decimal_standardized;salt_hydrate_separator_standardized;temperature_numeric_standardized;time_numeric_standardized,,0
379,"1,4-Di(1H-pyrazol-4-yl)benzene",Organometallica - pirazoli,Ru,[Ru(p-cymene)Cl2]2,MeOH,Nessuno,120,24,0.2,0.1,2,"To a methanolic (5 mL) solution of pyrazole based ligand , was added a methanolic (5 mL) solution of [RuCl2(η6-p-cymene)]2 , and the reaction mixture was allowed to stir for 4 h at room temperature. Dopo 24 ore ho filtrato l'eccesso di reagenti e lasciato poi dimezzare il volume della soluzione all'aria lentamente. Portato a secco e mandato l'HNMR",2,,numeric_decimal_standardized;temperature_numeric_standardized;time_numeric_standardized,,0
380,(NO2)2BPz,Organometallica - pirazoli,Ru,[Ru(p-cymene)Cl2]2,MeOH,Nessuno,120,24,0.1,0.05,2,"filtrato e lavato con metanolo, dopo aver dimezzato il volume della soluzione.Precipitato di colore nero, ma sembra cristallino",2,,numeric_decimal_standardized;temperature_numeric_standardized;time_numeric_standardized,,0
381,NO2BPz,Organometallica - pirazoli,Ru,[Ru(p-cymene)Cl2]2,MeOH,Nessuno,120,24,0.1,0.05,2,"filtrato per rimuovere l'eccesso di reagenti noon reagito, lasciato ridurre il volume. Lavato con etere dietilico e filtrato(precipitato verdino).Ir del primo precipitato è pessimo. Le acque madri le ho tenute.",1,,numeric_decimal_standardized;temperature_numeric_standardized;time_numeric_standardized,,0
382,FErrocenylPz,Organometallica,Non specificato,PdCl2·(CH3CN)2,MeOH,Nessuno,120,6,0.1,0.1,1,"Ho pesato il dimero e sciolto in 10 ml di MeOH; una volta sulubilizzato ho aggiunto il legante e lasciato sotto agitazione per 6ORE. Ho lasciato dimezzare il volume all'aria, poi aggiunto qualche goccia di dietiletere e messo in frigo. Il precipitato ottenuto l'ho filtrato.",2,,numeric_decimal_standardized;salt_hydrate_separator_standardized;temperature_numeric_standardized;time_numeric_standardized,,0
383,"3,3'-diamino-4,4'-bipyrazole",Organometallica - pirazoli,Ru,[Ru(p-cymene)Cl2]2,MeOH,Nessuno,120,24,0.1,0.1,1,Ho pesato il dimero e sciolto in 10 ml di MeOH; una volta sulubilizzato ho aggiunto il legante e lasciato sotto agitazione per 24 ORE.Fatto evaporare all'aria per ridurre il volume,1,,ligand_typography_standardized;numeric_decimal_standardized;temperature_numeric_standardized;time_numeric_standardized,,0
384,"1,4-Di(1H-pyrazol-4-yl)benzene BDP",Organometallica - pirazoli,Ir,[Ir(C₅Me₅)Cl₂]₂,MeOH,Nessuno,120,24,0.05,0.1,0.5,"Ho sciolto il sale metallico in 10 ml di MeOH, una volta solubilizzato ho aggiunto il linker e lasciato in stirring.",1,,temperature_numeric_standardized;time_numeric_standardized,,0
385,"1,4-Di(1H-pyrazol-4-yl)benzene BDP",Organometallica - pirazoli,Rh,[Rh(C5Me5)Cl2]2,MeOH,Nessuno,120,24,0.05,0.1,0.5,"Ho sciolto il sale metallico in 10 ml di MeOH, una volta solubilizzato ho aggiunto il linker e lasciato in stirring.",1,,temperature_numeric_standardized;time_numeric_standardized,,0
386,Ru1,Organometallica,Ru,CAgF3SO3,MeCN,Nessuno,120,3,0.06,0.12,0.5,lasciato aperto a temperatura ambiente per cercare di ridurre il volume di solvente e favorire una cristallizzazione,2,,temperature_numeric_standardized;time_numeric_standardized,,0
387,"Ru1 scambio anionico FW=868,73",Organometallica - scambio anionico,Ru,"4,4'-bipiridina",MeCN,Nessuno,120,24,0.04,0.04,1,"Dopo 5h la soluzione ha cambiato colore, ora faccio evaporare un pò di solvente per vedere se verrà giu qualcosa. Una volta dimezzato il volume ho aggiunto 5 ml di dietil etere e poi posto a scaldare su piastra per circa 15 minuti, ho nontato un precipitato nerastro, fatto raffreddare e posto in frigo per vedere se continuerà a venire giu.",2,,numeric_decimal_standardized;temperature_numeric_standardized;time_numeric_standardized,,0
388,"Ru1,2",Organometallica,Ru,CAgF3SO3,CH2Cl2,Nessuno,120,3,0.04,0.08,0.5,"Precipitato bianco formatosi alla fine delle 4 ore, filtrato e lasciato ridurre di volume all'aria.",2,,temperature_numeric_standardized;time_numeric_standardized,,0
389,"Ru1,3 802,63",Organometallica,Ru,CAgF3SO3,CH2Cl2,Nessuno,120,5,0.05,0.2,0.25,"Precipitato bianco formatosi alla fine delle 4 ore, filtrato e lasciato ridurre di volume all'aria.",1,,temperature_numeric_standardized;time_numeric_standardized,,0
390,"Ru1,3 scambio anionico FW=868,73",Organometallica - scambio anionico,Ru,"4,4'-bipiridina",MeCN,Nessuno,120,5,0.02,0.02,1,"Ho solubilizzato il complesso in 10 ml di MeCN, in un'altra vial ho solubilizzato la bipiridina in altri 10 ml di MeCN, poi ho aggiunto goccia a goccia nella soluzione del complesso.",1,,numeric_decimal_standardized;temperature_numeric_standardized;time_numeric_standardized,,0
391,"Ru1,3",Organometallica,Ru,CAgF3SO3,CH2Cl2,Nessuno,120,5,0.05,0.2,0.25,"Precipitato bianco formatosi alla fine delle 4 ore, filtrato e lasciato ridurre di volume all'aria.",1,,temperature_numeric_standardized;time_numeric_standardized,,0
392,"Ru1,3 scambio anionico2 FW=868,73",Organometallica - scambio anionico,Ru,BDP,MeCN,Nessuno,120,24,0.02,0.02,1,"Ho solubilizzato il complesso in 52 ml di MeCN, in un'altra vial ho solubilizzato il BDP in altri 5 ml di MeCN, poi ho aggiunto goccia a goccia nella soluzione del complesso. Soluzione torbida, perchè il legante non si è solubilizzato molto bene in MeCN. Dopo 24 ore ho filtrato l'eccesso di reagenti ed ho lasciato ad evaporare il solvente all'aria lentamente.",1,,numeric_decimal_standardized;temperature_numeric_standardized;time_numeric_standardized,,0
393,"Ru1,3",Organometallica,Ru,CAgF3SO3,CH2Cl2,Nessuno,120,6,0.05,0.22,0.227,"Filtrato il precipitato formatosi, sciacquato con 5 ml di diclorometano e poi lasciato evaporare all'aria le acque madri.",1,,temperature_numeric_standardized;time_numeric_standardized,,0
394,"Ru1,3 scambio anionico3 FW=868,73",Organometallica - scambio anionico,Ru,BPz,MeCN,Nessuno,120,5,0.02,0.03,0.667,andando a secco,1,,temperature_numeric_standardized;time_numeric_standardized,,0
395,"Ru1,3",Organometallica,Ru,CAgF3SO3,CH2Cl2,Nessuno,120,5,0.05,0.2,0.25,"Solubilizzato separatamente i due reagenti, poi aggiungo goccia a goccia la soluzione di CAgF3SO3 in quella del complesso. Precipitato bianco formatosi alla fine delle 4 ore, filtrato e lasciato ridurre di volume all'aria.",1,,temperature_numeric_standardized;time_numeric_standardized,,0
396,"Ru1 scambio anionico FW=868,73",Organometallica - scambio anionico,Ru,"4,4'-bipiridina(Az50)",MeCN,Nessuno,120,24,0.02,0.04,0.5,"Solubilizzare il complesso in 2 ml di acetonitrile, in una vial separata solubilizzare la bipiridina con 3 ml di CH3CN ed aggiungere goccia a goccia la soluzione in quella del complesso. Lasciar reagire 24h.",1,,temperature_numeric_standardized;time_numeric_standardized,,0
397,Et4BPz,Organometallica - pirazoli,Rh,[Rh(C5Me5)Cl2]2,MeOH,Nessuno,120,16,0.1,0.05,0.5,"Solubilizzato il dimero del metallo in 10 ml di MeOH, una volta solulbilizzato ho aggiunto il legante e lasciato in stirring per 16 ore.",1,,temperature_numeric_standardized;time_numeric_standardized,,0
398,H2BPZNH2,Organometallica,Rh,[Rh(C5Me5)Cl2]3,MeOH,Nessuno,70,24,0.1,0.05,0.5,"Solubilizzato il dimero del metallo in 10 ml di MeOH, una volta solulbilizzato ho aggiunto il legante e lasciato in stirring per 16 ore.",1,,temperature_numeric_standardized;time_numeric_standardized,,0
399,(NO2)2BPz,Organometallica,Ir,[Ir(C5Me5)Cl2]4,MeOH,Trietilammina (TEA) 2 eq,70,24,0.1,0.05,0.5,"Solubilizzato il dimero del metallo in 10 ml di MeOH, una volta solulbilizzato ho aggiunto il legante e lasciato in stirring per 16 ore.",1,,additive_canonicalized;temperature_numeric_standardized;time_numeric_standardized,,0
400,NO2BPz,Organometallica,Ir,[Ir(C5Me5)Cl2]5,MeOH,Trietilammina (TEA) 2 eq,70,24,0.1,0.05,0.5,"Solubilizzato il dimero del metallo in 10 ml di MeOH, una volta solulbilizzato ho aggiunto il legante e lasciato in stirring per 16 ore.",1,,additive_canonicalized;temperature_numeric_standardized;time_numeric_standardized,,0
401,"1,4-Benzenedicarboxylic acid (H2BDC)",Non specificata,Zn,Zn(NO3)2·6H2O,DMF,Nessuno,120,24,0.7,2.2,0.3182,Solvothermal,2,,temperature_numeric_standardized;time_numeric_standardized,,0
402,"1,3,5-Benzenetricarboxylic acid (H3BTC)",Non specificata,Cu,Cu(NO3)2·3H2O,DMF/H2O/EtOH,Nessuno,110,18,2.8,5,0.56,Solvothermal,2,,numeric_decimal_standardized;solvent_canonicalized;temperature_numeric_standardized;time_numeric_standardized,,0
403,"1,4-Benzenedicarboxylic acid (H2BDC)",Non specificata,Zr,ZrCl4,DMF/HCl,Nessuno,120,24,1.5,1.5,1,Solvothermal,2,,numeric_decimal_standardized;temperature_numeric_standardized;time_numeric_standardized,,0
404,2-Aminoterephthalic acid,Non specificata,Zr,ZrCl4,DMF/HCl,Nessuno,120,24,1.5,1.5,1,Solvothermal,2,,numeric_decimal_standardized;temperature_numeric_standardized;time_numeric_standardized,,0
405,2-Nitroterephthalic acid,Non specificata,Zr,ZrCl4,DMF/HCl,Nessuno,120,24,1,1,1,Solvothermal,2,,numeric_decimal_standardized;temperature_numeric_standardized;time_numeric_standardized,,0
406,"4,4'-Biphenyldicarboxylic acid (H2BPDC)",Non specificata,Zr,ZrCl4,DMF/HCl,Nessuno,120,24,1,1,1,Solvothermal,2,,numeric_decimal_standardized;temperature_numeric_standardized;time_numeric_standardized,,0
407,2-Methylimidazole,Non specificata,Zn,Zn(NO3)2·6H2O,MeOH,Nessuno,25,12,4,1,4,Precipitation,2,,numeric_decimal_standardized;temperature_numeric_standardized;time_numeric_standardized,,0
408,2-Methylimidazole,Non specificata,Co,Co(NO3)2·6H2O,MeOH,Nessuno,25,24,4,1,4,Precipitation,2,,numeric_decimal_standardized;temperature_numeric_standardized;time_numeric_standardized,,0
409,Benzimidazole,Non specificata,Zn,Zn(NO3)2·6H2O,DMF,Nessuno,130,48,6,1.5,4,Solvothermal,2,,numeric_decimal_standardized;temperature_numeric_standardized;time_numeric_standardized,,0
410,Benzimidazole,Non specificata,Zn,Zn(NO3)2·6H2O,MeOH/Toluene,Nessuno,100,24,3.2,0.8,4,Solvothermal,2,,numeric_decimal_standardized;solvent_canonicalized;temperature_numeric_standardized;time_numeric_standardized,,0
411,"1,4-Benzenedicarboxylic acid (H2BDC)",Non specificata,Al,Al(NO3)3·9H2O,H2O,Nessuno,220,72,3,3,1,Hydrothermal,2,,numeric_decimal_standardized;temperature_numeric_standardized;time_numeric_standardized,,0
412,"1,4-Benzenedicarboxylic acid (H2BDC)",Non specificata,Cr,Cr(NO3)3·9H2O,H2O/HF,Nessuno,220,72,5,5,1,Hydrothermal,2,,numeric_decimal_standardized;temperature_numeric_standardized;time_numeric_standardized,,0
413,"1,4-Benzenedicarboxylic acid (H2BDC)",Non specificata,Fe,FeCl3·6H2O,DMF,Nessuno,150,15,5,5,1,Solvothermal,2,,numeric_decimal_standardized;temperature_numeric_standardized;time_numeric_standardized,,0
414,"1,3,5-Benzenetricarboxylic acid (H3BTC)",Non specificata,Fe,Fe metal,H2O/HNO3/HF,Nessuno,150,12,6.7,10,0.67,Hydrothermal,2,,numeric_decimal_standardized;solvent_canonicalized;temperature_numeric_standardized;time_numeric_standardized,,0
415,"1,3,5-Benzenetricarboxylic acid (H3BTC)",Non specificata,Cr,CrO3,H2O/HF,Nessuno,220,96,6.7,10,0.67,Hydrothermal,2,,numeric_decimal_standardized;temperature_numeric_standardized;time_numeric_standardized,,0
416,"1,4-Benzenedicarboxylic acid (H2BDC)",Non specificata,Cr,Cr(NO3)3·9H2O,H2O/HF,Nessuno,220,8,4,4,1,Hydrothermal,2,,numeric_decimal_standardized;temperature_numeric_standardized;time_numeric_standardized,,0
417,"1,4-Benzenedicarboxylic acid (H2BDC)",Non specificata,Fe,FeCl3·6H2O,DMF,Nessuno,110,20,1.5,3,0.5,Solvothermal,2,,numeric_decimal_standardized;temperature_numeric_standardized;time_numeric_standardized,,0
418,"2,5-Dihydroxyterephthalic acid (H4DOBDC)",Non specificata,Mg,Mg(NO3)2·6H2O,DMF/H2O/EtOH,Nessuno,125,24,1,3.3,0.303,Solvothermal,2,,numeric_decimal_standardized;solvent_canonicalized;temperature_numeric_standardized;time_numeric_standardized,,0
419,"2,5-Dihydroxyterephthalic acid (H4DOBDC)",Non specificata,Zn,Zn(NO3)2·6H2O,DMF/H2O/EtOH,Nessuno,100,24,1,3.3,0.303,Solvothermal,2,,numeric_decimal_standardized;solvent_canonicalized;temperature_numeric_standardized;time_numeric_standardized,,0
420,"2,5-Dihydroxyterephthalic acid (H4DOBDC)",Non specificata,Ni,Ni(NO3)2·6H2O,DMF/H2O/EtOH,Nessuno,120,24,1,3.3,0.303,Solvothermal,2,,numeric_decimal_standardized;solvent_canonicalized;temperature_numeric_standardized;time_numeric_standardized,,0
421,"2,5-Dihydroxyterephthalic acid (H4DOBDC)",Non specificata,Co,Co(NO3)2·6H2O,DMF/H2O/EtOH,Nessuno,120,24,1,3.3,0.303,Solvothermal,2,,numeric_decimal_standardized;solvent_canonicalized;temperature_numeric_standardized;time_numeric_standardized,,0
422,"2,5-Dihydroxyterephthalic acid (H4DOBDC)",Non specificata,Fe,FeCl2·4H2O,DMF/EtOH,Nessuno,120,24,1,3.3,0.303,Solvothermal,2,,numeric_decimal_standardized;temperature_numeric_standardized;time_numeric_standardized,,0
423,"2,5-Dihydroxyterephthalic acid (H4DOBDC)",Non specificata,Mn,Mn(OAc)2·4H2O,DMF/H2O/EtOH,Nessuno,120,24,1,3.3,0.303,Solvothermal,2,,numeric_decimal_standardized;solvent_canonicalized;temperature_numeric_standardized;time_numeric_standardized,,0
424,"1,3,6,8-tetrakis(p-benzoic acid)pyrene (H4TBAPy)",Non specificata,Zr,ZrOCl2·8H2O,DMF/TFA,Nessuno,120,18,0.06,0.3,0.2,Solvothermal,2,,temperature_numeric_standardized;time_numeric_standardized,,0
425,TCPP (Tetrakis(4-carboxyphenyl)porphyrin),Non specificata,Zr,ZrOCl2·8H2O,DMF/BA,Nessuno,120,24,0.04,0.23,0.1739,Solvothermal,2,,temperature_numeric_standardized;time_numeric_standardized,,0
426,"3,3',5,5'-Azobenzenetetracarboxylic acid (H4ABTC)",Non specificata,Fe,Fe(NO3)3·9H2O,DMF,Nessuno,150,24,0.3,0.6,0.5,Solvothermal,2,,temperature_numeric_standardized;time_numeric_standardized,,0
427,"Isophthalic acid (1,3-BDC)",Non specificata,Al,Al(ClO4)3·6H2O,DMF/H2O,Nessuno,130,12,2,2,1,Hydrothermal,2,,numeric_decimal_standardized;solvent_canonicalized;temperature_numeric_standardized;time_numeric_standardized,,0
428,2-Aminoterephthalic acid,Non specificata,Al,Al(ClO4)3·6H2O,MeOH,Nessuno,125,5,1,3,0.3333,Solvothermal,2,,numeric_decimal_standardized;temperature_numeric_standardized;time_numeric_standardized,,0
429,"2,6-NDC (0.5) / H3BTC (0.5)",Non specificata,Zn,Zn(NO3)2·6H2O,DMF,Nessuno,120,24,1,2,0.5,Solvothermal,2,,numeric_decimal_standardized;temperature_numeric_standardized;time_numeric_standardized,,0
430,"2,6-NDC (1.0) / DABCO (0.5)",Non specificata,Ni,Ni(NO3)2·6H2O,DMF,Nessuno,120,48,1.5,1,1.5,Solvothermal,2,,numeric_decimal_standardized;temperature_numeric_standardized;time_numeric_standardized,,0
431,"Biphenyl-3,3',5,5'-tetracarboxylic acid",Non specificata,Cu,Cu(NO3)2·2.5H2O,DMF/MeOH,Nessuno,75,24,0.3,1.2,0.25,Solvothermal,2,,temperature_numeric_standardized;time_numeric_standardized,,0
432,"Biphenyl-3,3',5,5'-tetracarboxylic acid",Non specificata,Al,Al(NO3)3·9H2O,H2O,Nessuno,210,72,0.38,1.5,0.2533,Hydrothermal,2,,temperature_numeric_standardized;time_numeric_standardized,,0
433,"Biphenyl-3,3',5,5'-tetracarboxylic acid",Non specificata,In,In(NO3)3·xH2O,DMF/H2O/MeOH,Nessuno,120,24,0.25,1,0.25,Solvothermal,2,,numeric_decimal_standardized;solvent_canonicalized;temperature_numeric_standardized;time_numeric_standardized,,0
434,"Biphenyl-3,3',5,5'-tetracarboxylic acid",Non specificata,Cu,Cu(NO3)2·2.5H2O,DMF/H2O/Dioxane,Nessuno,85,24,0.35,1.5,0.2333,Solvothermal,2,,solvent_canonicalized;temperature_numeric_standardized;time_numeric_standardized,,0
435,"1,3,5-tris(4-carboxyphenyl)benzene (BTB)",Non specificata,Zn,Zn(NO3)2·6H2O,DEF,Nessuno,85,48,0.34,1.8,0.1889,Solvothermal,2,,temperature_numeric_standardized;time_numeric_standardized,,0
436,"1,3,5-BTB (0.2) / 2,6-NDC (0.2)",Non specificata,Zn,Zn(NO3)2·6H2O,DMF,Nessuno,85,24,0.4,1.2,0.3333,Solvothermal,2,,temperature_numeric_standardized;time_numeric_standardized,,0
437,"3,3',5,5'-Biphenyltetracarboxylic acid",Non specificata,Cu,Cu(NO3)2·2.5H2O,DMF/H2O/EtOH,Nessuno,65,24,0.3,1,0.3,Solvothermal,2,,numeric_decimal_standardized;solvent_canonicalized;temperature_numeric_standardized;time_numeric_standardized,,0
438,2-Bromoterephthalic acid,Non specificata,Zr,ZrCl4,DMF/HCl,Nessuno,120,24,1,1,1,Solvothermal,2,,numeric_decimal_standardized;temperature_numeric_standardized;time_numeric_standardized,,0
439,"1,2,4,5-Benzenetetracarboxylic acid",Non specificata,Zr,ZrCl4,DMF/HCl,Nessuno,120,24,0.5,1,0.5,Solvothermal,2,,numeric_decimal_standardized;temperature_numeric_standardized;time_numeric_standardized,,0
440,"2,5-Dihydroxyterephthalic acid",Non specificata,Zr,ZrCl4,DMF/HCl,Nessuno,120,24,1,1,1,Solvothermal,2,,numeric_decimal_standardized;temperature_numeric_standardized;time_numeric_standardized,,0
441,Terphenyldicarboxylic acid (TPDC),Non specificata,Zr,ZrCl4,DMF/HCl,Nessuno,120,24,0.5,0.5,1,Solvothermal,2,,numeric_decimal_standardized;temperature_numeric_standardized;time_numeric_standardized,,0
442,2-Nitroimidazole,Non specificata,Co,Co(NO3)2·6H2O,DMF,Nessuno,100,48,4,1,4,Solvothermal,2,,numeric_decimal_standardized;temperature_numeric_standardized;time_numeric_standardized,,0
443,Imidazole-2-carboxaldehyde,Non specificata,Zn,Zn(NO3)2·6H2O,DMF,Nessuno,100,18,4,1,4,Solvothermal,2,,numeric_decimal_standardized;temperature_numeric_standardized;time_numeric_standardized,,0
444,Benzimidazole,Non specificata,Co,Co(NO3)2·6H2O,DMF,Nessuno,140,48,4,1,4,Solvothermal,2,,numeric_decimal_standardized;temperature_numeric_standardized;time_numeric_standardized,,0
445,"4,5-Dichloroimidazole",Non specificata,Zn,Zn(NO3)2·6H2O,DMF,Nessuno,85,24,4,1,4,Solvothermal,2,,numeric_decimal_standardized;temperature_numeric_standardized;time_numeric_standardized,,0
446,Fumaric acid,Non specificata,Fe,FeCl3·6H2O,H2O,Nessuno,65,12,5,5,1,Hydrothermal,2,,numeric_decimal_standardized;temperature_numeric_standardized;time_numeric_standardized,,0
447,"1,4-Benzenedicarboxylic acid (H2BDC)",Non specificata,Fe,FeCl3·6H2O,DMF,Nessuno,100,12,5,5,1,Solvothermal,2,,numeric_decimal_standardized;temperature_numeric_standardized;time_numeric_standardized,,0
448,"2,6-Naphthalenedicarboxylic acid",Non specificata,Fe,FeCl3·6H2O,DMF,Nessuno,100,12,5,5,1,Solvothermal,2,,numeric_decimal_standardized;temperature_numeric_standardized;time_numeric_standardized,,0
449,"4,4'-Biphenyldicarboxylic acid",Non specificata,Fe,FeCl3·6H2O,DMF,Nessuno,100,12,5,5,1,Solvothermal,2,,numeric_decimal_standardized;temperature_numeric_standardized;time_numeric_standardized,,0
450,"1,4-Benzenedicarboxylic acid (H2BDC)",Non specificata,Al,Al(NO3)3·9H2O,DMF,Nessuno,130,24,3,3,1,Solvothermal,2,,numeric_decimal_standardized;temperature_numeric_standardized;time_numeric_standardized,,0
451,"1,4-Benzenedicarboxylic acid (H2BDC)",Non specificata,In,In(NO3)3·xH2O,DMF,Nessuno,100,48,2,2,1,Solvothermal,2,,numeric_decimal_standardized;temperature_numeric_standardized;time_numeric_standardized,,0
452,"1,4-Benzenedicarboxylic acid (H2BDC)",Non specificata,Ti,Ti(OiPr)4,DMF/MeOH,Nessuno,150,15,12,6,2,Solvothermal,2,,numeric_decimal_standardized;temperature_numeric_standardized;time_numeric_standardized,,0
453,2-Aminoterephthalic acid,Non specificata,Ti,Ti(OiPr)4,DMF/MeOH,Nessuno,150,15,12,6,2,Solvothermal,2,,numeric_decimal_standardized;temperature_numeric_standardized;time_numeric_standardized,,0
454,"1,3,5-Benzenetricarboxylic acid (H3BTC)",Non specificata,Al,Al(NO3)3·9H2O,H2O,Nessuno,210,24,2.5,5,0.5,Hydrothermal,2,,numeric_decimal_standardized;temperature_numeric_standardized;time_numeric_standardized,,0
455,"1,3,5-Benzenetricarboxylic acid (H3BTC)",Non specificata,Al,Al(NO3)3·9H2O,H2O/HNO3,Nessuno,210,72,2,4,0.5,Hydrothermal,2,,numeric_decimal_standardized;temperature_numeric_standardized;time_numeric_standardized,,0
456,5-Methoxyisophthalic acid,Non specificata,Al,Al(ClO4)3·6H2O,H2O,Nessuno,130,12,2,2,1,Hydrothermal,2,,numeric_decimal_standardized;temperature_numeric_standardized;time_numeric_standardized,,0
457,5-Nitroisophthalic acid,Non specificata,Al,Al(ClO4)3·6H2O,H2O,Nessuno,130,12,2,2,1,Hydrothermal,2,,numeric_decimal_standardized;temperature_numeric_standardized;time_numeric_standardized,,0
458,"trans-Cyclohexane-1,4-dicarboxylic acid",Non specificata,Al,Al2(SO4)3·18H2O,H2O,Nessuno,180,24,3,1.5,2,Hydrothermal,2,,numeric_decimal_standardized;temperature_numeric_standardized;time_numeric_standardized,,0
459,TCPP (Tetrakis(4-carboxyphenyl)porphyrin),Non specificata,Zr,ZrOCl2·8H2O,DMF/BA,Nessuno,120,12,0.04,0.3,0.1333,Solvothermal,2,,temperature_numeric_standardized;time_numeric_standardized,,0
460,TCPP,Non specificata,Hf,HfCl4,DMF/BA,Nessuno,120,24,0.03,0.2,0.15,Solvothermal,2,,temperature_numeric_standardized;time_numeric_standardized,,0
461,TCPP,Non specificata,Fe,FeCl3,DMF,Nessuno,150,24,0.08,0.5,0.16,Solvothermal,2,,temperature_numeric_standardized;time_numeric_standardized,,0
462,Fumaric acid,Non specificata,Zr,ZrCl4,DMF/Formic acid,Nessuno,120,24,1,1,1,Solvothermal,2,,numeric_decimal_standardized;temperature_numeric_standardized;time_numeric_standardized,,0
463,"1,3,5-Benzenetricarboxylic acid (H3BTC)",Non specificata,Zr,ZrOCl2·8H2O,DMF/Formic acid,Nessuno,100,24,0.27,0.8,0.3375,Solvothermal,2,,temperature_numeric_standardized;time_numeric_standardized,,0
464,"Pyrazole-3,5-dicarboxylic acid",Non specificata,Zr,ZrCl4,DMF/Formic acid,Nessuno,120,24,1,1,1,Solvothermal,2,,numeric_decimal_standardized;temperature_numeric_standardized;time_numeric_standardized,,0
465,"1H-pyrazole-3,5-dicarboxylic acid",Non specificata,Al,AlCl3·6H2O,H2O,Nessuno,100,24,2,2,1,Hydrothermal,2,,numeric_decimal_standardized;temperature_numeric_standardized;time_numeric_standardized,,0
466,"1,4-Benzenedicarboxylic acid (H2BDC)",Non specificata,Fe,FeCl3,EtOH,Nessuno,80,24,1,2,0.5,Solvothermal,2,,numeric_decimal_standardized;temperature_numeric_standardized;time_numeric_standardized,,0
467,"4,4',4''-Benzene-1,3,5-triyl-tris-benzoic acid",Non specificata,Cu,Cu(NO3)2·2.5H2O,DMF,Nessuno,80,48,0.25,0.8,0.3125,Solvothermal,2,,temperature_numeric_standardized;time_numeric_standardized,,0
468,"5-(2,4,6-trioxohexahydro-1,3,5-triazin-1-yl)isophthalic acid",Non specificata,Cu,Cu(NO3)2·2.5H2O,DMA/DMSO,Nessuno,85,72,0.15,0.5,0.3,Solvothermal,2,,temperature_numeric_standardized;time_numeric_standardized,,0
469,"1,3,5-Benzenetricarboxylic acid (H3BTC)",Non specificata,Fe,Fe(NO3)3·9H2O,H2O,Nessuno,80,4,6.7,10,0.67,Precipitation,2,,numeric_decimal_standardized;temperature_numeric_standardized;time_numeric_standardized,,0
470,"4,4'-(naphthalene-2,6-diyl)dibenzonic acid",Non specificata,Cu,Cu(NO3)2·2.5H2O,DMF,Nessuno,85,48,0.2,0.6,0.3333,Solvothermal,2,,temperature_numeric_standardized;time_numeric_standardized,,0
471,Imidazole (3.0) / Benzimidazole (1.0),Non specificata,Zn,Zn(NO3)2·6H2O,DMF,Nessuno,130,48,4,1,4,Solvothermal,2,,numeric_decimal_standardized;temperature_numeric_standardized;time_numeric_standardized,,0
472,Imidazole,Non specificata,Zn,Zn(NO3)2·6H2O,DMF,Nessuno,130,48,4,1,4,Solvothermal,2,,numeric_decimal_standardized;temperature_numeric_standardized;time_numeric_standardized,,0
473,2-Ethylimidazole,Non specificata,Zn,Zn(ClO4)2·6H2O,MeOH/NH3,Nessuno,25,24,4,1,4,Room Temperature,2,,numeric_decimal_standardized;temperature_numeric_standardized;time_numeric_standardized,,0
474,4-Methyl-5-imidazolecarboxaldehyde,Non specificata,Zn,Zn(NO3)2·6H2O,DMF,Nessuno,85,24,4,1,4,Solvothermal,2,,numeric_decimal_standardized;temperature_numeric_standardized;time_numeric_standardized,,0
475,"Adenine (0.4) / 4,4'-BPDC (0.8)",Non specificata,Zn,Zn(NO3)2·6H2O,DMF,Nessuno,130,24,1.2,1.2,1,Solvothermal,2,,numeric_decimal_standardized;temperature_numeric_standardized;time_numeric_standardized,,0
476,Adenine,Non specificata,Co,Co(NO3)2·6H2O,DMF,Nessuno,120,24,1,1,1,Solvothermal,2,,numeric_decimal_standardized;temperature_numeric_standardized;time_numeric_standardized,,0
477,"Pyrazine-2,3-dicarboxylic acid",Non specificata,Zn,Zn(NO3)2·6H2O,H2O,Nessuno,140,24,1,2,0.5,Hydrothermal,2,,numeric_decimal_standardized;temperature_numeric_standardized;time_numeric_standardized,,0
478,Citric acid (1.0) / Diamondoid linker (1.0),Non specificata,Co,Co(NO3)2·6H2O,H2O/EtOH,Nessuno,120,24,2,2,1,Hydrothermal,2,,numeric_decimal_standardized;temperature_numeric_standardized;time_numeric_standardized,,0
479,BHB-based tetracarboxylate,Non specificata,Cu,Cu(NO3)2·2.5H2O,DMF/Dioxane,Nessuno,65,48,0.2,0.8,0.25,Solvothermal,2,,temperature_numeric_standardized;time_numeric_standardized,,0
480,"2,5-Dihydroxyterephthalic acid",Non specificata,Mg,Mg(OAc)2·4H2O,H2O/THF,Nessuno,110,24,1,3.3,0.303,Solvothermal,2,,numeric_decimal_standardized;solvent_canonicalized;temperature_numeric_standardized;time_numeric_standardized,,0
481,"2,6-Naphthalenedicarboxylic acid",Non specificata,Al,Al(NO3)3·9H2O,DMF,Nessuno,120,24,2,2,1,Solvothermal,2,,numeric_decimal_standardized;temperature_numeric_standardized;time_numeric_standardized,,0
482,"4,4'-Biphenyldicarboxylic acid",Non specificata,Al,Al(NO3)3·9H2O,DMF,Nessuno,120,24,2,2,1,Solvothermal,2,,numeric_decimal_standardized;temperature_numeric_standardized;time_numeric_standardized,,0
483,TCPP,Non specificata,Al,Al(NO3)3·9H2O,H2O,Nessuno,180,24,0.1,0.5,0.2,Hydrothermal,2,,temperature_numeric_standardized;time_numeric_standardized,,0
484,Fumaric acid,Non specificata,Zr,ZrOCl2·8H2O,H2O/Formic acid,Nessuno,100,24,2,2,1,Hydrothermal,2,,numeric_decimal_standardized;solvent_canonicalized;temperature_numeric_standardized;time_numeric_standardized,,0
485,"1,4-Benzenedicarboxylic acid (H2BDC)",Non specificata,Ce,Ce(NH4)2(NO3)6,DMF,Nessuno,100,15,1,1,1,Solvothermal,2,,numeric_decimal_standardized;temperature_numeric_standardized;time_numeric_standardized,,0
486,"1,4-Benzenedicarboxylic acid (H2BDC)",Non specificata,Hf,HfCl4,DMF/HCl,Nessuno,120,24,1,1,1,Solvothermal,2,,numeric_decimal_standardized;temperature_numeric_standardized;time_numeric_standardized,,0
487,"4,4'-Biphenyldicarboxylic acid",Non specificata,Hf,HfCl4,DMF/HCl,Nessuno,120,24,0.8,0.8,1,Solvothermal,2,,numeric_decimal_standardized;temperature_numeric_standardized;time_numeric_standardized,,0
488,"2,5-Thiophenedicarboxylic acid",Non specificata,Zr,ZrCl4,DMF/Propanol,Nessuno,120,24,1,1,1,Solvothermal,2,,numeric_decimal_standardized;temperature_numeric_standardized;time_numeric_standardized,,0
489,TDPAT,Non specificata,Fe,FeCl3,DMF,Nessuno,120,48,0.3,1,0.3,Solvothermal,2,,numeric_decimal_standardized;temperature_numeric_standardized;time_numeric_standardized,,0
490,TCPP,Non specificata,Zr,ZrCl4,DMF,Nessuno,120,24,0.05,0.3,0.1667,Solvothermal,2,,temperature_numeric_standardized;time_numeric_standardized,,0
491,TCPP,Non specificata,Zr,ZrOCl2·8H2O,DMF/Benzoic acid,Nessuno,120,24,0.05,0.3,0.1667,Solvothermal,2,,temperature_numeric_standardized;time_numeric_standardized;exact_duplicate_candidate,DUP_017,0
492,TCPP,Non specificata,Zr,ZrOCl2·8H2O,DMF/Benzoic acid,Nessuno,120,24,0.05,0.3,0.1667,Solvothermal,2,,temperature_numeric_standardized;time_numeric_standardized;exact_duplicate_candidate,DUP_017,0
493,TATB,Non specificata,Zr,ZrCl4,DMF/TFA,Nessuno,120,24,0.1,0.4,0.25,Solvothermal,2,,temperature_numeric_standardized;time_numeric_standardized,,0
494,H4TBAPy derivative,Non specificata,Zr,ZrOCl2·8H2O,DMF/TFA,Nessuno,120,24,0.05,0.25,0.2,Solvothermal,2,,temperature_numeric_standardized;time_numeric_standardized,,0
495,4-Aminobenzoic acid,Non specificata,Ti,Ti(OiPr)4,DMF,Nessuno,120,24,4,2,2,Solvothermal,2,,numeric_decimal_standardized;temperature_numeric_standardized;time_numeric_standardized,,0
496,2-Aminoterephthalic acid,Non specificata,Al,AlCl3·6H2O,DMF,Nessuno,130,72,1.5,3,0.5,Solvothermal,2,,numeric_decimal_standardized;temperature_numeric_standardized;time_numeric_standardized,,0
497,2-Aminoterephthalic acid,Non specificata,Cr,Cr(NO3)3·9H2O,H2O/NaOH,Nessuno,150,12,4,4,1,Hydrothermal,2,,numeric_decimal_standardized;temperature_numeric_standardized;time_numeric_standardized,,0
498,2-Aminoterephthalic acid,Non specificata,Fe,FeCl3·6H2O,DMF,Nessuno,110,24,1.5,3,0.5,Solvothermal,2,,numeric_decimal_standardized;temperature_numeric_standardized;time_numeric_standardized,,0
499,"1,3,5-Benzenetricarboxylic acid (H3BTC)",Non specificata,Zn,Zn(NO3)2·6H2O,DMF/EtOH,Nessuno,85,24,2,3,0.6667,Solvothermal,2,,numeric_decimal_standardized;temperature_numeric_standardized;time_numeric_standardized,,0
500,"4,4'-Bipyridine (0.5) / H2BDC (0.5)",Non specificata,Cd,Cd(NO3)2·4H2O,DMF,Nessuno,100,48,1,1,1,Solvothermal,2,,numeric_decimal_standardized;temperature_numeric_standardized;time_numeric_standardized,,0
501,2-Fluoroterephthalic acid,Non specificata,Zr,ZrCl4,DMF/HCl,HCl,120,24,1,1,1,Solvothermal,2,,numeric_decimal_standardized;temperature_numeric_standardized;time_numeric_standardized,,0
502,"1,2,4,5-Benzenetetracarboxylic acid",Non specificata,Zr,ZrOCl2·8H2O,DMF/H2O,Acido acetico,100,24,0.5,1,0.5,Solvothermal,2,,additive_canonicalized;numeric_decimal_standardized;solvent_canonicalized;temperature_numeric_standardized;time_numeric_standardized,,0
503,2-Sulfoterephthalic acid monosodium salt,Non specificata,Zr,ZrCl4,DMF/HCl,HCl,120,24,1,1,1,Solvothermal,2,,numeric_decimal_standardized;temperature_numeric_standardized;time_numeric_standardized,,0
504,"2,5-Dihydroxyterephthalic acid",Non specificata,Zr,ZrOCl2·8H2O,DMF/H2O,Acido benzoico,120,24,1,1,1,Solvothermal,2,,additive_canonicalized;numeric_decimal_standardized;solvent_canonicalized;temperature_numeric_standardized;time_numeric_standardized,,0
505,"1,4-Benzenedicarboxylic acid (H2BDC)",Non specificata,Ce,Ce(NH4)2(NO3)6,DMF,Acido formico,100,15,1,1,1,Solvothermal,2,,additive_canonicalized;numeric_decimal_standardized;temperature_numeric_standardized;time_numeric_standardized,,0
506,2-Aminoterephthalic acid,Non specificata,Hf,HfCl4,DMF/HCl,HCl,120,24,1,1,1,Solvothermal,2,,numeric_decimal_standardized;temperature_numeric_standardized;time_numeric_standardized,,0
507,"2,5-Dimethylterephthalic acid",Non specificata,Zr,ZrCl4,DMF/HCl,HCl,120,24,1,1,1,Solvothermal,2,,numeric_decimal_standardized;temperature_numeric_standardized;time_numeric_standardized,,0
508,"2,5-Dinitroterephthalic acid",Non specificata,Zr,ZrCl4,DMF/HCl,HCl,120,24,1,1,1,Solvothermal,2,,numeric_decimal_standardized;temperature_numeric_standardized;time_numeric_standardized,,0
509,"2-Amino-[1,1'-biphenyl]-4,4'-dicarboxylic acid",Non specificata,Zr,ZrCl4,DMF/HCl,HCl,120,24,0.5,0.5,1,Solvothermal,2,,numeric_decimal_standardized;temperature_numeric_standardized;time_numeric_standardized,,0
510,"3,3'-Dimethyl-[1,1'-biphenyl]-4,4'-dicarboxylic acid",Non specificata,Zr,ZrCl4,DMF/HCl,Acido benzoico,120,24,0.5,0.5,1,Solvothermal,2,,additive_canonicalized;numeric_decimal_standardized;temperature_numeric_standardized;time_numeric_standardized,,0
511,"2'-Amino-[1,1':4',1''-terphenyl]-4,4''-dicarboxylic acid",Non specificata,Zr,ZrCl4,DMF/HCl,Acido benzoico,120,24,0.3,0.3,1,Solvothermal,2,,additive_canonicalized;numeric_decimal_standardized;temperature_numeric_standardized;time_numeric_standardized,,0
512,"2,6-Naphthalenedicarboxylic acid",Non specificata,Zr,ZrCl4,DMF/Acetic acid,Acido acetico,120,24,1,1,1,Solvothermal,2,,additive_canonicalized;numeric_decimal_standardized;temperature_numeric_standardized;time_numeric_standardized,,0
513,"2,6-Naphthalenedicarboxylic acid",Non specificata,Hf,HfCl4,DMF/Acetic acid,Acido acetico,120,24,1,1,1,Solvothermal,2,,additive_canonicalized;numeric_decimal_standardized;temperature_numeric_standardized;time_numeric_standardized,,0
514,Fumaric acid,Non specificata,Zr,ZrOCl2·8H2O,H2O/Formic acid,Acido formico,100,24,2,2,1,Hydrothermal,2,,additive_canonicalized;numeric_decimal_standardized;solvent_canonicalized;temperature_numeric_standardized;time_numeric_standardized,,0
515,Fumaric acid,Non specificata,Hf,HfCl4,DMF/Formic acid,Acido formico,120,24,2,2,1,Solvothermal,2,,additive_canonicalized;numeric_decimal_standardized;temperature_numeric_standardized;time_numeric_standardized,,0
516,5-Aminoisophthalic acid,Non specificata,Zr,ZrOCl2·8H2O,DMF/Formic acid,Acido formico,100,24,0.5,1,0.5,Solvothermal,2,,additive_canonicalized;numeric_decimal_standardized;temperature_numeric_standardized;time_numeric_standardized,,0
517,"1,3,5-Benzenetricarboxylic acid (H3BTC)",Non specificata,Hf,HfCl4,DMF/Formic acid,Acido formico,100,24,0.27,0.8,0.3375,Solvothermal,2,,additive_canonicalized;temperature_numeric_standardized;time_numeric_standardized,,0
518,"Pyrazole-3,5-dicarboxylic acid",Non specificata,Hf,HfCl4,DMF/Formic acid,Acido formico,120,24,1,1,1,Solvothermal,2,,additive_canonicalized;numeric_decimal_standardized;temperature_numeric_standardized;time_numeric_standardized,,0
519,"1,3,6,8-tetrakis(p-benzoic acid)pyrene",Non specificata,Hf,HfCl4,DMF/TFA,TFA,120,18,0.06,0.3,0.2,Solvothermal,2,,temperature_numeric_standardized;time_numeric_standardized,,0
520,"1,3,6,8-tetrakis(p-benzoic acid)pyrene",Non specificata,Zr,ZrOCl2·8H2O,DMF/Benzoic acid,Acido benzoico,120,18,0.05,0.25,0.2,Solvothermal,2,,additive_canonicalized;temperature_numeric_standardized;time_numeric_standardized,,0
521,2-Methylimidazole,Non specificata,Co,Co(NO3)2·6H2O,H2O/MeOH,Acido formico,150,12,4,2.5,1.6,Precipitation,2,,additive_canonicalized;numeric_decimal_standardized;solvent_canonicalized;temperature_numeric_standardized;time_numeric_standardized,,0
522,Benzimidazole,Non specificata,Co,Co(OAc)2·4H2O,MeCN,Acido benzoico,25,48,2,2.5,0.8,Room Temperature,2,,additive_canonicalized;numeric_decimal_standardized;temperature_numeric_standardized;time_numeric_standardized,,0
523,2-Aminoterephthalic acid,Non specificata,Ni,Ni(NO3)2·6H2O,DMF,HNO3,85,36,1,1.5,0.6667,Microwave,2,,numeric_decimal_standardized;temperature_numeric_standardized;time_numeric_standardized,,0
524,"2,5-Dihydroxyterephthalic acid (H4DOBDC)",Non specificata,Ni,Ni(OAc)2·4H2O,DEF,Trietilammina (TEA),100,48,1,5,0.2,Sonochemical,2,,additive_canonicalized;numeric_decimal_standardized;temperature_numeric_standardized;time_numeric_standardized,,0
525,"4,4'-Biphenyldicarboxylic acid (H2BPDC)",Non specificata,Fe,FeCl3·6H2O,MeOH,Trietilammina (TEA),120,4,1.5,5,0.3,Solvothermal,2,,additive_canonicalized;numeric_decimal_standardized;temperature_numeric_standardized;time_numeric_standardized,,0
526,"2,6-Naphthalenedicarboxylic acid (2,6-NDC)",Non specificata,Fe,Fe(NO3)3·9H2O,EtOH,HNO3,130,4,1.5,5,0.3,Hydrothermal,2,,numeric_decimal_standardized;temperature_numeric_standardized;time_numeric_standardized,,0
527,Fumaric acid,Non specificata,Al,Al(NO3)3·9H2O,H2O,Nessuno,60,24,1.5,2.5,0.6,Precipitation,2,,temperature_numeric_standardized;time_numeric_standardized,,0
528,Isophthalic acid,Non specificata,Al,AlCl3·6H2O,DMF/H2O/EtOH,Acido benzoico,25,2,1,1.5,0.6667,Room Temperature,2,,additive_canonicalized;numeric_decimal_standardized;solvent_canonicalized;temperature_numeric_standardized;time_numeric_standardized,,0
529,5-Nitroisophthalic acid,Non specificata,Zr,ZrCl4,DMF/H2O,Acido formico,85,36,0.25,2,0.125,Microwave,2,,additive_canonicalized;numeric_decimal_standardized;temperature_numeric_standardized;time_numeric_standardized,,0
530,5-Aminoisophthalic acid,Non specificata,Zr,ZrOCl2·8H2O,DMA,Nessuno,120,6,2,4,0.5,Sonochemical,2,,numeric_decimal_standardized;temperature_numeric_standardized;time_numeric_standardized,,0
531,Imidazole-2-carboxaldehyde,Non specificata,Mg,Mg(NO3)2·6H2O,H2O/THF,HCl,150,4,0.25,2,0.125,Solvothermal,2,,numeric_decimal_standardized;solvent_canonicalized;temperature_numeric_standardized;time_numeric_standardized,,0
532,"4,4',4''-Triaminotriphenylamine",Non specificata,Mn,Mn(OAc)2·4H2O,H2O/MeOH,Acido acetico,80,72,2,1,2,Hydrothermal,2,,additive_canonicalized;numeric_decimal_standardized;solvent_canonicalized;temperature_numeric_standardized;time_numeric_standardized,,0
533,Tetrakis(4-carboxyphenyl)porphyrin (TCPP),Non specificata,Zn,Zn(NO3)2·6H2O,MeCN,Acido benzoico,100,36,2,2,1,Precipitation,2,,additive_canonicalized;numeric_decimal_standardized;temperature_numeric_standardized;time_numeric_standardized,,0
534,"Pyrazine-2,3-dicarboxylic acid",Non specificata,Zn,Zn(OAc)2·2H2O,DMF,HCl,25,6,0.25,3,0.0833,Room Temperature,2,,numeric_decimal_standardized;temperature_numeric_standardized;time_numeric_standardized,,0
535,"4,4'-Bipyridine",Non specificata,Cu,Cu(NO3)2·2.5H2O,DEF,Trietilammina (TEA),80,48,0.5,2,0.25,Microwave,2,,additive_canonicalized;numeric_decimal_standardized;temperature_numeric_standardized;time_numeric_standardized,,0
536,"1,2,4-Triazole",Non specificata,Cu,Cu(OAc)2·H2O,MeOH,Trietilammina (TEA),130,24,1.5,1,1.5,Sonochemical,2,,additive_canonicalized;numeric_decimal_standardized;temperature_numeric_standardized;time_numeric_standardized,,0
537,"1,4-Benzenedicarboxylic acid (H2BDC)",Non specificata,Co,Co(NO3)2·6H2O,EtOH,HCl,80,4,3,1,3,Solvothermal,2,,numeric_decimal_standardized;temperature_numeric_standardized;time_numeric_standardized,,0
538,"1,3,5-Benzenetricarboxylic acid (H3BTC)",Non specificata,Co,Co(OAc)2·4H2O,H2O,Trietilammina (TEA),180,36,0.25,2,0.125,Hydrothermal,2,,additive_canonicalized;numeric_decimal_standardized;temperature_numeric_standardized;time_numeric_standardized,,0
539,2-Methylimidazole,Non specificata,Ni,Ni(NO3)2·6H2O,DMF/H2O/EtOH,Acido acetico,180,18,2,5,0.4,Precipitation,2,,additive_canonicalized;numeric_decimal_standardized;solvent_canonicalized;temperature_numeric_standardized;time_numeric_standardized,,0
540,Benzimidazole,Non specificata,Ni,Ni(OAc)2·4H2O,DMF/H2O,Nessuno,25,18,0.5,5,0.1,Room Temperature,2,,numeric_decimal_standardized;temperature_numeric_standardized;time_numeric_standardized,,0
541,2-Aminoterephthalic acid,Non specificata,Fe,FeCl3·6H2O,DMA,Nessuno,200,2,4,0.5,8,Microwave,2,,numeric_decimal_standardized;temperature_numeric_standardized;time_numeric_standardized,,0
542,"2,5-Dihydroxyterephthalic acid (H4DOBDC)",Non specificata,Fe,Fe(NO3)3·9H2O,H2O/THF,Acido formico,180,2,4,2,2,Sonochemical,2,,additive_canonicalized;numeric_decimal_standardized;solvent_canonicalized;temperature_numeric_standardized;time_numeric_standardized,,0
543,"4,4'-Biphenyldicarboxylic acid (H2BPDC)",Non specificata,Al,Al(NO3)3·9H2O,H2O/MeOH,Acido formico,85,2,1,5,0.2,Solvothermal,2,,additive_canonicalized;numeric_decimal_standardized;solvent_canonicalized;temperature_numeric_standardized;time_numeric_standardized,,0
544,"2,6-Naphthalenedicarboxylic acid (2,6-NDC)",Non specificata,Al,AlCl3·6H2O,MeCN,Acido acetico,60,18,4,1,4,Hydrothermal,2,,additive_canonicalized;numeric_decimal_standardized;temperature_numeric_standardized;time_numeric_standardized,,0
545,Fumaric acid,Non specificata,Zr,ZrCl4,DMF,Acido acetico,200,36,1.5,0.5,3,Precipitation,2,,additive_canonicalized;numeric_decimal_standardized;temperature_numeric_standardized;time_numeric_standardized,,0
546,Isophthalic acid,Non specificata,Zr,ZrOCl2·8H2O,DEF,Acido benzoico,25,2,4,5,0.8,Room Temperature,2,,additive_canonicalized;numeric_decimal_standardized;temperature_numeric_standardized;time_numeric_standardized,,0
547,5-Nitroisophthalic acid,Non specificata,Mg,Mg(NO3)2·6H2O,MeOH,Trietilammina (TEA),180,18,1.5,1.5,1,Microwave,2,,additive_canonicalized;numeric_decimal_standardized;temperature_numeric_standardized;time_numeric_standardized,,0
548,5-Aminoisophthalic acid,Non specificata,Mn,Mn(OAc)2·4H2O,EtOH,Acido benzoico,85,2,2,1.5,1.3333,Sonochemical,2,,additive_canonicalized;numeric_decimal_standardized;temperature_numeric_standardized;time_numeric_standardized,,0
549,Imidazole-2-carboxaldehyde,Non specificata,Zn,Zn(NO3)2·6H2O,H2O,Acido benzoico,85,2,0.5,2.5,0.2,Solvothermal,2,,additive_canonicalized;temperature_numeric_standardized;time_numeric_standardized,,0
550,"4,4',4''-Triaminotriphenylamine",Non specificata,Zn,Zn(OAc)2·2H2O,DMF/H2O/EtOH,Acido acetico,150,72,4,4,1,Hydrothermal,2,,additive_canonicalized;numeric_decimal_standardized;solvent_canonicalized;temperature_numeric_standardized;time_numeric_standardized,,0
551,Tetrakis(4-carboxyphenyl)porphyrin (TCPP),Non specificata,Cu,Cu(NO3)2·2.5H2O,DMF/H2O,HNO3,85,36,1.5,0.5,3,Precipitation,2,,numeric_decimal_standardized;temperature_numeric_standardized;time_numeric_standardized,,0
552,"Pyrazine-2,3-dicarboxylic acid",Non specificata,Cu,Cu(OAc)2·H2O,DMA,Acido benzoico,25,12,2,3,0.6667,Room Temperature,2,,additive_canonicalized;numeric_decimal_standardized;temperature_numeric_standardized;time_numeric_standardized,,0
553,"4,4'-Bipyridine",Non specificata,Co,Co(NO3)2·6H2O,H2O/THF,Acido formico,150,12,4,2.5,1.6,Microwave,2,,additive_canonicalized;numeric_decimal_standardized;solvent_canonicalized;temperature_numeric_standardized;time_numeric_standardized,,0
554,"1,2,4-Triazole",Non specificata,Co,Co(OAc)2·4H2O,H2O/MeOH,Acido acetico,85,24,0.5,2,0.25,Sonochemical,2,,additive_canonicalized;numeric_decimal_standardized;solvent_canonicalized;temperature_numeric_standardized;time_numeric_standardized,,0
555,"1,4-Benzenedicarboxylic acid (H2BDC)",Non specificata,Ni,Ni(NO3)2·6H2O,MeCN,HCl,200,18,1.5,3,0.5,Solvothermal,2,,numeric_decimal_standardized;temperature_numeric_standardized;time_numeric_standardized,,0
556,"1,3,5-Benzenetricarboxylic acid (H3BTC)",Non specificata,Ni,Ni(OAc)2·4H2O,DMF,Acido benzoico,100,36,0.25,2,0.125,Hydrothermal,2,,additive_canonicalized;numeric_decimal_standardized;temperature_numeric_standardized;time_numeric_standardized,,0
557,2-Methylimidazole,Non specificata,Fe,FeCl3·6H2O,DEF,Trietilammina (TEA),60,2,1,0.5,2,Precipitation,2,,additive_canonicalized;numeric_decimal_standardized;temperature_numeric_standardized;time_numeric_standardized,,0
558,Benzimidazole,Non specificata,Fe,Fe(NO3)3·9H2O,MeOH,Nessuno,25,72,2,2,1,Room Temperature,2,,numeric_decimal_standardized;temperature_numeric_standardized;time_numeric_standardized,,0
559,2-Aminoterephthalic acid,Non specificata,Al,Al(NO3)3·9H2O,EtOH,Nessuno,85,36,1,3,0.3333,Microwave,2,,numeric_decimal_standardized;temperature_numeric_standardized;time_numeric_standardized,,0
560,"2,5-Dihydroxyterephthalic acid (H4DOBDC)",Non specificata,Al,AlCl3·6H2O,H2O,HCl,120,2,0.5,1.5,0.3333,Sonochemical,2,,temperature_numeric_standardized;time_numeric_standardized,,0
561,"4,4'-Biphenyldicarboxylic acid (H2BPDC)",Non specificata,Zr,ZrCl4,DMF/H2O/EtOH,HCl,180,24,0.25,5,0.05,Solvothermal,2,,numeric_decimal_standardized;solvent_canonicalized;temperature_numeric_standardized;time_numeric_standardized,,0
562,"2,6-Naphthalenedicarboxylic acid (2,6-NDC)",Non specificata,Zr,ZrOCl2·8H2O,DMF/H2O,HCl,60,2,1.5,1,1.5,Hydrothermal,2,,numeric_decimal_standardized;temperature_numeric_standardized;time_numeric_standardized,,0
563,Fumaric acid,Non specificata,Mg,Mg(NO3)2·6H2O,DMA,HNO3,150,4,0.25,1.5,0.1667,Precipitation,2,,temperature_numeric_standardized;time_numeric_standardized,,0
564,Isophthalic acid,Non specificata,Mn,Mn(OAc)2·4H2O,H2O/THF,Acido formico,25,2,0.25,5,0.05,Room Temperature,2,,additive_canonicalized;numeric_decimal_standardized;solvent_canonicalized;temperature_numeric_standardized;time_numeric_standardized,,0
565,5-Nitroisophthalic acid,Non specificata,Zn,Zn(NO3)2·6H2O,H2O/MeOH,Trietilammina (TEA),60,4,1.5,1,1.5,Microwave,2,,additive_canonicalized;numeric_decimal_standardized;solvent_canonicalized;temperature_numeric_standardized;time_numeric_standardized,,0
566,5-Aminoisophthalic acid,Non specificata,Zn,Zn(OAc)2·2H2O,MeCN,Nessuno,150,18,0.25,5,0.05,Sonochemical,2,,numeric_decimal_standardized;temperature_numeric_standardized;time_numeric_standardized,,0
567,Imidazole-2-carboxaldehyde,Non specificata,Cu,Cu(NO3)2·2.5H2O,DMF,Acido acetico,85,4,1.5,2.5,0.6,Solvothermal,2,,additive_canonicalized;temperature_numeric_standardized;time_numeric_standardized,,0
568,"4,4',4''-Triaminotriphenylamine",Non specificata,Cu,Cu(OAc)2·H2O,DEF,Acido formico,130,36,4,2,2,Hydrothermal,2,,additive_canonicalized;numeric_decimal_standardized;temperature_numeric_standardized;time_numeric_standardized,,0
569,Tetrakis(4-carboxyphenyl)porphyrin (TCPP),Non specificata,Co,Co(NO3)2·6H2O,MeOH,HNO3,180,2,3,4,0.75,Precipitation,2,,numeric_decimal_standardized;temperature_numeric_standardized;time_numeric_standardized,,0
570,"Pyrazine-2,3-dicarboxylic acid",Non specificata,Co,Co(OAc)2·4H2O,EtOH,Trietilammina (TEA),25,12,3,1,3,Room Temperature,2,,additive_canonicalized;numeric_decimal_standardized;temperature_numeric_standardized;time_numeric_standardized,,0
571,"4,4'-Bipyridine",Non specificata,Ni,Ni(NO3)2·6H2O,H2O,Trietilammina (TEA),60,72,1,2,0.5,Microwave,2,,additive_canonicalized;numeric_decimal_standardized;temperature_numeric_standardized;time_numeric_standardized,,0
572,"1,2,4-Triazole",Non specificata,Ni,Ni(OAc)2·4H2O,DMF/H2O/EtOH,HCl,85,12,1,2,0.5,Sonochemical,2,,numeric_decimal_standardized;solvent_canonicalized;temperature_numeric_standardized;time_numeric_standardized,,0
573,"1,4-Benzenedicarboxylic acid (H2BDC)",Non specificata,Fe,FeCl3·6H2O,DMF/H2O,HCl,85,6,1,4,0.25,Solvothermal,2,,numeric_decimal_standardized;temperature_numeric_standardized;time_numeric_standardized,,0
574,"1,3,5-Benzenetricarboxylic acid (H3BTC)",Non specificata,Fe,Fe(NO3)3·9H2O,DMA,Acido benzoico,150,12,0.25,0.5,0.5,Hydrothermal,2,,additive_canonicalized;temperature_numeric_standardized;time_numeric_standardized,,0
575,2-Methylimidazole,Non specificata,Al,Al(NO3)3·9H2O,H2O/THF,HCl,80,48,1,0.5,2,Precipitation,2,,numeric_decimal_standardized;solvent_canonicalized;temperature_numeric_standardized;time_numeric_standardized,,0
576,Benzimidazole,Non specificata,Al,AlCl3·6H2O,H2O/MeOH,Acido benzoico,25,72,0.5,0.5,1,Room Temperature,2,,additive_canonicalized;numeric_decimal_standardized;solvent_canonicalized;temperature_numeric_standardized;time_numeric_standardized,,0
577,2-Aminoterephthalic acid,Non specificata,Zr,ZrCl4,MeCN,Nessuno,85,36,0.5,2,0.25,Microwave,2,,numeric_decimal_standardized;temperature_numeric_standardized;time_numeric_standardized,,0
578,"2,5-Dihydroxyterephthalic acid (H4DOBDC)",Non specificata,Zr,ZrOCl2·8H2O,DMF,Trietilammina (TEA),100,2,0.25,1,0.25,Sonochemical,2,,additive_canonicalized;numeric_decimal_standardized;temperature_numeric_standardized;time_numeric_standardized,,0
579,"4,4'-Biphenyldicarboxylic acid (H2BPDC)",Non specificata,Mg,Mg(NO3)2·6H2O,DEF,Acido benzoico,120,18,1,5,0.2,Solvothermal,2,,additive_canonicalized;numeric_decimal_standardized;temperature_numeric_standardized;time_numeric_standardized,,0
580,"2,6-Naphthalenedicarboxylic acid (2,6-NDC)",Non specificata,Mn,Mn(OAc)2·4H2O,MeOH,Acido formico,200,72,1,1.5,0.6667,Hydrothermal,2,,additive_canonicalized;numeric_decimal_standardized;temperature_numeric_standardized;time_numeric_standardized,,0
581,Fumaric acid,Non specificata,Zn,Zn(NO3)2·6H2O,EtOH,HCl,100,48,0.25,3,0.0833,Precipitation,2,,numeric_decimal_standardized;temperature_numeric_standardized;time_numeric_standardized,,0
582,Isophthalic acid,Non specificata,Zn,Zn(OAc)2·2H2O,H2O,Trietilammina (TEA),25,2,1.5,5,0.3,Room Temperature,2,,additive_canonicalized;numeric_decimal_standardized;temperature_numeric_standardized;time_numeric_standardized,,0
583,5-Nitroisophthalic acid,Non specificata,Cu,Cu(NO3)2·2.5H2O,DMF/H2O/EtOH,Trietilammina (TEA),180,12,1,3,0.3333,Microwave,2,,additive_canonicalized;numeric_decimal_standardized;solvent_canonicalized;temperature_numeric_standardized;time_numeric_standardized,,0
584,5-Aminoisophthalic acid,Non specificata,Cu,Cu(OAc)2·H2O,DMF/H2O,Acido acetico,200,6,2,0.5,4,Sonochemical,2,,additive_canonicalized;numeric_decimal_standardized;temperature_numeric_standardized;time_numeric_standardized,,0
585,Imidazole-2-carboxaldehyde,Non specificata,Co,Co(NO3)2·6H2O,DMA,HNO3,80,4,1,3,0.3333,Solvothermal,2,,numeric_decimal_standardized;temperature_numeric_standardized;time_numeric_standardized,,0
586,"4,4',4''-Triaminotriphenylamine",Non specificata,Co,Co(OAc)2·4H2O,H2O/THF,Nessuno,200,12,1.5,0.5,3,Hydrothermal,2,,numeric_decimal_standardized;solvent_canonicalized;temperature_numeric_standardized;time_numeric_standardized,,0
587,Tetrakis(4-carboxyphenyl)porphyrin (TCPP),Non specificata,Ni,Ni(NO3)2·6H2O,H2O/MeOH,Acido formico,120,12,4,5,0.8,Precipitation,2,,additive_canonicalized;numeric_decimal_standardized;solvent_canonicalized;temperature_numeric_standardized;time_numeric_standardized,,0
588,"Pyrazine-2,3-dicarboxylic acid",Non specificata,Ni,Ni(OAc)2·4H2O,MeCN,HCl,25,2,0.25,5,0.05,Room Temperature,2,,numeric_decimal_standardized;temperature_numeric_standardized;time_numeric_standardized,,0
589,"4,4'-Bipyridine",Non specificata,Fe,FeCl3·6H2O,DMF,Trietilammina (TEA),85,24,3,4,0.75,Microwave,2,,additive_canonicalized;numeric_decimal_standardized;temperature_numeric_standardized;time_numeric_standardized,,0
590,"1,2,4-Triazole",Non specificata,Fe,Fe(NO3)3·9H2O,DEF,Trietilammina (TEA),130,24,1,2.5,0.4,Sonochemical,2,,additive_canonicalized;numeric_decimal_standardized;temperature_numeric_standardized;time_numeric_standardized,,0
591,"1,4-Benzenedicarboxylic acid (H2BDC)",Non specificata,Al,Al(NO3)3·9H2O,MeOH,Nessuno,180,4,3,2.5,1.2,Solvothermal,2,,numeric_decimal_standardized;temperature_numeric_standardized;time_numeric_standardized,,0
592,"1,3,5-Benzenetricarboxylic acid (H3BTC)",Non specificata,Al,AlCl3·6H2O,EtOH,Acido formico,60,18,2,2,1,Hydrothermal,2,,additive_canonicalized;numeric_decimal_standardized;temperature_numeric_standardized;time_numeric_standardized,,0
593,2-Methylimidazole,Non specificata,Zr,ZrCl4,H2O,Nessuno,100,6,0.25,5,0.05,Precipitation,2,,numeric_decimal_standardized;temperature_numeric_standardized;time_numeric_standardized,,0
594,Benzimidazole,Non specificata,Zr,ZrOCl2·8H2O,DMF/H2O/EtOH,HCl,25,18,1,3,0.3333,Room Temperature,2,,numeric_decimal_standardized;solvent_canonicalized;temperature_numeric_standardized;time_numeric_standardized,,0
595,2-Aminoterephthalic acid,Non specificata,Mg,Mg(NO3)2·6H2O,DMF/H2O,Nessuno,200,18,2,5,0.4,Microwave,2,,numeric_decimal_standardized;temperature_numeric_standardized;time_numeric_standardized,,0
596,"2,5-Dihydroxyterephthalic acid (H4DOBDC)",Non specificata,Mn,Mn(OAc)2·4H2O,DMA,HCl,120,6,0.25,2,0.125,Sonochemical,2,,numeric_decimal_standardized;temperature_numeric_standardized;time_numeric_standardized,,0
597,"4,4'-Biphenyldicarboxylic acid (H2BPDC)",Non specificata,Zn,Zn(NO3)2·6H2O,H2O/THF,Acido acetico,120,36,1,0.5,2,Solvothermal,2,,additive_canonicalized;numeric_decimal_standardized;solvent_canonicalized;temperature_numeric_standardized;time_numeric_standardized,,0
598,"2,6-Naphthalenedicarboxylic acid (2,6-NDC)",Non specificata,Zn,Zn(OAc)2·2H2O,H2O/MeOH,Trietilammina (TEA),200,24,1,1,1,Hydrothermal,2,,additive_canonicalized;numeric_decimal_standardized;solvent_canonicalized;temperature_numeric_standardized;time_numeric_standardized,,0
599,Fumaric acid,Non specificata,Cu,Cu(NO3)2·2.5H2O,MeCN,Trietilammina (TEA),180,4,4,5,0.8,Precipitation,2,,additive_canonicalized;numeric_decimal_standardized;temperature_numeric_standardized;time_numeric_standardized,,0
600,Isophthalic acid,Non specificata,Cu,Cu(OAc)2·H2O,DMF,Acido formico,25,36,4,1,4,Room Temperature,2,,additive_canonicalized;numeric_decimal_standardized;temperature_numeric_standardized;time_numeric_standardized,,0
601,5-Nitroisophthalic acid,Non specificata,Co,Co(NO3)2·6H2O,DEF,Nessuno,80,2,0.25,5,0.05,Microwave,2,,numeric_decimal_standardized;temperature_numeric_standardized;time_numeric_standardized,,0
602,5-Aminoisophthalic acid,Non specificata,Co,Co(OAc)2·4H2O,MeOH,Acido benzoico,130,36,0.5,2.5,0.2,Sonochemical,2,,additive_canonicalized;temperature_numeric_standardized;time_numeric_standardized,,0
603,Imidazole-2-carboxaldehyde,Non specificata,Ni,Ni(NO3)2·6H2O,EtOH,HCl,85,4,2,0.5,4,Solvothermal,2,,numeric_decimal_standardized;temperature_numeric_standardized;time_numeric_standardized,,0
604,"4,4',4''-Triaminotriphenylamine",Non specificata,Ni,Ni(OAc)2·4H2O,H2O,HCl,150,72,2,2,1,Hydrothermal,2,,numeric_decimal_standardized;temperature_numeric_standardized;time_numeric_standardized,,0
605,Tetrakis(4-carboxyphenyl)porphyrin (TCPP),Non specificata,Fe,FeCl3·6H2O,DMF/H2O/EtOH,Trietilammina (TEA),60,48,3,5,0.6,Precipitation,2,,additive_canonicalized;numeric_decimal_standardized;solvent_canonicalized;temperature_numeric_standardized;time_numeric_standardized,,0
606,"Pyrazine-2,3-dicarboxylic acid",Non specificata,Fe,Fe(NO3)3·9H2O,DMF/H2O,HCl,25,6,4,4,1,Room Temperature,2,,numeric_decimal_standardized;temperature_numeric_standardized;time_numeric_standardized,,0
607,"4,4'-Bipyridine",Non specificata,Al,Al(NO3)3·9H2O,DMA,Acido benzoico,80,4,4,5,0.8,Microwave,2,,additive_canonicalized;numeric_decimal_standardized;temperature_numeric_standardized;time_numeric_standardized,,0
608,"1,2,4-Triazole",Non specificata,Al,AlCl3·6H2O,H2O/THF,Acido benzoico,130,6,0.5,0.5,1,Sonochemical,2,,additive_canonicalized;numeric_decimal_standardized;solvent_canonicalized;temperature_numeric_standardized;time_numeric_standardized,,0
609,"1,4-Benzenedicarboxylic acid (H2BDC)",Non specificata,Zr,ZrCl4,H2O/MeOH,Acido acetico,130,24,1.5,0.5,3,Solvothermal,2,,additive_canonicalized;numeric_decimal_standardized;solvent_canonicalized;temperature_numeric_standardized;time_numeric_standardized,,0
610,"1,3,5-Benzenetricarboxylic acid (H3BTC)",Non specificata,Zr,ZrOCl2·8H2O,MeCN,HNO3,130,24,1.5,1.5,1,Hydrothermal,2,,numeric_decimal_standardized;temperature_numeric_standardized;time_numeric_standardized,,0
611,2-Methylimidazole,Non specificata,Mg,Mg(NO3)2·6H2O,DMF,HCl,60,48,1.5,2.5,0.6,Precipitation,2,,temperature_numeric_standardized;time_numeric_standardized,,0
612,Benzimidazole,Non specificata,Mn,Mn(OAc)2·4H2O,DEF,Trietilammina (TEA),25,18,1.5,4,0.375,Room Temperature,2,,additive_canonicalized;numeric_decimal_standardized;temperature_numeric_standardized;time_numeric_standardized,,0
613,2-Aminoterephthalic acid,Non specificata,Zn,Zn(NO3)2·6H2O,MeOH,HNO3,100,6,1.5,4,0.375,Microwave,2,,numeric_decimal_standardized;temperature_numeric_standardized;time_numeric_standardized,,0
614,"2,5-Dihydroxyterephthalic acid (H4DOBDC)",Non specificata,Zn,Zn(OAc)2·2H2O,EtOH,Acido formico,80,6,4,0.5,8,Sonochemical,2,,additive_canonicalized;numeric_decimal_standardized;temperature_numeric_standardized;time_numeric_standardized,,0
615,"4,4'-Biphenyldicarboxylic acid (H2BPDC)",Non specificata,Cu,Cu(NO3)2·2.5H2O,H2O,Trietilammina (TEA),150,18,2,1,2,Solvothermal,2,,additive_canonicalized;numeric_decimal_standardized;temperature_numeric_standardized;time_numeric_standardized,,0
616,"2,6-Naphthalenedicarboxylic acid (2,6-NDC)",Non specificata,Cu,Cu(OAc)2·H2O,DMF/H2O/EtOH,Nessuno,150,72,2,2,1,Hydrothermal,2,,numeric_decimal_standardized;solvent_canonicalized;temperature_numeric_standardized;time_numeric_standardized,,0
617,Fumaric acid,Non specificata,Co,Co(NO3)2·6H2O,DMF/H2O,Trietilammina (TEA),60,4,3,5,0.6,Precipitation,2,,additive_canonicalized;numeric_decimal_standardized;temperature_numeric_standardized;time_numeric_standardized,,0
618,Isophthalic acid,Non specificata,Co,Co(OAc)2·4H2O,DMA,HNO3,25,72,2,5,0.4,Room Temperature,2,,numeric_decimal_standardized;temperature_numeric_standardized;time_numeric_standardized,,0
619,5-Nitroisophthalic acid,Non specificata,Ni,Ni(NO3)2·6H2O,H2O/THF,HNO3,60,36,4,5,0.8,Microwave,2,,numeric_decimal_standardized;solvent_canonicalized;temperature_numeric_standardized;time_numeric_standardized,,0
620,5-Aminoisophthalic acid,Non specificata,Ni,Ni(OAc)2·4H2O,H2O/MeOH,Acido acetico,130,36,1.5,1.5,1,Sonochemical,2,,additive_canonicalized;numeric_decimal_standardized;solvent_canonicalized;temperature_numeric_standardized;time_numeric_standardized,,0
621,Imidazole-2-carboxaldehyde,Non specificata,Fe,FeCl3·6H2O,MeCN,HNO3,85,18,0.25,3,0.0833,Solvothermal,2,,numeric_decimal_standardized;temperature_numeric_standardized;time_numeric_standardized,,0
622,"4,4',4''-Triaminotriphenylamine",Non specificata,Fe,Fe(NO3)3·9H2O,DMF,Trietilammina (TEA),120,2,3,3,1,Hydrothermal,2,,additive_canonicalized;numeric_decimal_standardized;temperature_numeric_standardized;time_numeric_standardized,,0
623,Tetrakis(4-carboxyphenyl)porphyrin (TCPP),Non specificata,Al,Al(NO3)3·9H2O,DEF,Acido acetico,100,18,0.5,2,0.25,Precipitation,2,,additive_canonicalized;numeric_decimal_standardized;temperature_numeric_standardized;time_numeric_standardized,,0
624,"Pyrazine-2,3-dicarboxylic acid",Non specificata,Al,AlCl3·6H2O,MeOH,Nessuno,25,18,1.5,4,0.375,Room Temperature,2,,numeric_decimal_standardized;temperature_numeric_standardized;time_numeric_standardized,,0
625,"4,4'-Bipyridine",Non specificata,Zr,ZrCl4,EtOH,Trietilammina (TEA),120,36,0.5,1,0.5,Microwave,2,,additive_canonicalized;numeric_decimal_standardized;temperature_numeric_standardized;time_numeric_standardized,,0
626,"1,2,4-Triazole",Non specificata,Zr,ZrOCl2·8H2O,H2O,Acido benzoico,120,12,1.5,1,1.5,Sonochemical,2,,additive_canonicalized;numeric_decimal_standardized;temperature_numeric_standardized;time_numeric_standardized,,0
627,"1,4-Benzenedicarboxylic acid (H2BDC)",Non specificata,Mg,Mg(NO3)2·6H2O,DMF/H2O/EtOH,HNO3,85,2,2,5,0.4,Solvothermal,2,,numeric_decimal_standardized;solvent_canonicalized;temperature_numeric_standardized;time_numeric_standardized,,0
628,"1,3,5-Benzenetricarboxylic acid (H3BTC)",Non specificata,Mn,Mn(OAc)2·4H2O,DMF/H2O,Acido acetico,100,48,4,5,0.8,Hydrothermal,2,,additive_canonicalized;numeric_decimal_standardized;temperature_numeric_standardized;time_numeric_standardized,,0
629,2-Methylimidazole,Non specificata,Zn,Zn(NO3)2·6H2O,DMA,Acido acetico,60,12,1.5,5,0.3,Precipitation,2,,additive_canonicalized;numeric_decimal_standardized;temperature_numeric_standardized;time_numeric_standardized,,0
630,Benzimidazole,Non specificata,Zn,Zn(OAc)2·2H2O,H2O/THF,Nessuno,25,6,0.25,2,0.125,Room Temperature,2,,numeric_decimal_standardized;solvent_canonicalized;temperature_numeric_standardized;time_numeric_standardized,,0
631,2-Aminoterephthalic acid,Non specificata,Cu,Cu(NO3)2·2.5H2O,H2O/MeOH,Nessuno,85,18,1,2,0.5,Microwave,2,,numeric_decimal_standardized;solvent_canonicalized;temperature_numeric_standardized;time_numeric_standardized,,0
632,"2,5-Dihydroxyterephthalic acid (H4DOBDC)",Non specificata,Cu,Cu(OAc)2·H2O,MeCN,HCl,60,48,1,1,1,Sonochemical,2,,numeric_decimal_standardized;temperature_numeric_standardized;time_numeric_standardized,,0
633,"4,4'-Biphenyldicarboxylic acid (H2BPDC)",Non specificata,Co,Co(NO3)2·6H2O,DMF,Acido benzoico,80,6,1,1,1,Solvothermal,2,,additive_canonicalized;numeric_decimal_standardized;temperature_numeric_standardized;time_numeric_standardized,,0
634,"2,6-Naphthalenedicarboxylic acid (2,6-NDC)",Non specificata,Co,Co(OAc)2·4H2O,DEF,Acido acetico,60,48,0.5,2.5,0.2,Hydrothermal,2,,additive_canonicalized;temperature_numeric_standardized;time_numeric_standardized,,0
635,Fumaric acid,Non specificata,Ni,Ni(NO3)2·6H2O,MeOH,HCl,80,6,4,0.5,8,Precipitation,2,,numeric_decimal_standardized;temperature_numeric_standardized;time_numeric_standardized,,0
636,Isophthalic acid,Non specificata,Ni,Ni(OAc)2·4H2O,EtOH,Acido formico,25,18,2,1,2,Room Temperature,2,,additive_canonicalized;numeric_decimal_standardized;temperature_numeric_standardized;time_numeric_standardized,,0
637,5-Nitroisophthalic acid,Non specificata,Fe,FeCl3·6H2O,H2O,HNO3,180,12,2,0.5,4,Microwave,2,,numeric_decimal_standardized;temperature_numeric_standardized;time_numeric_standardized,,0
638,5-Aminoisophthalic acid,Non specificata,Fe,Fe(NO3)3·9H2O,DMF/H2O/EtOH,Nessuno,200,12,2,1,2,Sonochemical,2,,numeric_decimal_standardized;solvent_canonicalized;temperature_numeric_standardized;time_numeric_standardized,,0
639,Imidazole-2-carboxaldehyde,Non specificata,Al,Al(NO3)3·9H2O,DMF/H2O,HCl,180,6,1,0.5,2,Solvothermal,2,,numeric_decimal_standardized;temperature_numeric_standardized;time_numeric_standardized,,0
640,"4,4',4''-Triaminotriphenylamine",Non specificata,Al,AlCl3·6H2O,DMA,Trietilammina (TEA),80,2,4,4,1,Hydrothermal,2,,additive_canonicalized;numeric_decimal_standardized;temperature_numeric_standardized;time_numeric_standardized,,0
641,Tetrakis(4-carboxyphenyl)porphyrin (TCPP),Non specificata,Zr,ZrCl4,H2O/THF,Acido benzoico,120,2,2,4,0.5,Precipitation,2,,additive_canonicalized;numeric_decimal_standardized;solvent_canonicalized;temperature_numeric_standardized;time_numeric_standardized,,0
642,"Pyrazine-2,3-dicarboxylic acid",Non specificata,Zr,ZrOCl2·8H2O,H2O/MeOH,Trietilammina (TEA),25,72,0.25,1.5,0.1667,Room Temperature,2,,additive_canonicalized;solvent_canonicalized;temperature_numeric_standardized;time_numeric_standardized,,0
643,"4,4'-Bipyridine",Non specificata,Mg,Mg(NO3)2·6H2O,MeCN,Nessuno,60,2,1.5,3,0.5,Microwave,2,,numeric_decimal_standardized;temperature_numeric_standardized;time_numeric_standardized,,0
644,"1,2,4-Triazole",Non specificata,Mn,Mn(OAc)2·4H2O,DMF,HCl,130,6,1.5,0.5,3,Sonochemical,2,,numeric_decimal_standardized;temperature_numeric_standardized;time_numeric_standardized,,0
645,"1,4-Benzenedicarboxylic acid (H2BDC)",Non specificata,Zn,Zn(NO3)2·6H2O,DEF,Acido benzoico,200,6,0.25,2,0.125,Solvothermal,2,,additive_canonicalized;numeric_decimal_standardized;temperature_numeric_standardized;time_numeric_standardized,,0
646,"1,3,5-Benzenetricarboxylic acid (H3BTC)",Non specificata,Zn,Zn(OAc)2·2H2O,MeOH,HNO3,100,6,4,1,4,Hydrothermal,2,,numeric_decimal_standardized;temperature_numeric_standardized;time_numeric_standardized,,0
647,2-Methylimidazole,Non specificata,Cu,Cu(NO3)2·2.5H2O,EtOH,HCl,120,6,0.25,2,0.125,Precipitation,2,,numeric_decimal_standardized;temperature_numeric_standardized;time_numeric_standardized,,0
648,Benzimidazole,Non specificata,Cu,Cu(OAc)2·H2O,H2O,Acido benzoico,25,18,2,2,1,Room Temperature,2,,additive_canonicalized;numeric_decimal_standardized;temperature_numeric_standardized;time_numeric_standardized,,0
649,2-Aminoterephthalic acid,Non specificata,Co,Co(NO3)2·6H2O,DMF/H2O/EtOH,Acido acetico,200,36,2,2.5,0.8,Microwave,2,,additive_canonicalized;numeric_decimal_standardized;solvent_canonicalized;temperature_numeric_standardized;time_numeric_standardized,,0
650,"2,5-Dihydroxyterephthalic acid (H4DOBDC)",Non specificata,Co,Co(OAc)2·4H2O,DMF/H2O,HNO3,150,18,4,1.5,2.6667,Sonochemical,2,,numeric_decimal_standardized;temperature_numeric_standardized;time_numeric_standardized,,0
651,"4,4'-Biphenyldicarboxylic acid (H2BPDC)",Non specificata,Ni,Ni(NO3)2·6H2O,DMA,HCl,80,72,0.5,1,0.5,Solvothermal,2,,numeric_decimal_standardized;temperature_numeric_standardized;time_numeric_standardized,,0
652,"2,6-Naphthalenedicarboxylic acid (2,6-NDC)",Non specificata,Ni,Ni(OAc)2·4H2O,H2O/THF,HNO3,60,24,3,4,0.75,Hydrothermal,2,,numeric_decimal_standardized;solvent_canonicalized;temperature_numeric_standardized;time_numeric_standardized,,0
653,Fumaric acid,Non specificata,Fe,FeCl3·6H2O,H2O/MeOH,Acido acetico,180,72,1,1,1,Precipitation,2,,additive_canonicalized;numeric_decimal_standardized;solvent_canonicalized;temperature_numeric_standardized;time_numeric_standardized,,0
654,Isophthalic acid,Non specificata,Fe,Fe(NO3)3·9H2O,MeCN,HNO3,25,4,2,2.5,0.8,Room Temperature,2,,numeric_decimal_standardized;temperature_numeric_standardized;time_numeric_standardized,,0
655,5-Nitroisophthalic acid,Non specificata,Al,Al(NO3)3·9H2O,DMF,Nessuno,130,6,2,5,0.4,Microwave,2,,numeric_decimal_standardized;temperature_numeric_standardized;time_numeric_standardized,,0
656,5-Aminoisophthalic acid,Non specificata,Al,AlCl3·6H2O,DEF,Acido benzoico,130,12,4,0.5,8,Sonochemical,2,,additive_canonicalized;numeric_decimal_standardized;temperature_numeric_standardized;time_numeric_standardized,,0
657,Imidazole-2-carboxaldehyde,Non specificata,Zr,ZrCl4,MeOH,HCl,200,12,3,2,1.5,Solvothermal,2,,numeric_decimal_standardized;temperature_numeric_standardized;time_numeric_standardized,,0
658,"4,4',4''-Triaminotriphenylamine",Non specificata,Zr,ZrOCl2·8H2O,EtOH,Acido acetico,85,24,1,4,0.25,Hydrothermal,2,,additive_canonicalized;numeric_decimal_standardized;temperature_numeric_standardized;time_numeric_standardized,,0
659,Tetrakis(4-carboxyphenyl)porphyrin (TCPP),Non specificata,Mg,Mg(NO3)2·6H2O,H2O,HNO3,85,36,1,3,0.3333,Precipitation,2,,numeric_decimal_standardized;temperature_numeric_standardized;time_numeric_standardized,,0
660,"Pyrazine-2,3-dicarboxylic acid",Non specificata,Mn,Mn(OAc)2·4H2O,DMF/H2O/EtOH,Acido acetico,25,4,3,2,1.5,Room Temperature,2,,additive_canonicalized;numeric_decimal_standardized;solvent_canonicalized;temperature_numeric_standardized;time_numeric_standardized,,0
661,"4,4'-Bipyridine",Non specificata,Zn,Zn(NO3)2·6H2O,DMF/H2O,Nessuno,100,48,4,2.5,1.6,Microwave,2,,numeric_decimal_standardized;temperature_numeric_standardized;time_numeric_standardized,,0
662,"1,2,4-Triazole",Non specificata,Zn,Zn(OAc)2·2H2O,DMA,HCl,150,2,2,1.5,1.3333,Sonochemical,2,,numeric_decimal_standardized;temperature_numeric_standardized;time_numeric_standardized,,0
663,"1,4-Benzenedicarboxylic acid (H2BDC)",Non specificata,Cu,Cu(NO3)2·2.5H2O,H2O/THF,Trietilammina (TEA),200,2,0.25,0.5,0.5,Solvothermal,2,,additive_canonicalized;solvent_canonicalized;temperature_numeric_standardized;time_numeric_standardized,,0
664,"1,3,5-Benzenetricarboxylic acid (H3BTC)",Non specificata,Cu,Cu(OAc)2·H2O,H2O/MeOH,HNO3,120,24,1.5,1,1.5,Hydrothermal,2,,numeric_decimal_standardized;solvent_canonicalized;temperature_numeric_standardized;time_numeric_standardized,,0
665,2-Methylimidazole,Non specificata,Co,Co(NO3)2·6H2O,MeCN,HCl,120,24,1,2.5,0.4,Precipitation,2,,numeric_decimal_standardized;temperature_numeric_standardized;time_numeric_standardized,,0
666,Benzimidazole,Non specificata,Co,Co(OAc)2·4H2O,DMF,Acido formico,25,18,1,2,0.5,Room Temperature,2,,additive_canonicalized;numeric_decimal_standardized;temperature_numeric_standardized;time_numeric_standardized,,0
667,2-Aminoterephthalic acid,Non specificata,Ni,Ni(NO3)2·6H2O,DEF,Nessuno,100,72,4,1,4,Microwave,2,,numeric_decimal_standardized;temperature_numeric_standardized;time_numeric_standardized,,0
668,"2,5-Dihydroxyterephthalic acid (H4DOBDC)",Non specificata,Ni,Ni(OAc)2·4H2O,MeOH,Trietilammina (TEA),60,2,3,2.5,1.2,Sonochemical,2,,additive_canonicalized;numeric_decimal_standardized;temperature_numeric_standardized;time_numeric_standardized,,0
669,"4,4'-Biphenyldicarboxylic acid (H2BPDC)",Non specificata,Fe,FeCl3·6H2O,EtOH,HCl,85,36,1,0.5,2,Solvothermal,2,,numeric_decimal_standardized;temperature_numeric_standardized;time_numeric_standardized,,0
670,"2,6-Naphthalenedicarboxylic acid (2,6-NDC)",Non specificata,Fe,Fe(NO3)3·9H2O,H2O,HNO3,180,24,1.5,2,0.75,Hydrothermal,2,,numeric_decimal_standardized;temperature_numeric_standardized;time_numeric_standardized,,0
671,Fumaric acid,Non specificata,Al,Al(NO3)3·9H2O,DMF/H2O/EtOH,HCl,180,12,0.5,1,0.5,Precipitation,2,,numeric_decimal_standardized;solvent_canonicalized;temperature_numeric_standardized;time_numeric_standardized,,0
672,Isophthalic acid,Non specificata,Al,AlCl3·6H2O,DMF/H2O,HNO3,25,4,1.5,2,0.75,Room Temperature,2,,numeric_decimal_standardized;temperature_numeric_standardized;time_numeric_standardized,,0
673,5-Nitroisophthalic acid,Non specificata,Zr,ZrCl4,DMA,Trietilammina (TEA),200,12,1,5,0.2,Microwave,2,,additive_canonicalized;numeric_decimal_standardized;temperature_numeric_standardized;time_numeric_standardized,,0
674,5-Aminoisophthalic acid,Non specificata,Zr,ZrOCl2·8H2O,H2O/THF,HCl,60,72,2,0.5,4,Sonochemical,2,,numeric_decimal_standardized;solvent_canonicalized;temperature_numeric_standardized;time_numeric_standardized,,0
675,Imidazole-2-carboxaldehyde,Non specificata,Mg,Mg(NO3)2·6H2O,H2O/MeOH,HNO3,85,24,1,1,1,Solvothermal,2,,numeric_decimal_standardized;solvent_canonicalized;temperature_numeric_standardized;time_numeric_standardized,,0
676,"4,4',4''-Triaminotriphenylamine",Non specificata,Mn,Mn(OAc)2·4H2O,MeCN,Acido acetico,200,4,3,1,3,Hydrothermal,2,,additive_canonicalized;numeric_decimal_standardized;temperature_numeric_standardized;time_numeric_standardized,,0
677,Tetrakis(4-carboxyphenyl)porphyrin (TCPP),Non specificata,Zn,Zn(NO3)2·6H2O,DMF,Trietilammina (TEA),120,36,0.25,5,0.05,Precipitation,2,,additive_canonicalized;numeric_decimal_standardized;temperature_numeric_standardized;time_numeric_standardized,,0
678,"Pyrazine-2,3-dicarboxylic acid",Non specificata,Zn,Zn(OAc)2·2H2O,DEF,Nessuno,25,2,4,1,4,Room Temperature,2,,numeric_decimal_standardized;temperature_numeric_standardized;time_numeric_standardized,,0
679,"4,4'-Bipyridine",Non specificata,Cu,Cu(NO3)2·2.5H2O,MeOH,Acido formico,120,72,1,3,0.3333,Microwave,2,,additive_canonicalized;numeric_decimal_standardized;temperature_numeric_standardized;time_numeric_standardized,,0
680,"1,2,4-Triazole",Non specificata,Cu,Cu(OAc)2·H2O,EtOH,Acido formico,60,2,0.25,1,0.25,Sonochemical,2,,additive_canonicalized;numeric_decimal_standardized;temperature_numeric_standardized;time_numeric_standardized,,0
681,"1,4-Benzenedicarboxylic acid (H2BDC)",Non specificata,Co,Co(NO3)2·6H2O,H2O,Trietilammina (TEA),60,18,4,5,0.8,Solvothermal,2,,additive_canonicalized;numeric_decimal_standardized;temperature_numeric_standardized;time_numeric_standardized,,0
682,"1,3,5-Benzenetricarboxylic acid (H3BTC)",Non specificata,Co,Co(OAc)2·4H2O,DMF/H2O/EtOH,Trietilammina (TEA),60,18,2,4,0.5,Hydrothermal,2,,additive_canonicalized;numeric_decimal_standardized;solvent_canonicalized;temperature_numeric_standardized;time_numeric_standardized,,0
683,2-Methylimidazole,Non specificata,Ni,Ni(NO3)2·6H2O,DMF/H2O,HNO3,85,18,2,4,0.5,Precipitation,2,,numeric_decimal_standardized;temperature_numeric_standardized;time_numeric_standardized,,0
684,Benzimidazole,Non specificata,Ni,Ni(OAc)2·4H2O,DMA,Acido formico,25,18,0.5,1,0.5,Room Temperature,2,,additive_canonicalized;numeric_decimal_standardized;temperature_numeric_standardized;time_numeric_standardized,,0
685,2-Aminoterephthalic acid,Non specificata,Fe,FeCl3·6H2O,H2O/THF,Trietilammina (TEA),60,18,0.25,3,0.0833,Microwave,2,,additive_canonicalized;numeric_decimal_standardized;solvent_canonicalized;temperature_numeric_standardized;time_numeric_standardized,,0
686,"2,5-Dihydroxyterephthalic acid (H4DOBDC)",Non specificata,Fe,Fe(NO3)3·9H2O,H2O/MeOH,HCl,60,6,2,2.5,0.8,Sonochemical,2,,numeric_decimal_standardized;solvent_canonicalized;temperature_numeric_standardized;time_numeric_standardized,,0
687,"4,4'-Biphenyldicarboxylic acid (H2BPDC)",Non specificata,Al,Al(NO3)3·9H2O,MeCN,HCl,60,2,0.5,5,0.1,Solvothermal,2,,numeric_decimal_standardized;temperature_numeric_standardized;time_numeric_standardized,,0
688,"2,6-Naphthalenedicarboxylic acid (2,6-NDC)",Non specificata,Al,AlCl3·6H2O,DMF,Acido acetico,180,36,0.5,1,0.5,Hydrothermal,2,,additive_canonicalized;numeric_decimal_standardized;temperature_numeric_standardized;time_numeric_standardized,,0
689,Fumaric acid,Non specificata,Zr,ZrCl4,DEF,Acido acetico,130,24,1,1.5,0.6667,Precipitation,2,,additive_canonicalized;numeric_decimal_standardized;temperature_numeric_standardized;time_numeric_standardized,,0
690,Isophthalic acid,Non specificata,Zr,ZrOCl2·8H2O,MeOH,HNO3,25,2,1.5,3,0.5,Room Temperature,2,,numeric_decimal_standardized;temperature_numeric_standardized;time_numeric_standardized,,0
691,5-Nitroisophthalic acid,Non specificata,Mg,Mg(NO3)2·6H2O,EtOH,Acido benzoico,200,2,4,5,0.8,Microwave,2,,additive_canonicalized;numeric_decimal_standardized;temperature_numeric_standardized;time_numeric_standardized,,0
692,5-Aminoisophthalic acid,Non specificata,Mn,Mn(OAc)2·4H2O,H2O,Acido acetico,150,18,3,2.5,1.2,Sonochemical,2,,additive_canonicalized;numeric_decimal_standardized;temperature_numeric_standardized;time_numeric_standardized,,0
693,Imidazole-2-carboxaldehyde,Non specificata,Zn,Zn(NO3)2·6H2O,DMF/H2O/EtOH,Acido acetico,85,36,1.5,3,0.5,Solvothermal,2,,additive_canonicalized;numeric_decimal_standardized;solvent_canonicalized;temperature_numeric_standardized;time_numeric_standardized,,0
694,"4,4',4''-Triaminotriphenylamine",Non specificata,Zn,Zn(OAc)2·2H2O,DMF/H2O,Trietilammina (TEA),130,4,0.5,1,0.5,Hydrothermal,2,,additive_canonicalized;numeric_decimal_standardized;temperature_numeric_standardized;time_numeric_standardized,,0
695,Tetrakis(4-carboxyphenyl)porphyrin (TCPP),Non specificata,Cu,Cu(NO3)2·2.5H2O,DMA,Trietilammina (TEA),85,4,0.25,2,0.125,Precipitation,2,,additive_canonicalized;numeric_decimal_standardized;temperature_numeric_standardized;time_numeric_standardized,,0
696,"Pyrazine-2,3-dicarboxylic acid",Non specificata,Cu,Cu(OAc)2·H2O,H2O/THF,HCl,25,2,4,5,0.8,Room Temperature,2,,numeric_decimal_standardized;solvent_canonicalized;temperature_numeric_standardized;time_numeric_standardized,,0
697,"4,4'-Bipyridine",Non specificata,Co,Co(NO3)2·6H2O,H2O/MeOH,HNO3,150,6,2,0.5,4,Microwave,2,,numeric_decimal_standardized;solvent_canonicalized;temperature_numeric_standardized;time_numeric_standardized,,0
698,"1,2,4-Triazole",Non specificata,Co,Co(OAc)2·4H2O,MeCN,Nessuno,100,48,0.5,0.5,1,Sonochemical,2,,numeric_decimal_standardized;temperature_numeric_standardized;time_numeric_standardized,,0
699,"1,4-Benzenedicarboxylic acid (H2BDC)",Non specificata,Ni,Ni(NO3)2·6H2O,DMF,Trietilammina (TEA),100,48,0.5,2.5,0.2,Solvothermal,2,,additive_canonicalized;temperature_numeric_standardized;time_numeric_standardized,,0
700,"1,3,5-Benzenetricarboxylic acid (H3BTC)",Non specificata,Ni,Ni(OAc)2·4H2O,DEF,Acido formico,120,4,3,2.5,1.2,Hydrothermal,2,,additive_canonicalized;numeric_decimal_standardized;temperature_numeric_standardized;time_numeric_standardized,,0
701,Fumaric acid,Carbossilati aromatici,Cd,Cd(NO3)2·4H2O,H2O,Nessuno,120,72,0.2,0.4,0.5,Hydrothermal,2,,temperature_numeric_standardized;time_numeric_standardized,,0
702,"3,3'-dimethyl-4,4'-bipyrazole",Bipyrazole,Cu,Cu(OAc)2·H2O,H2O,Nessuno,160,18,0.5,1.515,0.33,Sonochemical,2,,temperature_numeric_standardized;time_numeric_standardized,,0
703,Benzimidazole,Imidazolati,Zn,Zn(OAc)2·2H2O,DEF,Nessuno,120,4,2,6.061,0.33,Microwave,2,,numeric_decimal_standardized;temperature_numeric_standardized;time_numeric_standardized,,0
704,2-Methylimidazole,Imidazolati,Fe,Fe(NO3)3·9H2O,DMF/H2O/EtOH,Nessuno,25,18,0.1,0.067,1.5,Room Temperature,2,,solvent_canonicalized;temperature_numeric_standardized;time_numeric_standardized,,0
705,"1,2,4-Triazole",Triazole,Mg,Mg(NO3)2·6H2O,DMF/H2O,Nessuno,150,24,1,2,0.5,Solvothermal,2,,numeric_decimal_standardized;temperature_numeric_standardized;time_numeric_standardized,,0
706,"1,3,5-Benzenetricarboxylic acid (H3BTC)",Carbossilati aromatici,Co,Co(NO3)2·6H2O,H2O/EtOH,Nessuno,180,72,0.05,0.062,0.8,Hydrothermal,2,,solvent_canonicalized;temperature_numeric_standardized;time_numeric_standardized,,0
707,"1,2,4-Triazole",Triazole,Al,AlCl3·6H2O,DEF,Nessuno,180,12,0.5,1.515,0.33,Sonochemical,2,,temperature_numeric_standardized;time_numeric_standardized,,0
708,"1,2,4-Triazole",Triazole,Cd,Cd(NO3)2·4H2O,MeOH,Nessuno,160,72,0.05,0.042,1.2,Room Temperature,2,,temperature_numeric_standardized;time_numeric_standardized,,0
709,"2,5-Dihydroxyterephthalic acid (H4DOBDC)",Carbossilati aromatici,Co,Co(OAc)2·4H2O,DMF/MeOH,Nessuno,60,48,2,2.5,0.8,Hydrothermal,2,,numeric_decimal_standardized;temperature_numeric_standardized;time_numeric_standardized,,0
710,2-Methylimidazole,Imidazolati,Fe,Fe(NO3)3·9H2O,DEF,Nessuno,100,48,2,10,0.2,Microwave,2,,numeric_decimal_standardized;temperature_numeric_standardized;time_numeric_standardized,,0
711,"3,5-diamino-4,4'-bipyrazole",Bipyrazole,Mg,Mg(NO3)2·6H2O,DEF,Nessuno,120,12,0.5,0.625,0.8,Solvothermal,2,,temperature_numeric_standardized;time_numeric_standardized,,0
712,"1,2,4-Triazole",Triazole,Al,Al(NO3)3·9H2O,DMF/H2O/EtOH,Nessuno,25,4,0.05,0.025,2,Solvothermal,2,,numeric_decimal_standardized;solvent_canonicalized;temperature_numeric_standardized;time_numeric_standardized,,0
713,"1,2,4-Triazole",Triazole,Co,Co(OAc)2·4H2O,H2O,Nessuno,80,4,0.05,0.1,0.5,Room Temperature,2,,temperature_numeric_standardized;time_numeric_standardized,,0
714,"3,3'-dimethyl-4,4'-bipyrazole",Bipyrazole,Zn,Zn(NO3)2·6H2O,MeOH,Nessuno,180,24,0.5,0.25,2,Solvothermal,2,,numeric_decimal_standardized;temperature_numeric_standardized;time_numeric_standardized,,0
715,2-Aminoterephthalic acid,Carbossilati aromatici,Zr,ZrCl4,MeOH,Nessuno,150,48,0.5,1,0.5,Sonochemical,2,,numeric_decimal_standardized;temperature_numeric_standardized;time_numeric_standardized,,0
716,"3,5-diamino-4,4'-bipyrazole",Bipyrazole,Cu,Cu(NO3)2·3H2O,DMF,Nessuno,80,36,1,5,0.2,Room Temperature,2,,numeric_decimal_standardized;temperature_numeric_standardized;time_numeric_standardized,,0
717,"3,3'-dinitro-4,4'-bipyrazole",Bipyrazole,Al,AlCl3·6H2O,MeOH,Nessuno,180,72,0.5,1.515,0.33,Hydrothermal,2,,temperature_numeric_standardized;time_numeric_standardized,,0
718,2-Methylimidazole,Imidazolati,Co,Co(NO3)2·6H2O,DMF,Nessuno,100,36,1,0.833,1.2,Microwave,2,,numeric_decimal_standardized;temperature_numeric_standardized;time_numeric_standardized,,0
719,Fumaric acid,Carbossilati aromatici,Co,Co(NO3)2·6H2O,DMF/MeOH,Nessuno,150,18,0.5,0.417,1.2,Room Temperature,2,,temperature_numeric_standardized;time_numeric_standardized,,0
720,2-Aminoterephthalic acid,Carbossilati aromatici,Ni,Ni(OAc)2·4H2O,DMF/H2O/EtOH,Nessuno,120,48,0.5,0.625,0.8,Microwave,2,,solvent_canonicalized;temperature_numeric_standardized;time_numeric_standardized,,0
721,"1,2,4-Triazole",Triazole,Fe,FeCl3·6H2O,MeOH,Nessuno,180,72,0.05,0.25,0.2,Solvothermal,2,,temperature_numeric_standardized;time_numeric_standardized,,0
722,"3,3'-dimethyl-4,4'-bipyrazole",Bipyrazole,Al,Al(NO3)3·9H2O,DMF/H2O/EtOH,Nessuno,80,72,2,10,0.2,Room Temperature,2,,numeric_decimal_standardized;solvent_canonicalized;temperature_numeric_standardized;time_numeric_standardized,,0
723,"2,6-Naphthalenedicarboxylic acid",Carbossilati aromatici,Zr,ZrCl4,DMF/H2O,Nessuno,160,72,0.05,0.042,1.2,Room Temperature,2,,temperature_numeric_standardized;time_numeric_standardized,,0
724,"2,5-Dihydroxyterephthalic acid (H4DOBDC)",Carbossilati aromatici,Mn,Mn(OAc)2·4H2O,DMF,Nessuno,100,24,0.05,0.1,0.5,Hydrothermal,2,,temperature_numeric_standardized;time_numeric_standardized,,0
725,"2,6-Naphthalenedicarboxylic acid",Carbossilati aromatici,Mn,Mn(OAc)2·4H2O,H2O,Nessuno,25,18,0.1,0.303,0.33,Solvothermal,2,,temperature_numeric_standardized;time_numeric_standardized,,0
726,"1,2,4-Triazole",Triazole,Zn,Zn(NO3)2·6H2O,DMF,Nessuno,25,18,0.5,0.5,1,Hydrothermal,2,,numeric_decimal_standardized;temperature_numeric_standardized;time_numeric_standardized,,0
727,"3,3'-dinitro-4,4'-bipyrazole",Bipyrazole,Zn,Zn(OAc)2·2H2O,MeOH,Nessuno,100,72,0.2,0.1,2,Room Temperature,2,,numeric_decimal_standardized;temperature_numeric_standardized;time_numeric_standardized,,0
728,"1,4-Benzenedicarboxylic acid (H2BDC)",Carbossilati aromatici,Zn,Zn(OAc)2·2H2O,H2O,Nessuno,120,24,2,1.667,1.2,Hydrothermal,2,,numeric_decimal_standardized;temperature_numeric_standardized;time_numeric_standardized,,0
729,"3,3'-dimethyl-4,4'-bipyrazole",Bipyrazole,Mg,Mg(NO3)2·6H2O,DMF,Nessuno,180,24,1,0.833,1.2,Room Temperature,2,,numeric_decimal_standardized;temperature_numeric_standardized;time_numeric_standardized,,0
730,"1,3,5-Benzenetricarboxylic acid (H3BTC)",Carbossilati aromatici,Cu,Cu(OAc)2·H2O,DMF/H2O,Nessuno,80,72,0.5,0.625,0.8,Room Temperature,2,,temperature_numeric_standardized;time_numeric_standardized,,0
731,"3-amino-4,4'-bipyrazole",Bipyrazole,Zr,ZrCl4,H2O,Nessuno,150,12,0.5,1,0.5,Solvothermal,2,,numeric_decimal_standardized;temperature_numeric_standardized;time_numeric_standardized,,0
732,"3-amino-4,4'-bipyrazole",Bipyrazole,Ni,Ni(OAc)2·4H2O,DMF/H2O,Nessuno,150,24,0.05,0.025,2,Hydrothermal,2,,numeric_decimal_standardized;temperature_numeric_standardized;time_numeric_standardized,,0
733,"2,5-Dihydroxyterephthalic acid (H4DOBDC)",Carbossilati aromatici,Mn,Mn(OAc)2·4H2O,DEF,Nessuno,25,48,1,1,1,Microwave,2,,numeric_decimal_standardized;temperature_numeric_standardized;time_numeric_standardized,,0
734,"3,3'-dimethyl-4,4'-bipyrazole",Bipyrazole,Ni,Ni(NO3)2·6H2O,DMF/H2O/EtOH,Nessuno,80,18,2,2.5,0.8,Room Temperature,2,,numeric_decimal_standardized;solvent_canonicalized;temperature_numeric_standardized;time_numeric_standardized,,0
735,"3,5-diamino-4,4'-bipyrazole",Bipyrazole,Zr,ZrCl4,H2O,Nessuno,100,18,0.5,0.25,2,Solvothermal,2,,numeric_decimal_standardized;temperature_numeric_standardized;time_numeric_standardized,,0
736,"4,4'-Biphenyldicarboxylic acid (BPDC)",Carbossilati aromatici,Co,Co(OAc)2·4H2O,DMF/MeOH,Nessuno,80,48,0.05,0.1,0.5,Solvothermal,2,,temperature_numeric_standardized;time_numeric_standardized,,0
737,2-Methylimidazole,Imidazolati,Al,AlCl3·6H2O,DEF,Nessuno,60,48,1,0.5,2,Room Temperature,2,,numeric_decimal_standardized;temperature_numeric_standardized;time_numeric_standardized,,0
738,"3-amino-4,4'-bipyrazole",Bipyrazole,Cu,Cu(OAc)2·H2O,DMF,Nessuno,100,4,0.5,0.25,2,Sonochemical,2,,numeric_decimal_standardized;temperature_numeric_standardized;time_numeric_standardized,,0
739,"3,5-diamino-4,4'-bipyrazole",Bipyrazole,Co,Co(OAc)2·4H2O,MeOH,Nessuno,80,4,0.5,0.25,2,Solvothermal,2,,numeric_decimal_standardized;temperature_numeric_standardized;time_numeric_standardized,,0
740,"3,3'-dimethyl-4,4'-bipyrazole",Bipyrazole,Al,AlCl3·6H2O,DMA,Nessuno,140,36,0.2,0.167,1.2,Room Temperature,2,,temperature_numeric_standardized;time_numeric_standardized,,0
741,"3,3'-dimethyl-4,4'-bipyrazole",Bipyrazole,Zr,ZrOCl2·8H2O,H2O/EtOH,Nessuno,25,24,0.5,0.5,1,Solvothermal,2,,numeric_decimal_standardized;solvent_canonicalized;temperature_numeric_standardized;time_numeric_standardized,,0
742,2-Methylimidazole,Imidazolati,Mg,Mg(NO3)2·6H2O,DMF/H2O,Nessuno,100,18,0.05,0.025,2,Solvothermal,2,,numeric_decimal_standardized;temperature_numeric_standardized;time_numeric_standardized,,0
743,"1,2,4-Triazole",Triazole,Al,AlCl3·6H2O,H2O/EtOH,Nessuno,140,18,1,5,0.2,Microwave,2,,numeric_decimal_standardized;solvent_canonicalized;temperature_numeric_standardized;time_numeric_standardized,,0
744,"3,5-diamino-4,4'-bipyrazole",Bipyrazole,Mn,Mn(OAc)2·4H2O,H2O/EtOH,Nessuno,80,24,1,1.25,0.8,Solvothermal,2,,numeric_decimal_standardized;solvent_canonicalized;temperature_numeric_standardized;time_numeric_standardized,,0
745,"2,6-Naphthalenedicarboxylic acid",Carbossilati aromatici,Zr,ZrCl4,DMF/H2O,Nessuno,60,4,2,1.333,1.5,Hydrothermal,2,,numeric_decimal_standardized;temperature_numeric_standardized;time_numeric_standardized,,0
746,"3,3'-dinitro-4,4'-bipyrazole",Bipyrazole,Cu,Cu(NO3)2·3H2O,H2O,Nessuno,160,12,0.2,0.133,1.5,Hydrothermal,2,,temperature_numeric_standardized;time_numeric_standardized,,0
747,"3,3'-dinitro-4,4'-bipyrazole",Bipyrazole,Zr,ZrOCl2·8H2O,DMF,Nessuno,160,4,2,4,0.5,Solvothermal,2,,numeric_decimal_standardized;temperature_numeric_standardized;time_numeric_standardized,,0
748,Fumaric acid,Carbossilati aromatici,Ni,Ni(OAc)2·4H2O,MeOH,Nessuno,80,12,1,0.5,2,Solvothermal,2,,numeric_decimal_standardized;temperature_numeric_standardized;time_numeric_standardized,,0
749,"1,2,4-Triazole",Triazole,Co,Co(NO3)2·6H2O,DMF/H2O/EtOH,Nessuno,100,36,2,10,0.2,Microwave,2,,numeric_decimal_standardized;solvent_canonicalized;temperature_numeric_standardized;time_numeric_standardized,,0
750,Benzimidazole,Imidazolati,Fe,Fe(NO3)3·9H2O,DMF/H2O,Nessuno,150,72,0.1,0.303,0.33,Microwave,2,,temperature_numeric_standardized;time_numeric_standardized,,0
751,Fumaric acid,Carbossilati aromatici,Mn,Mn(OAc)2·4H2O,DMF/MeOH,Nessuno,140,72,1,1.25,0.8,Room Temperature,2,,numeric_decimal_standardized;temperature_numeric_standardized;time_numeric_standardized,,0
752,"1,4-Benzenedicarboxylic acid (H2BDC)",Carbossilati aromatici,Co,Co(OAc)2·4H2O,H2O/EtOH,Nessuno,120,72,1,0.833,1.2,Microwave,2,,numeric_decimal_standardized;solvent_canonicalized;temperature_numeric_standardized;time_numeric_standardized,,0
753,"2,5-Dihydroxyterephthalic acid (H4DOBDC)",Carbossilati aromatici,Cd,Cd(NO3)2·4H2O,DMF/H2O,Nessuno,150,24,0.5,1.515,0.33,Sonochemical,2,,temperature_numeric_standardized;time_numeric_standardized,,0
754,"3,3'-dinitro-4,4'-bipyrazole",Bipyrazole,Mn,Mn(OAc)2·4H2O,H2O,Nessuno,80,24,0.1,0.067,1.5,Hydrothermal,2,,temperature_numeric_standardized;time_numeric_standardized,,0
755,"2,6-Naphthalenedicarboxylic acid",Carbossilati aromatici,Ni,Ni(NO3)2·6H2O,H2O/EtOH,Nessuno,25,12,0.1,0.5,0.2,Hydrothermal,2,,solvent_canonicalized;temperature_numeric_standardized;time_numeric_standardized,,0
756,Benzimidazole,Imidazolati,Mg,Mg(NO3)2·6H2O,DMF/H2O/EtOH,Nessuno,160,36,1,5,0.2,Sonochemical,2,,numeric_decimal_standardized;solvent_canonicalized;temperature_numeric_standardized;time_numeric_standardized,,0
757,Fumaric acid,Carbossilati aromatici,Zn,Zn(NO3)2·6H2O,DMA,Nessuno,150,18,0.2,0.606,0.33,Microwave,2,,temperature_numeric_standardized;time_numeric_standardized,,0
758,"2,6-Naphthalenedicarboxylic acid",Carbossilati aromatici,Al,AlCl3·6H2O,H2O/EtOH,Nessuno,25,48,0.5,0.5,1,Microwave,2,,numeric_decimal_standardized;solvent_canonicalized;temperature_numeric_standardized;time_numeric_standardized,,0
759,"3,3'-dinitro-4,4'-bipyrazole",Bipyrazole,Mg,Mg(NO3)2·6H2O,H2O/EtOH,Nessuno,150,24,2,1.667,1.2,Solvothermal,2,,numeric_decimal_standardized;solvent_canonicalized;temperature_numeric_standardized;time_numeric_standardized,,0
760,"2,6-Naphthalenedicarboxylic acid",Carbossilati aromatici,Ni,Ni(OAc)2·4H2O,DMA,Nessuno,120,24,0.1,0.125,0.8,Hydrothermal,2,,temperature_numeric_standardized;time_numeric_standardized,,0
761,"3,3'-dinitro-4,4'-bipyrazole",Bipyrazole,Zr,ZrCl4,H2O,Nessuno,120,36,0.1,0.05,2,Microwave,2,,numeric_decimal_standardized;temperature_numeric_standardized;time_numeric_standardized,,0
762,"1,4-Benzenedicarboxylic acid (H2BDC)",Carbossilati aromatici,Fe,Fe(NO3)3·9H2O,DEF,Nessuno,80,24,1,5,0.2,Solvothermal,2,,numeric_decimal_standardized;temperature_numeric_standardized;time_numeric_standardized,,0
763,"1,3,5-Benzenetricarboxylic acid (H3BTC)",Carbossilati aromatici,Fe,FeCl3·6H2O,H2O/EtOH,Nessuno,80,4,0.1,0.05,2,Solvothermal,2,,numeric_decimal_standardized;solvent_canonicalized;temperature_numeric_standardized;time_numeric_standardized,,0
764,"3,3'-dimethyl-4,4'-bipyrazole",Bipyrazole,Fe,Fe(NO3)3·9H2O,DEF,Nessuno,80,12,0.05,0.033,1.5,Room Temperature,2,,temperature_numeric_standardized;time_numeric_standardized,,0
765,"3,3'-dinitro-4,4'-bipyrazole",Bipyrazole,Co,Co(OAc)2·4H2O,DEF,Nessuno,80,4,1,3.03,0.33,Microwave,2,,numeric_decimal_standardized;temperature_numeric_standardized;time_numeric_standardized,,0
766,2-Aminoterephthalic acid,Carbossilati aromatici,Al,Al(NO3)3·9H2O,H2O,Nessuno,100,4,0.05,0.05,1,Sonochemical,2,,numeric_decimal_standardized;temperature_numeric_standardized;time_numeric_standardized,,0
767,"2,5-Dihydroxyterephthalic acid (H4DOBDC)",Carbossilati aromatici,Ni,Ni(OAc)2·4H2O,H2O/EtOH,Nessuno,180,18,0.5,1,0.5,Solvothermal,2,,numeric_decimal_standardized;solvent_canonicalized;temperature_numeric_standardized;time_numeric_standardized,,0
768,2-Aminoterephthalic acid,Carbossilati aromatici,Mn,Mn(OAc)2·4H2O,MeOH,Nessuno,160,72,0.05,0.062,0.8,Sonochemical,2,,temperature_numeric_standardized;time_numeric_standardized,,0
769,Fumaric acid,Carbossilati aromatici,Al,Al(NO3)3·9H2O,MeOH,Nessuno,180,18,0.05,0.042,1.2,Solvothermal,2,,temperature_numeric_standardized;time_numeric_standardized,,0
770,"1,4-Benzenedicarboxylic acid (H2BDC)",Carbossilati aromatici,Mg,Mg(NO3)2·6H2O,DMF/H2O/EtOH,Nessuno,140,36,0.05,0.1,0.5,Room Temperature,2,,solvent_canonicalized;temperature_numeric_standardized;time_numeric_standardized,,0
771,"2,5-Dihydroxyterephthalic acid (H4DOBDC)",Carbossilati aromatici,Fe,Fe(NO3)3·9H2O,DMF/H2O/EtOH,Nessuno,80,24,0.5,0.333,1.5,Solvothermal,2,,solvent_canonicalized;temperature_numeric_standardized;time_numeric_standardized,,0
772,Benzimidazole,Imidazolati,Cd,Cd(NO3)2·4H2O,H2O/EtOH,Nessuno,120,18,0.5,2.5,0.2,Microwave,2,,solvent_canonicalized;temperature_numeric_standardized;time_numeric_standardized,,0
773,"3,3'-dimethyl-4,4'-bipyrazole",Bipyrazole,Cu,Cu(OAc)2·H2O,H2O/EtOH,Nessuno,150,4,0.1,0.1,1,Sonochemical,2,,numeric_decimal_standardized;solvent_canonicalized;temperature_numeric_standardized;time_numeric_standardized,,0
774,"3,3'-dinitro-4,4'-bipyrazole",Bipyrazole,Co,Co(NO3)2·6H2O,H2O/EtOH,Nessuno,80,72,0.2,0.4,0.5,Sonochemical,2,,solvent_canonicalized;temperature_numeric_standardized;time_numeric_standardized,,0
775,2-Aminoterephthalic acid,Carbossilati aromatici,Cd,Cd(NO3)2·4H2O,DMF/H2O/EtOH,Nessuno,25,36,0.1,0.05,2,Sonochemical,2,,numeric_decimal_standardized;solvent_canonicalized;temperature_numeric_standardized;time_numeric_standardized,,0
776,"3-amino-4,4'-bipyrazole",Bipyrazole,Zr,ZrOCl2·8H2O,H2O/EtOH,Nessuno,120,48,1,0.5,2,Room Temperature,2,,numeric_decimal_standardized;solvent_canonicalized;temperature_numeric_standardized;time_numeric_standardized,,0
777,"1,4-Benzenedicarboxylic acid (H2BDC)",Carbossilati aromatici,Mn,Mn(OAc)2·4H2O,MeOH,Nessuno,180,36,2,2.5,0.8,Microwave,2,,numeric_decimal_standardized;temperature_numeric_standardized;time_numeric_standardized,,0
778,"1,2,4-Triazole",Triazole,Fe,Fe(NO3)3·9H2O,DMA,Nessuno,150,18,0.2,0.606,0.33,Hydrothermal,2,,temperature_numeric_standardized;time_numeric_standardized,,0
779,Fumaric acid,Carbossilati aromatici,Cu,Cu(NO3)2·3H2O,DEF,Nessuno,100,24,0.05,0.033,1.5,Sonochemical,2,,temperature_numeric_standardized;time_numeric_standardized,,0
780,Fumaric acid,Carbossilati aromatici,Zr,ZrCl4,DMF/H2O,Nessuno,180,72,0.05,0.25,0.2,Microwave,2,,temperature_numeric_standardized;time_numeric_standardized,,0
781,"3,5-diamino-4,4'-bipyrazole",Bipyrazole,Zr,ZrCl4,DMA,Nessuno,120,48,1,1.25,0.8,Hydrothermal,2,,numeric_decimal_standardized;temperature_numeric_standardized;time_numeric_standardized,,0
782,2-Methylimidazole,Imidazolati,Cd,Cd(NO3)2·4H2O,H2O/EtOH,Nessuno,140,36,1,1.25,0.8,Room Temperature,2,,numeric_decimal_standardized;solvent_canonicalized;temperature_numeric_standardized;time_numeric_standardized,,0
783,"2,5-Dihydroxyterephthalic acid (H4DOBDC)",Carbossilati aromatici,Cu,Cu(NO3)2·3H2O,DMF/H2O,Nessuno,100,4,0.05,0.033,1.5,Hydrothermal,2,,temperature_numeric_standardized;time_numeric_standardized,,0
784,"1,4-Benzenedicarboxylic acid (H2BDC)",Carbossilati aromatici,Al,AlCl3·6H2O,DMF,Nessuno,120,48,0.05,0.025,2,Room Temperature,2,,numeric_decimal_standardized;temperature_numeric_standardized;time_numeric_standardized,,0
785,"3,3'-dimethyl-4,4'-bipyrazole",Bipyrazole,Fe,Fe(NO3)3·9H2O,H2O,Nessuno,140,24,0.1,0.1,1,Microwave,2,,numeric_decimal_standardized;temperature_numeric_standardized;time_numeric_standardized,,0
786,"1,2,4-Triazole",Triazole,Cu,Cu(OAc)2·H2O,H2O,Nessuno,60,24,0.05,0.05,1,Microwave,2,,numeric_decimal_standardized;temperature_numeric_standardized;time_numeric_standardized,,0
787,"2,5-Dihydroxyterephthalic acid (H4DOBDC)",Carbossilati aromatici,Mn,Mn(OAc)2·4H2O,DMF/H2O/EtOH,Nessuno,25,36,0.5,0.5,1,Microwave,2,,numeric_decimal_standardized;solvent_canonicalized;temperature_numeric_standardized;time_numeric_standardized,,0
788,2-Methylimidazole,Imidazolati,Al,Al(NO3)3·9H2O,DMF/H2O,Nessuno,140,12,1,0.5,2,Room Temperature,2,,numeric_decimal_standardized;temperature_numeric_standardized;time_numeric_standardized,,0
789,Tetrakis(4-carboxyphenyl)porphyrin (TCPP),Carbossilati aromatici,Zr,ZrOCl2·8H2O,H2O,Nessuno,60,18,0.05,0.05,1,Sonochemical,2,,numeric_decimal_standardized;temperature_numeric_standardized;time_numeric_standardized,,0
790,"4,4'-Biphenyldicarboxylic acid (BPDC)",Carbossilati aromatici,Zr,ZrCl4,DEF,Nessuno,25,18,0.05,0.152,0.33,Sonochemical,2,,temperature_numeric_standardized;time_numeric_standardized,,0
791,"4,4'-Biphenyldicarboxylic acid (BPDC)",Carbossilati aromatici,Mn,Mn(OAc)2·4H2O,DMF,Nessuno,60,4,0.05,0.033,1.5,Room Temperature,2,,temperature_numeric_standardized;time_numeric_standardized,,0
792,"2,6-Naphthalenedicarboxylic acid",Carbossilati aromatici,Mg,Mg(NO3)2·6H2O,MeOH,Nessuno,140,24,1,1,1,Solvothermal,2,,numeric_decimal_standardized;temperature_numeric_standardized;time_numeric_standardized,,0
793,"4,4'-Biphenyldicarboxylic acid (BPDC)",Carbossilati aromatici,Cu,Cu(NO3)2·3H2O,H2O/EtOH,Nessuno,150,36,0.1,0.1,1,Sonochemical,2,,numeric_decimal_standardized;solvent_canonicalized;temperature_numeric_standardized;time_numeric_standardized,,0
794,"3,3'-dinitro-4,4'-bipyrazole",Bipyrazole,Mn,Mn(OAc)2·4H2O,H2O/EtOH,Nessuno,180,48,1,2,0.5,Solvothermal,2,,numeric_decimal_standardized;solvent_canonicalized;temperature_numeric_standardized;time_numeric_standardized,,0
795,2-Methylimidazole,Imidazolati,Cu,Cu(OAc)2·H2O,DMF,Nessuno,25,12,0.1,0.067,1.5,Microwave,2,,temperature_numeric_standardized;time_numeric_standardized,,0
796,"3,3'-dinitro-4,4'-bipyrazole",Bipyrazole,Zr,ZrOCl2·8H2O,DMA,Nessuno,140,18,0.5,1.515,0.33,Room Temperature,2,,temperature_numeric_standardized;time_numeric_standardized,,0
797,"1,4-Benzenedicarboxylic acid (H2BDC)",Carbossilati aromatici,Fe,Fe(NO3)3·9H2O,H2O/EtOH,Nessuno,180,4,2,2,1,Sonochemical,2,,numeric_decimal_standardized;solvent_canonicalized;temperature_numeric_standardized;time_numeric_standardized,,0
798,2-Aminoterephthalic acid,Carbossilati aromatici,Fe,FeCl3·6H2O,DMF/H2O,Nessuno,150,48,2,6.061,0.33,Microwave,2,,numeric_decimal_standardized;temperature_numeric_standardized;time_numeric_standardized,,0
799,2-Aminoterephthalic acid,Carbossilati aromatici,Zr,ZrOCl2·8H2O,DEF,Nessuno,80,72,0.05,0.062,0.8,Hydrothermal,2,,temperature_numeric_standardized;time_numeric_standardized,,0
800,"4,4'-Biphenyldicarboxylic acid (BPDC)",Carbossilati aromatici,Zr,ZrCl4,H2O,Nessuno,150,12,1,5,0.2,Room Temperature,2,,numeric_decimal_standardized;temperature_numeric_standardized;time_numeric_standardized,,0
801,2-Methylimidazole,Imidazolati,Cu,Cu(OAc)2·H2O,H2O,Nessuno,25,12,0.5,0.625,0.8,Solvothermal,2,,temperature_numeric_standardized;time_numeric_standardized,,0
802,"3,5-diamino-4,4'-bipyrazole",Bipyrazole,Zn,Zn(NO3)2·6H2O,DEF,Nessuno,140,36,2,2,1,Hydrothermal,2,,numeric_decimal_standardized;temperature_numeric_standardized;time_numeric_standardized,,0
803,"3,3'-dimethyl-4,4'-bipyrazole",Bipyrazole,Fe,FeCl3·6H2O,DMF/H2O,Nessuno,180,72,0.5,0.417,1.2,Room Temperature,2,,temperature_numeric_standardized;time_numeric_standardized,,0
804,"3,5-diamino-4,4'-bipyrazole",Bipyrazole,Cu,Cu(OAc)2·H2O,H2O,Nessuno,180,18,1,2,0.5,Room Temperature,2,,numeric_decimal_standardized;temperature_numeric_standardized;time_numeric_standardized,,0
805,2-Aminoterephthalic acid,Carbossilati aromatici,Zn,Zn(NO3)2·6H2O,DEF,Nessuno,140,36,0.05,0.05,1,Solvothermal,2,,numeric_decimal_standardized;temperature_numeric_standardized;time_numeric_standardized,,0
806,"1,2,4-Triazole",Triazole,Al,AlCl3·6H2O,DEF,Nessuno,25,48,0.2,0.2,1,Hydrothermal,2,,numeric_decimal_standardized;temperature_numeric_standardized;time_numeric_standardized,,0
807,"3-amino-4,4'-bipyrazole",Bipyrazole,Cd,Cd(NO3)2·4H2O,DMF/H2O/EtOH,Nessuno,140,72,1,0.667,1.5,Room Temperature,2,,numeric_decimal_standardized;solvent_canonicalized;temperature_numeric_standardized;time_numeric_standardized,,0
808,"1,4-Benzenedicarboxylic acid (H2BDC)",Carbossilati aromatici,Cu,Cu(OAc)2·H2O,DMF,Nessuno,160,4,0.5,0.5,1,Room Temperature,2,,numeric_decimal_standardized;temperature_numeric_standardized;time_numeric_standardized,,0
809,Tetrakis(4-carboxyphenyl)porphyrin (TCPP),Carbossilati aromatici,Cd,Cd(NO3)2·4H2O,H2O,Nessuno,140,48,2,2.5,0.8,Hydrothermal,2,,numeric_decimal_standardized;temperature_numeric_standardized;time_numeric_standardized,,0
810,"3,5-diamino-4,4'-bipyrazole",Bipyrazole,Zr,ZrOCl2·8H2O,H2O,Nessuno,80,72,2,1.333,1.5,Room Temperature,2,,numeric_decimal_standardized;temperature_numeric_standardized;time_numeric_standardized,,0
811,"3,3'-dimethyl-4,4'-bipyrazole",Bipyrazole,Cd,Cd(NO3)2·4H2O,DEF,Nessuno,140,18,0.05,0.033,1.5,Room Temperature,2,,temperature_numeric_standardized;time_numeric_standardized,,0
812,Fumaric acid,Carbossilati aromatici,Zn,Zn(NO3)2·6H2O,MeOH,Nessuno,180,4,0.5,0.417,1.2,Hydrothermal,2,,temperature_numeric_standardized;time_numeric_standardized,,0
813,"3-amino-4,4'-bipyrazole",Bipyrazole,Mn,Mn(OAc)2·4H2O,DMF/MeOH,Nessuno,180,24,0.05,0.1,0.5,Hydrothermal,2,,temperature_numeric_standardized;time_numeric_standardized,,0
814,2-Methylimidazole,Imidazolati,Cd,Cd(NO3)2·4H2O,DMF/MeOH,Nessuno,140,12,0.2,0.25,0.8,Solvothermal,2,,temperature_numeric_standardized;time_numeric_standardized,,0
815,"3,3'-dinitro-4,4'-bipyrazole",Bipyrazole,Ni,Ni(NO3)2·6H2O,H2O/EtOH,Nessuno,140,24,0.1,0.05,2,Hydrothermal,2,,numeric_decimal_standardized;solvent_canonicalized;temperature_numeric_standardized;time_numeric_standardized,,0
816,"3,3'-dimethyl-4,4'-bipyrazole",Bipyrazole,Al,Al(NO3)3·9H2O,DMA,Nessuno,120,4,2,2,1,Solvothermal,2,,numeric_decimal_standardized;temperature_numeric_standardized;time_numeric_standardized,,0
817,"2,6-Naphthalenedicarboxylic acid",Carbossilati aromatici,Zn,Zn(OAc)2·2H2O,DMA,Nessuno,150,24,2,1.667,1.2,Room Temperature,2,,numeric_decimal_standardized;temperature_numeric_standardized;time_numeric_standardized,,0
818,Benzimidazole,Imidazolati,Ni,Ni(NO3)2·6H2O,MeOH,Nessuno,80,18,2,2.5,0.8,Sonochemical,2,,numeric_decimal_standardized;temperature_numeric_standardized;time_numeric_standardized,,0
819,2-Aminoterephthalic acid,Carbossilati aromatici,Fe,FeCl3·6H2O,DMF/MeOH,Nessuno,140,48,2,1.667,1.2,Solvothermal,2,,numeric_decimal_standardized;temperature_numeric_standardized;time_numeric_standardized,,0
820,"1,3,5-Benzenetricarboxylic acid (H3BTC)",Carbossilati aromatici,Zr,ZrOCl2·8H2O,H2O,Nessuno,80,36,2,2,1,Microwave,2,,numeric_decimal_standardized;temperature_numeric_standardized;time_numeric_standardized,,0
821,"3,3'-dinitro-4,4'-bipyrazole",Bipyrazole,Cu,Cu(OAc)2·H2O,DMF/H2O,Nessuno,100,4,0.5,2.5,0.2,Microwave,2,,temperature_numeric_standardized;time_numeric_standardized,,0
822,Tetrakis(4-carboxyphenyl)porphyrin (TCPP),Carbossilati aromatici,Zr,ZrCl4,DMA,Nessuno,120,48,0.5,0.333,1.5,Room Temperature,2,,temperature_numeric_standardized;time_numeric_standardized,,0
823,2-Methylimidazole,Imidazolati,Fe,FeCl3·6H2O,DMF/H2O,Nessuno,25,48,0.1,0.05,2,Hydrothermal,2,,numeric_decimal_standardized;temperature_numeric_standardized;time_numeric_standardized,,0
824,"2,6-Naphthalenedicarboxylic acid",Carbossilati aromatici,Ni,Ni(OAc)2·4H2O,DEF,Nessuno,160,12,1,5,0.2,Microwave,2,,numeric_decimal_standardized;temperature_numeric_standardized;time_numeric_standardized,,0
825,"3-amino-4,4'-bipyrazole",Bipyrazole,Mn,Mn(OAc)2·4H2O,DMF/H2O/EtOH,Nessuno,160,48,0.05,0.042,1.2,Room Temperature,2,,solvent_canonicalized;temperature_numeric_standardized;time_numeric_standardized,,0
826,"2,6-Naphthalenedicarboxylic acid",Carbossilati aromatici,Fe,Fe(NO3)3·9H2O,DEF,Nessuno,120,18,0.5,1.515,0.33,Solvothermal,2,,temperature_numeric_standardized;time_numeric_standardized,,0
827,"1,3,5-Benzenetricarboxylic acid (H3BTC)",Carbossilati aromatici,Cu,Cu(NO3)2·3H2O,DMF,Nessuno,160,48,1,0.5,2,Microwave,2,,numeric_decimal_standardized;temperature_numeric_standardized;time_numeric_standardized,,0
828,"3,5-diamino-4,4'-bipyrazole",Bipyrazole,Fe,FeCl3·6H2O,DMF/H2O/EtOH,Nessuno,120,48,0.2,0.167,1.2,Microwave,2,,solvent_canonicalized;temperature_numeric_standardized;time_numeric_standardized,,0
829,"2,6-Naphthalenedicarboxylic acid",Carbossilati aromatici,Zn,Zn(NO3)2·6H2O,H2O/EtOH,Nessuno,80,18,0.5,0.417,1.2,Hydrothermal,2,,solvent_canonicalized;temperature_numeric_standardized;time_numeric_standardized,,0
830,"3-amino-4,4'-bipyrazole",Bipyrazole,Al,Al(NO3)3·9H2O,DMF/H2O/EtOH,Nessuno,60,72,2,2,1,Room Temperature,2,,numeric_decimal_standardized;solvent_canonicalized;temperature_numeric_standardized;time_numeric_standardized,,0
831,"1,4-Benzenedicarboxylic acid (H2BDC)",Carbossilati aromatici,Cd,Cd(NO3)2·4H2O,DMF,Nessuno,180,4,0.1,0.067,1.5,Solvothermal,2,,temperature_numeric_standardized;time_numeric_standardized,,0
832,Benzimidazole,Imidazolati,Co,Co(OAc)2·4H2O,H2O,Nessuno,80,72,2,1.667,1.2,Room Temperature,2,,numeric_decimal_standardized;temperature_numeric_standardized;time_numeric_standardized,,0
833,"1,3,5-Benzenetricarboxylic acid (H3BTC)",Carbossilati aromatici,Co,Co(NO3)2·6H2O,DMF/H2O,Nessuno,160,12,1,0.667,1.5,Microwave,2,,numeric_decimal_standardized;temperature_numeric_standardized;time_numeric_standardized,,0
834,"1,4-Benzenedicarboxylic acid (H2BDC)",Carbossilati aromatici,Co,Co(NO3)2·6H2O,DMF/MeOH,Nessuno,140,4,1,1,1,Solvothermal,2,,numeric_decimal_standardized;temperature_numeric_standardized;time_numeric_standardized,,0
835,"3,3'-dimethyl-4,4'-bipyrazole",Bipyrazole,Zr,ZrCl4,DMF/MeOH,Nessuno,140,12,0.2,0.2,1,Hydrothermal,2,,numeric_decimal_standardized;temperature_numeric_standardized;time_numeric_standardized,,0
836,"3,3'-dinitro-4,4'-bipyrazole",Bipyrazole,Zr,ZrCl4,DMA,Nessuno,140,36,0.5,0.5,1,Microwave,2,,numeric_decimal_standardized;temperature_numeric_standardized;time_numeric_standardized,,0
837,"3,5-diamino-4,4'-bipyrazole",Bipyrazole,Cd,Cd(NO3)2·4H2O,H2O,Nessuno,120,36,1,1.25,0.8,Microwave,2,,numeric_decimal_standardized;temperature_numeric_standardized;time_numeric_standardized,,0
838,2-Aminoterephthalic acid,Carbossilati aromatici,Cu,Cu(OAc)2·H2O,DMF/MeOH,Nessuno,120,24,0.1,0.083,1.2,Room Temperature,2,,temperature_numeric_standardized;time_numeric_standardized,,0
839,"3,5-diamino-4,4'-bipyrazole",Bipyrazole,Zn,Zn(OAc)2·2H2O,DMA,Nessuno,160,72,0.2,0.167,1.2,Hydrothermal,2,,temperature_numeric_standardized;time_numeric_standardized,,0
840,"1,2,4-Triazole",Triazole,Al,Al(NO3)3·9H2O,H2O,Nessuno,60,4,0.5,0.333,1.5,Solvothermal,2,,temperature_numeric_standardized;time_numeric_standardized,,0
841,"3,3'-dimethyl-4,4'-bipyrazole",Bipyrazole,Fe,Fe(NO3)3·9H2O,DMF/MeOH,Nessuno,100,36,0.1,0.05,2,Sonochemical,2,,numeric_decimal_standardized;temperature_numeric_standardized;time_numeric_standardized,,0
842,"1,4-Benzenedicarboxylic acid (H2BDC)",Carbossilati aromatici,Ni,Ni(NO3)2·6H2O,DMA,Nessuno,80,36,0.2,0.167,1.2,Solvothermal,2,,temperature_numeric_standardized;time_numeric_standardized,,0
843,Fumaric acid,Carbossilati aromatici,Zr,ZrCl4,H2O/EtOH,Nessuno,120,12,0.05,0.042,1.2,Microwave,2,,solvent_canonicalized;temperature_numeric_standardized;time_numeric_standardized,,0
844,"1,4-Benzenedicarboxylic acid (H2BDC)",Carbossilati aromatici,Co,Co(OAc)2·4H2O,H2O/EtOH,Nessuno,180,36,0.5,1.515,0.33,Solvothermal,2,,solvent_canonicalized;temperature_numeric_standardized;time_numeric_standardized,,0
845,"3-amino-4,4'-bipyrazole",Bipyrazole,Ni,Ni(NO3)2·6H2O,DMF/H2O,Nessuno,100,4,2,4,0.5,Hydrothermal,2,,numeric_decimal_standardized;temperature_numeric_standardized;time_numeric_standardized,,0
846,2-Aminoterephthalic acid,Carbossilati aromatici,Co,Co(NO3)2·6H2O,DEF,Nessuno,60,18,0.2,0.1,2,Solvothermal,2,,numeric_decimal_standardized;temperature_numeric_standardized;time_numeric_standardized,,0
847,"3,3'-dimethyl-4,4'-bipyrazole",Bipyrazole,Fe,Fe(NO3)3·9H2O,DMF/H2O,Nessuno,140,4,1,0.833,1.2,Microwave,2,,numeric_decimal_standardized;temperature_numeric_standardized;time_numeric_standardized,,0
848,"3,5-diamino-4,4'-bipyrazole",Bipyrazole,Zr,ZrCl4,DMF,Nessuno,140,12,1,3.03,0.33,Microwave,2,,numeric_decimal_standardized;temperature_numeric_standardized;time_numeric_standardized,,0
849,"1,4-Benzenedicarboxylic acid (H2BDC)",Carbossilati aromatici,Co,Co(NO3)2·6H2O,DMF,Nessuno,100,4,2,2.5,0.8,Solvothermal,2,,numeric_decimal_standardized;temperature_numeric_standardized;time_numeric_standardized,,0
850,"4,4'-Biphenyldicarboxylic acid (BPDC)",Carbossilati aromatici,Co,Co(OAc)2·4H2O,DMF,Nessuno,150,4,0.2,0.167,1.2,Sonochemical,2,,temperature_numeric_standardized;time_numeric_standardized,,0
851,"3,3'-dimethyl-4,4'-bipyrazole",Bipyrazole,Mn,Mn(OAc)2·4H2O,H2O,Nessuno,80,12,0.2,0.167,1.2,Solvothermal,2,,temperature_numeric_standardized;time_numeric_standardized,,0
852,Tetrakis(4-carboxyphenyl)porphyrin (TCPP),Carbossilati aromatici,Zr,ZrOCl2·8H2O,DMA,Nessuno,25,12,0.5,0.333,1.5,Room Temperature,2,,temperature_numeric_standardized;time_numeric_standardized,,0
853,"1,4-Benzenedicarboxylic acid (H2BDC)",Carbossilati aromatici,Co,Co(OAc)2·4H2O,MeOH,Nessuno,150,18,0.2,0.606,0.33,Hydrothermal,2,,temperature_numeric_standardized;time_numeric_standardized,,0
854,Benzimidazole,Imidazolati,Zr,ZrOCl2·8H2O,DMF,Nessuno,150,72,0.1,0.05,2,Microwave,2,,numeric_decimal_standardized;temperature_numeric_standardized;time_numeric_standardized,,0
855,Fumaric acid,Carbossilati aromatici,Co,Co(OAc)2·4H2O,DMF,Nessuno,180,72,0.2,0.1,2,Room Temperature,2,,numeric_decimal_standardized;temperature_numeric_standardized;time_numeric_standardized,,0
856,Tetrakis(4-carboxyphenyl)porphyrin (TCPP),Carbossilati aromatici,Co,Co(OAc)2·4H2O,DMA,Nessuno,180,72,0.2,0.4,0.5,Sonochemical,2,,temperature_numeric_standardized;time_numeric_standardized,,0
857,"1,4-Benzenedicarboxylic acid (H2BDC)",Carbossilati aromatici,Cd,Cd(NO3)2·4H2O,H2O,Nessuno,60,18,0.5,0.25,2,Room Temperature,2,,numeric_decimal_standardized;temperature_numeric_standardized;time_numeric_standardized,,0
858,"2,5-Dihydroxyterephthalic acid (H4DOBDC)",Carbossilati aromatici,Zn,Zn(NO3)2·6H2O,DMA,Nessuno,120,48,0.1,0.067,1.5,Hydrothermal,2,,temperature_numeric_standardized;time_numeric_standardized,,0
859,Fumaric acid,Carbossilati aromatici,Zr,ZrCl4,MeOH,Nessuno,120,18,0.5,1,0.5,Sonochemical,2,,numeric_decimal_standardized;temperature_numeric_standardized;time_numeric_standardized,,0
860,2-Methylimidazole,Imidazolati,Zr,ZrOCl2·8H2O,DMF,Nessuno,120,24,0.1,0.303,0.33,Room Temperature,2,,temperature_numeric_standardized;time_numeric_standardized,,0
861,"1,3,5-Benzenetricarboxylic acid (H3BTC)",Carbossilati aromatici,Fe,Fe(NO3)3·9H2O,DMF/MeOH,Nessuno,120,36,1,3.03,0.33,Solvothermal,2,,numeric_decimal_standardized;temperature_numeric_standardized;time_numeric_standardized,,0
862,"1,2,4-Triazole",Triazole,Cu,Cu(NO3)2·3H2O,DMF/MeOH,Nessuno,140,24,2,6.061,0.33,Solvothermal,2,,numeric_decimal_standardized;temperature_numeric_standardized;time_numeric_standardized,,0
863,"3,5-diamino-4,4'-bipyrazole",Bipyrazole,Al,AlCl3·6H2O,MeOH,Nessuno,25,12,2,10,0.2,Room Temperature,2,,numeric_decimal_standardized;temperature_numeric_standardized;time_numeric_standardized,,0
864,"3-amino-4,4'-bipyrazole",Bipyrazole,Co,Co(OAc)2·4H2O,DEF,Nessuno,180,72,2,1.667,1.2,Solvothermal,2,,numeric_decimal_standardized;temperature_numeric_standardized;time_numeric_standardized,,0
865,"3,3'-dimethyl-4,4'-bipyrazole",Bipyrazole,Al,AlCl3·6H2O,DMF/MeOH,Nessuno,60,72,2,4,0.5,Sonochemical,2,,numeric_decimal_standardized;temperature_numeric_standardized;time_numeric_standardized,,0
866,2-Aminoterephthalic acid,Carbossilati aromatici,Ni,Ni(OAc)2·4H2O,DMF/MeOH,Nessuno,180,48,1,5,0.2,Hydrothermal,2,,numeric_decimal_standardized;temperature_numeric_standardized;time_numeric_standardized,,0
867,"3-amino-4,4'-bipyrazole",Bipyrazole,Zn,Zn(OAc)2·2H2O,MeOH,Nessuno,120,12,0.05,0.1,0.5,Sonochemical,2,,temperature_numeric_standardized;time_numeric_standardized,,0
868,Tetrakis(4-carboxyphenyl)porphyrin (TCPP),Carbossilati aromatici,Zn,Zn(OAc)2·2H2O,H2O,Nessuno,60,24,1,5,0.2,Sonochemical,2,,numeric_decimal_standardized;temperature_numeric_standardized;time_numeric_standardized,,0
869,Fumaric acid,Carbossilati aromatici,Ni,Ni(OAc)2·4H2O,DMF,Nessuno,120,24,0.1,0.083,1.2,Hydrothermal,2,,temperature_numeric_standardized;time_numeric_standardized,,0
870,"1,2,4-Triazole",Triazole,Fe,FeCl3·6H2O,DMF,Nessuno,80,36,0.1,0.2,0.5,Microwave,2,,temperature_numeric_standardized;time_numeric_standardized,,0
871,2-Methylimidazole,Imidazolati,Fe,FeCl3·6H2O,H2O,Nessuno,100,4,0.2,0.133,1.5,Room Temperature,2,,temperature_numeric_standardized;time_numeric_standardized,,0
872,"4,4'-Biphenyldicarboxylic acid (BPDC)",Carbossilati aromatici,Zr,ZrOCl2·8H2O,MeOH,Nessuno,160,48,0.05,0.025,2,Sonochemical,2,,numeric_decimal_standardized;temperature_numeric_standardized;time_numeric_standardized,,0
873,"3,3'-dinitro-4,4'-bipyrazole",Bipyrazole,Cu,Cu(OAc)2·H2O,DMF/MeOH,Nessuno,80,18,0.05,0.1,0.5,Microwave,2,,temperature_numeric_standardized;time_numeric_standardized,,0
874,Benzimidazole,Imidazolati,Al,Al(NO3)3·9H2O,DEF,Nessuno,180,12,0.05,0.05,1,Hydrothermal,2,,numeric_decimal_standardized;temperature_numeric_standardized;time_numeric_standardized,,0
875,"3-amino-4,4'-bipyrazole",Bipyrazole,Co,Co(OAc)2·4H2O,DMF,Nessuno,25,4,0.1,0.2,0.5,Sonochemical,2,,temperature_numeric_standardized;time_numeric_standardized,,0
876,"3-amino-4,4'-bipyrazole",Bipyrazole,Co,Co(NO3)2·6H2O,DMF/H2O,Nessuno,80,12,0.5,0.625,0.8,Sonochemical,2,,temperature_numeric_standardized;time_numeric_standardized,,0
877,"1,3,5-Benzenetricarboxylic acid (H3BTC)",Carbossilati aromatici,Zn,Zn(OAc)2·2H2O,DEF,Nessuno,80,36,0.2,0.4,0.5,Microwave,2,,temperature_numeric_standardized;time_numeric_standardized,,0
878,"1,4-Benzenedicarboxylic acid (H2BDC)",Carbossilati aromatici,Mn,Mn(OAc)2·4H2O,DMF/H2O/EtOH,Nessuno,150,4,0.2,0.167,1.2,Microwave,2,,solvent_canonicalized;temperature_numeric_standardized;time_numeric_standardized,,0
879,"3,5-diamino-4,4'-bipyrazole",Bipyrazole,Mn,Mn(OAc)2·4H2O,MeOH,Nessuno,120,48,0.05,0.152,0.33,Solvothermal,2,,temperature_numeric_standardized;time_numeric_standardized,,0
880,"1,2,4-Triazole",Triazole,Cd,Cd(NO3)2·4H2O,DMF/H2O/EtOH,Nessuno,150,4,2,2,1,Hydrothermal,2,,numeric_decimal_standardized;solvent_canonicalized;temperature_numeric_standardized;time_numeric_standardized,,0
881,"3,3'-dinitro-4,4'-bipyrazole",Bipyrazole,Co,Co(NO3)2·6H2O,H2O/EtOH,Nessuno,150,4,0.1,0.05,2,Room Temperature,2,,numeric_decimal_standardized;solvent_canonicalized;temperature_numeric_standardized;time_numeric_standardized,,0
882,"3,3'-dimethyl-4,4'-bipyrazole",Bipyrazole,Co,Co(NO3)2·6H2O,DMF/H2O,Nessuno,60,18,0.05,0.033,1.5,Hydrothermal,2,,temperature_numeric_standardized;time_numeric_standardized,,0
883,Benzimidazole,Imidazolati,Cu,Cu(NO3)2·3H2O,DEF,Nessuno,80,36,0.1,0.05,2,Room Temperature,2,,numeric_decimal_standardized;temperature_numeric_standardized;time_numeric_standardized,,0
884,Fumaric acid,Carbossilati aromatici,Fe,Fe(NO3)3·9H2O,MeOH,Nessuno,160,4,2,2,1,Microwave,2,,numeric_decimal_standardized;temperature_numeric_standardized;time_numeric_standardized,,0
885,"3-amino-4,4'-bipyrazole",Bipyrazole,Al,Al(NO3)3·9H2O,DEF,Nessuno,25,36,2,2.5,0.8,Hydrothermal,2,,numeric_decimal_standardized;temperature_numeric_standardized;time_numeric_standardized,,0
886,2-Aminoterephthalic acid,Carbossilati aromatici,Cu,Cu(NO3)2·3H2O,DEF,Nessuno,150,36,0.2,0.606,0.33,Sonochemical,2,,temperature_numeric_standardized;time_numeric_standardized,,0
887,"3,3'-dimethyl-4,4'-bipyrazole",Bipyrazole,Co,Co(NO3)2·6H2O,DMF/MeOH,Nessuno,25,36,0.05,0.062,0.8,Sonochemical,2,,temperature_numeric_standardized;time_numeric_standardized,,0
888,"3,5-diamino-4,4'-bipyrazole",Bipyrazole,Fe,Fe(NO3)3·9H2O,DMF/H2O/EtOH,Nessuno,180,72,0.05,0.05,1,Microwave,2,,numeric_decimal_standardized;solvent_canonicalized;temperature_numeric_standardized;time_numeric_standardized,,0
889,Benzimidazole,Imidazolati,Mn,Mn(OAc)2·4H2O,DMF/H2O,Nessuno,160,48,0.1,0.125,0.8,Hydrothermal,2,,temperature_numeric_standardized;time_numeric_standardized,,0
890,Benzimidazole,Imidazolati,Zn,Zn(NO3)2·6H2O,DMF/H2O/EtOH,Nessuno,25,36,0.05,0.033,1.5,Solvothermal,2,,solvent_canonicalized;temperature_numeric_standardized;time_numeric_standardized,,0
891,"3-amino-4,4'-bipyrazole",Bipyrazole,Cu,Cu(OAc)2·H2O,H2O/EtOH,Nessuno,120,18,2,1.667,1.2,Microwave,2,,numeric_decimal_standardized;solvent_canonicalized;temperature_numeric_standardized;time_numeric_standardized,,0
892,"3,5-diamino-4,4'-bipyrazole",Bipyrazole,Fe,FeCl3·6H2O,DEF,Nessuno,180,72,0.2,0.25,0.8,Microwave,2,,temperature_numeric_standardized;time_numeric_standardized,,0
893,"3,5-diamino-4,4'-bipyrazole",Bipyrazole,Al,Al(NO3)3·9H2O,DEF,Nessuno,180,12,0.1,0.5,0.2,Solvothermal,2,,temperature_numeric_standardized;time_numeric_standardized,,0
894,"1,3,5-Benzenetricarboxylic acid (H3BTC)",Carbossilati aromatici,Zn,Zn(OAc)2·2H2O,H2O/EtOH,Nessuno,120,48,0.2,1,0.2,Solvothermal,2,,numeric_decimal_standardized;solvent_canonicalized;temperature_numeric_standardized;time_numeric_standardized,,0
895,"2,5-Dihydroxyterephthalic acid (H4DOBDC)",Carbossilati aromatici,Mn,Mn(OAc)2·4H2O,DMF/H2O,Nessuno,60,12,0.2,0.1,2,Solvothermal,2,,numeric_decimal_standardized;temperature_numeric_standardized;time_numeric_standardized,,0
896,"1,3,5-Benzenetricarboxylic acid (H3BTC)",Carbossilati aromatici,Zn,Zn(OAc)2·2H2O,H2O,Nessuno,180,4,1,0.833,1.2,Microwave,2,,numeric_decimal_standardized;temperature_numeric_standardized;time_numeric_standardized,,0
897,2-Aminoterephthalic acid,Carbossilati aromatici,Fe,FeCl3·6H2O,DMF/H2O/EtOH,Nessuno,160,18,1,1.25,0.8,Room Temperature,2,,numeric_decimal_standardized;solvent_canonicalized;temperature_numeric_standardized;time_numeric_standardized,,0
898,"3-amino-4,4'-bipyrazole",Bipyrazole,Cu,Cu(NO3)2·3H2O,DMF/H2O/EtOH,Nessuno,60,24,0.05,0.25,0.2,Hydrothermal,2,,solvent_canonicalized;temperature_numeric_standardized;time_numeric_standardized,,0
899,"2,6-Naphthalenedicarboxylic acid",Carbossilati aromatici,Fe,FeCl3·6H2O,DEF,Nessuno,160,24,0.1,0.1,1,Room Temperature,2,,numeric_decimal_standardized;temperature_numeric_standardized;time_numeric_standardized,,0
900,2-Aminoterephthalic acid,Carbossilati aromatici,Zn,Zn(OAc)2·2H2O,H2O/EtOH,Nessuno,120,36,1,3.03,0.33,Solvothermal,2,,numeric_decimal_standardized;solvent_canonicalized;temperature_numeric_standardized;time_numeric_standardized,,0
901,Benzimidazole,Imidazolati,Cu,Cu(NO3)2·3H2O,H2O,Nessuno,160,12,1,1,1,Room Temperature,2,,numeric_decimal_standardized;temperature_numeric_standardized;time_numeric_standardized,,0
902,"1,4-Benzenedicarboxylic acid (H2BDC)",Carbossilati aromatici,Zn,Zn(OAc)2·2H2O,H2O,Nessuno,80,24,0.2,0.4,0.5,Solvothermal,2,,temperature_numeric_standardized;time_numeric_standardized,,0
903,"3-amino-4,4'-bipyrazole",Bipyrazole,Al,Al(NO3)3·9H2O,DMF/H2O/EtOH,Nessuno,120,12,0.2,0.133,1.5,Microwave,2,,solvent_canonicalized;temperature_numeric_standardized;time_numeric_standardized,,0
904,"4,4'-Biphenyldicarboxylic acid (BPDC)",Carbossilati aromatici,Co,Co(NO3)2·6H2O,H2O/EtOH,Nessuno,180,18,0.2,0.606,0.33,Hydrothermal,2,,solvent_canonicalized;temperature_numeric_standardized;time_numeric_standardized,,0
905,"2,6-Naphthalenedicarboxylic acid",Carbossilati aromatici,Co,Co(NO3)2·6H2O,DEF,Nessuno,100,12,0.5,0.5,1,Sonochemical,2,,numeric_decimal_standardized;temperature_numeric_standardized;time_numeric_standardized,,0
906,Fumaric acid,Carbossilati aromatici,Zr,ZrOCl2·8H2O,DMF,Nessuno,180,4,1,1.25,0.8,Hydrothermal,2,,numeric_decimal_standardized;temperature_numeric_standardized;time_numeric_standardized,,0
907,"1,3,5-Benzenetricarboxylic acid (H3BTC)",Carbossilati aromatici,Mg,Mg(NO3)2·6H2O,DMA,Nessuno,80,48,0.1,0.5,0.2,Hydrothermal,2,,temperature_numeric_standardized;time_numeric_standardized,,0
908,Tetrakis(4-carboxyphenyl)porphyrin (TCPP),Carbossilati aromatici,Cd,Cd(NO3)2·4H2O,H2O/EtOH,Nessuno,140,24,0.5,0.25,2,Microwave,2,,numeric_decimal_standardized;solvent_canonicalized;temperature_numeric_standardized;time_numeric_standardized,,0
909,2-Aminoterephthalic acid,Carbossilati aromatici,Cu,Cu(OAc)2·H2O,DMF,Nessuno,140,4,0.05,0.042,1.2,Hydrothermal,2,,temperature_numeric_standardized;time_numeric_standardized,,0
910,"4,4'-Biphenyldicarboxylic acid (BPDC)",Carbossilati aromatici,Al,AlCl3·6H2O,DMF/MeOH,Nessuno,80,24,1,1.25,0.8,Sonochemical,2,,numeric_decimal_standardized;temperature_numeric_standardized;time_numeric_standardized,,0
911,"3,3'-dimethyl-4,4'-bipyrazole",Bipyrazole,Zr,ZrCl4,DMA,Nessuno,80,18,0.1,0.067,1.5,Hydrothermal,2,,temperature_numeric_standardized;time_numeric_standardized,,0
912,2-Aminoterephthalic acid,Carbossilati aromatici,Al,AlCl3·6H2O,DEF,Nessuno,100,4,0.05,0.05,1,Room Temperature,2,,numeric_decimal_standardized;temperature_numeric_standardized;time_numeric_standardized,,0
913,Fumaric acid,Carbossilati aromatici,Cd,Cd(NO3)2·4H2O,MeOH,Nessuno,100,12,0.2,0.167,1.2,Microwave,2,,temperature_numeric_standardized;time_numeric_standardized,,0
914,"3,3'-dimethyl-4,4'-bipyrazole",Bipyrazole,Cu,Cu(NO3)2·3H2O,DMF,Nessuno,160,24,1,1,1,Sonochemical,2,,numeric_decimal_standardized;temperature_numeric_standardized;time_numeric_standardized,,0
915,"3,3'-dimethyl-4,4'-bipyrazole",Bipyrazole,Zn,Zn(OAc)2·2H2O,DMF/H2O,Nessuno,180,36,0.05,0.1,0.5,Room Temperature,2,,temperature_numeric_standardized;time_numeric_standardized,,0
916,"3,3'-dinitro-4,4'-bipyrazole",Bipyrazole,Zn,Zn(OAc)2·2H2O,DEF,Nessuno,80,4,0.5,0.25,2,Solvothermal,2,,numeric_decimal_standardized;temperature_numeric_standardized;time_numeric_standardized,,0
917,2-Aminoterephthalic acid,Carbossilati aromatici,Cd,Cd(NO3)2·4H2O,H2O,Nessuno,180,4,0.2,0.2,1,Sonochemical,2,,numeric_decimal_standardized;temperature_numeric_standardized;time_numeric_standardized,,0
918,Benzimidazole,Imidazolati,Co,Co(NO3)2·6H2O,DMF/H2O,Nessuno,120,24,0.5,1,0.5,Hydrothermal,2,,numeric_decimal_standardized;temperature_numeric_standardized;time_numeric_standardized,,0
919,Benzimidazole,Imidazolati,Cd,Cd(NO3)2·4H2O,DMF/H2O/EtOH,Nessuno,150,4,0.5,0.625,0.8,Microwave,2,,solvent_canonicalized;temperature_numeric_standardized;time_numeric_standardized,,0
920,"3-amino-4,4'-bipyrazole",Bipyrazole,Zn,Zn(OAc)2·2H2O,DMF/H2O/EtOH,Nessuno,140,48,0.1,0.1,1,Sonochemical,2,,numeric_decimal_standardized;solvent_canonicalized;temperature_numeric_standardized;time_numeric_standardized,,0
921,"3,5-diamino-4,4'-bipyrazole",Bipyrazole,Co,Co(OAc)2·4H2O,DMF,Nessuno,160,36,0.1,0.083,1.2,Hydrothermal,2,,temperature_numeric_standardized;time_numeric_standardized,,0
922,Benzimidazole,Imidazolati,Cd,Cd(NO3)2·4H2O,DMA,Nessuno,180,4,0.05,0.042,1.2,Microwave,2,,temperature_numeric_standardized;time_numeric_standardized,,0
923,"3,5-diamino-4,4'-bipyrazole",Bipyrazole,Fe,FeCl3·6H2O,DMA,Nessuno,80,4,0.05,0.062,0.8,Solvothermal,2,,temperature_numeric_standardized;time_numeric_standardized,,0
924,Benzimidazole,Imidazolati,Cd,Cd(NO3)2·4H2O,DMA,Nessuno,140,24,0.1,0.5,0.2,Microwave,2,,temperature_numeric_standardized;time_numeric_standardized,,0
925,"3,5-diamino-4,4'-bipyrazole",Bipyrazole,Zr,ZrCl4,DEF,Nessuno,25,4,2,2,1,Solvothermal,2,,numeric_decimal_standardized;temperature_numeric_standardized;time_numeric_standardized,,0
926,"1,4-Benzenedicarboxylic acid (H2BDC)",Carbossilati aromatici,Al,Al(NO3)3·9H2O,DMF/MeOH,Nessuno,140,72,0.1,0.083,1.2,Hydrothermal,2,,temperature_numeric_standardized;time_numeric_standardized,,0
927,Benzimidazole,Imidazolati,Cd,Cd(NO3)2·4H2O,DEF,Nessuno,150,24,0.2,0.1,2,Solvothermal,2,,numeric_decimal_standardized;temperature_numeric_standardized;time_numeric_standardized,,0
928,2-Methylimidazole,Imidazolati,Cu,Cu(NO3)2·3H2O,DMA,Nessuno,180,48,0.05,0.033,1.5,Solvothermal,2,,temperature_numeric_standardized;time_numeric_standardized,,0
929,2-Aminoterephthalic acid,Carbossilati aromatici,Fe,Fe(NO3)3·9H2O,H2O,Nessuno,160,12,0.5,0.417,1.2,Microwave,2,,temperature_numeric_standardized;time_numeric_standardized,,0
930,Benzimidazole,Imidazolati,Cd,Cd(NO3)2·4H2O,MeOH,Nessuno,100,24,0.1,0.083,1.2,Hydrothermal,2,,temperature_numeric_standardized;time_numeric_standardized,,0
931,Tetrakis(4-carboxyphenyl)porphyrin (TCPP),Carbossilati aromatici,Cu,Cu(NO3)2·3H2O,DMF/H2O/EtOH,Nessuno,60,48,0.5,0.333,1.5,Microwave,2,,solvent_canonicalized;temperature_numeric_standardized;time_numeric_standardized,,0
932,2-Methylimidazole,Imidazolati,Al,Al(NO3)3·9H2O,DMF/H2O,Nessuno,80,72,1,1,1,Microwave,2,,numeric_decimal_standardized;temperature_numeric_standardized;time_numeric_standardized,,0
933,Fumaric acid,Carbossilati aromatici,Fe,Fe(NO3)3·9H2O,DEF,Nessuno,140,12,1,0.833,1.2,Room Temperature,2,,numeric_decimal_standardized;temperature_numeric_standardized;time_numeric_standardized,,0
934,"3,5-diamino-4,4'-bipyrazole",Bipyrazole,Ni,Ni(NO3)2·6H2O,DMF/H2O,Nessuno,80,18,2,2,1,Sonochemical,2,,numeric_decimal_standardized;temperature_numeric_standardized;time_numeric_standardized,,0
935,Tetrakis(4-carboxyphenyl)porphyrin (TCPP),Carbossilati aromatici,Cd,Cd(NO3)2·4H2O,DMF,Nessuno,150,24,1,0.833,1.2,Solvothermal,2,,numeric_decimal_standardized;temperature_numeric_standardized;time_numeric_standardized,,0
936,Tetrakis(4-carboxyphenyl)porphyrin (TCPP),Carbossilati aromatici,Zn,Zn(NO3)2·6H2O,DMF/MeOH,Nessuno,100,24,0.2,1,0.2,Hydrothermal,2,,numeric_decimal_standardized;temperature_numeric_standardized;time_numeric_standardized,,0
937,"3-amino-4,4'-bipyrazole",Bipyrazole,Cu,Cu(OAc)2·H2O,H2O/EtOH,Nessuno,60,24,0.1,0.067,1.5,Hydrothermal,2,,solvent_canonicalized;temperature_numeric_standardized;time_numeric_standardized,,0
938,"2,5-Dihydroxyterephthalic acid (H4DOBDC)",Carbossilati aromatici,Zn,Zn(OAc)2·2H2O,MeOH,Nessuno,80,18,1,0.833,1.2,Hydrothermal,2,,numeric_decimal_standardized;temperature_numeric_standardized;time_numeric_standardized,,0
939,"1,2,4-Triazole",Triazole,Cu,Cu(NO3)2·3H2O,DEF,Nessuno,160,36,0.1,0.2,0.5,Solvothermal,2,,temperature_numeric_standardized;time_numeric_standardized,,0
940,"3,5-diamino-4,4'-bipyrazole",Bipyrazole,Cu,Cu(OAc)2·H2O,MeOH,Nessuno,60,72,2,2,1,Sonochemical,2,,numeric_decimal_standardized;temperature_numeric_standardized;time_numeric_standardized,,0
941,2-Methylimidazole,Imidazolati,Ni,Ni(NO3)2·6H2O,DMA,Nessuno,160,72,0.1,0.125,0.8,Solvothermal,2,,temperature_numeric_standardized;time_numeric_standardized,,0
942,Fumaric acid,Carbossilati aromatici,Zn,Zn(OAc)2·2H2O,DMF,Nessuno,180,4,0.2,0.606,0.33,Microwave,2,,temperature_numeric_standardized;time_numeric_standardized,,0
943,"2,6-Naphthalenedicarboxylic acid",Carbossilati aromatici,Zn,Zn(NO3)2·6H2O,DMF,Nessuno,160,24,0.2,0.2,1,Microwave,2,,numeric_decimal_standardized;temperature_numeric_standardized;time_numeric_standardized,,0
944,"3,3'-dinitro-4,4'-bipyrazole",Bipyrazole,Cu,Cu(NO3)2·3H2O,DMA,Nessuno,180,4,0.2,0.25,0.8,Sonochemical,2,,temperature_numeric_standardized;time_numeric_standardized,,0
945,"1,2,4-Triazole",Triazole,Zr,ZrCl4,DMF/H2O/EtOH,Nessuno,140,24,0.2,1,0.2,Microwave,2,,numeric_decimal_standardized;solvent_canonicalized;temperature_numeric_standardized;time_numeric_standardized,,0
946,"2,6-Naphthalenedicarboxylic acid",Carbossilati aromatici,Cd,Cd(NO3)2·4H2O,H2O/EtOH,Nessuno,120,4,0.5,0.25,2,Solvothermal,2,,numeric_decimal_standardized;solvent_canonicalized;temperature_numeric_standardized;time_numeric_standardized,,0
947,"3,5-diamino-4,4'-bipyrazole",Bipyrazole,Cd,Cd(NO3)2·4H2O,DMA,Nessuno,100,12,1,5,0.2,Hydrothermal,2,,numeric_decimal_standardized;temperature_numeric_standardized;time_numeric_standardized,,0
948,"2,5-Dihydroxyterephthalic acid (H4DOBDC)",Carbossilati aromatici,Zr,ZrCl4,MeOH,Nessuno,80,48,0.2,0.2,1,Sonochemical,2,,numeric_decimal_standardized;temperature_numeric_standardized;time_numeric_standardized,,0
949,"2,6-Naphthalenedicarboxylic acid",Carbossilati aromatici,Zr,ZrCl4,DMF,Nessuno,80,48,0.5,1.515,0.33,Microwave,2,,temperature_numeric_standardized;time_numeric_standardized,,0
950,"2,6-Naphthalenedicarboxylic acid",Carbossilati aromatici,Fe,FeCl3·6H2O,DEF,Nessuno,180,12,0.2,1,0.2,Sonochemical,2,,numeric_decimal_standardized;temperature_numeric_standardized;time_numeric_standardized,,0
951,2-Aminoterephthalic acid,Carbossilati aromatici,Fe,Fe(NO3)3·9H2O,DMA,Nessuno,100,72,0.1,0.125,0.8,Sonochemical,2,,temperature_numeric_standardized;time_numeric_standardized,,0
952,"3,3'-dinitro-4,4'-bipyrazole",Bipyrazole,Co,Co(OAc)2·4H2O,DEF,Nessuno,120,4,2,1,2,Sonochemical,2,,numeric_decimal_standardized;temperature_numeric_standardized;time_numeric_standardized,,0
953,"2,6-Naphthalenedicarboxylic acid",Carbossilati aromatici,Cd,Cd(NO3)2·4H2O,DMA,Nessuno,60,4,0.1,0.2,0.5,Hydrothermal,2,,temperature_numeric_standardized;time_numeric_standardized,,0
954,Benzimidazole,Imidazolati,Mn,Mn(OAc)2·4H2O,H2O,Nessuno,160,4,0.05,0.1,0.5,Microwave,2,,temperature_numeric_standardized;time_numeric_standardized,,0
955,Benzimidazole,Imidazolati,Cu,Cu(OAc)2·H2O,DMF,Nessuno,25,18,1,0.5,2,Sonochemical,2,,numeric_decimal_standardized;temperature_numeric_standardized;time_numeric_standardized,,0
956,"3-amino-4,4'-bipyrazole",Bipyrazole,Zr,ZrOCl2·8H2O,DEF,Nessuno,140,72,0.05,0.25,0.2,Solvothermal,2,,temperature_numeric_standardized;time_numeric_standardized,,0
957,"3-amino-4,4'-bipyrazole",Bipyrazole,Mg,Mg(NO3)2·6H2O,DMF/H2O/EtOH,Nessuno,120,36,0.5,1,0.5,Solvothermal,2,,numeric_decimal_standardized;solvent_canonicalized;temperature_numeric_standardized;time_numeric_standardized,,0
958,2-Aminoterephthalic acid,Carbossilati aromatici,Zn,Zn(OAc)2·2H2O,DMF/MeOH,Nessuno,140,18,1,3.03,0.33,Hydrothermal,2,,numeric_decimal_standardized;temperature_numeric_standardized;time_numeric_standardized,,0
959,"3-amino-4,4'-bipyrazole",Bipyrazole,Al,Al(NO3)3·9H2O,DMF,Nessuno,160,48,0.05,0.05,1,Solvothermal,2,,numeric_decimal_standardized;temperature_numeric_standardized;time_numeric_standardized,,0
960,"1,2,4-Triazole",Triazole,Co,Co(NO3)2·6H2O,H2O/EtOH,Nessuno,80,24,0.05,0.25,0.2,Sonochemical,2,,solvent_canonicalized;temperature_numeric_standardized;time_numeric_standardized,,0
961,"1,4-Benzenedicarboxylic acid (H2BDC)",Carbossilati aromatici,Mn,Mn(OAc)2·4H2O,DMF/H2O,Nessuno,140,12,2,4,0.5,Room Temperature,2,,numeric_decimal_standardized;temperature_numeric_standardized;time_numeric_standardized,,0
962,Benzimidazole,Imidazolati,Ni,Ni(OAc)2·4H2O,DEF,Nessuno,180,18,0.1,0.303,0.33,Sonochemical,2,,temperature_numeric_standardized;time_numeric_standardized,,0
963,"4,4'-Biphenyldicarboxylic acid (BPDC)",Carbossilati aromatici,Fe,Fe(NO3)3·9H2O,H2O/EtOH,Nessuno,60,36,0.2,0.25,0.8,Microwave,2,,solvent_canonicalized;temperature_numeric_standardized;time_numeric_standardized,,0
964,Fumaric acid,Carbossilati aromatici,Zn,Zn(OAc)2·2H2O,DEF,Nessuno,120,72,1,0.667,1.5,Room Temperature,2,,numeric_decimal_standardized;temperature_numeric_standardized;time_numeric_standardized,,0
965,"1,2,4-Triazole",Triazole,Cd,Cd(NO3)2·4H2O,DMF/H2O/EtOH,Nessuno,100,18,0.5,0.333,1.5,Room Temperature,2,,solvent_canonicalized;temperature_numeric_standardized;time_numeric_standardized,,0
966,"2,6-Naphthalenedicarboxylic acid",Carbossilati aromatici,Al,Al(NO3)3·9H2O,DMA,Nessuno,80,12,1,1.25,0.8,Sonochemical,2,,numeric_decimal_standardized;temperature_numeric_standardized;time_numeric_standardized,,0
967,"2,5-Dihydroxyterephthalic acid (H4DOBDC)",Carbossilati aromatici,Al,AlCl3·6H2O,DMF/H2O,Nessuno,160,12,0.1,0.083,1.2,Microwave,2,,temperature_numeric_standardized;time_numeric_standardized,,0
968,2-Aminoterephthalic acid,Carbossilati aromatici,Mn,Mn(OAc)2·4H2O,DMF/MeOH,Nessuno,180,48,0.5,0.333,1.5,Room Temperature,2,,temperature_numeric_standardized;time_numeric_standardized,,0
969,"3,3'-dinitro-4,4'-bipyrazole",Bipyrazole,Co,Co(NO3)2·6H2O,MeOH,Nessuno,160,4,0.1,0.1,1,Hydrothermal,2,,numeric_decimal_standardized;temperature_numeric_standardized;time_numeric_standardized,,0
970,"3,5-diamino-4,4'-bipyrazole",Bipyrazole,Cu,Cu(OAc)2·H2O,DMF/MeOH,Nessuno,100,48,1,1.25,0.8,Solvothermal,2,,numeric_decimal_standardized;temperature_numeric_standardized;time_numeric_standardized,,0
971,"3,3'-dinitro-4,4'-bipyrazole",Bipyrazole,Cd,Cd(NO3)2·4H2O,MeOH,Nessuno,140,48,0.5,0.417,1.2,Sonochemical,2,,temperature_numeric_standardized;time_numeric_standardized,,0
972,"3-amino-4,4'-bipyrazole",Bipyrazole,Ni,Ni(NO3)2·6H2O,H2O,Nessuno,180,36,0.05,0.025,2,Hydrothermal,2,,numeric_decimal_standardized;temperature_numeric_standardized;time_numeric_standardized,,0
973,"3,3'-dinitro-4,4'-bipyrazole",Bipyrazole,Zn,Zn(NO3)2·6H2O,DMF/MeOH,Nessuno,60,18,0.1,0.125,0.8,Microwave,2,,temperature_numeric_standardized;time_numeric_standardized,,0
974,"3-amino-4,4'-bipyrazole",Bipyrazole,Cu,Cu(OAc)2·H2O,DMF,Nessuno,150,12,0.05,0.033,1.5,Sonochemical,2,,temperature_numeric_standardized;time_numeric_standardized,,0
975,"1,3,5-Benzenetricarboxylic acid (H3BTC)",Carbossilati aromatici,Fe,Fe(NO3)3·9H2O,DEF,Nessuno,25,72,2,10,0.2,Sonochemical,2,,numeric_decimal_standardized;temperature_numeric_standardized;time_numeric_standardized,,0
976,"2,6-Naphthalenedicarboxylic acid",Carbossilati aromatici,Cd,Cd(NO3)2·4H2O,DMF/H2O,Nessuno,150,18,2,10,0.2,Hydrothermal,2,,numeric_decimal_standardized;temperature_numeric_standardized;time_numeric_standardized,,0
977,2-Methylimidazole,Imidazolati,Zr,ZrOCl2·8H2O,DMF/H2O,Nessuno,150,36,0.1,0.2,0.5,Hydrothermal,2,,temperature_numeric_standardized;time_numeric_standardized,,0
978,"4,4'-Biphenyldicarboxylic acid (BPDC)",Carbossilati aromatici,Co,Co(NO3)2·6H2O,DMF/H2O/EtOH,Nessuno,25,18,0.2,0.167,1.2,Microwave,2,,solvent_canonicalized;temperature_numeric_standardized;time_numeric_standardized,,0
979,"2,5-Dihydroxyterephthalic acid (H4DOBDC)",Carbossilati aromatici,Zn,Zn(OAc)2·2H2O,MeOH,Nessuno,100,36,0.2,0.25,0.8,Solvothermal,2,,temperature_numeric_standardized;time_numeric_standardized,,0
980,"3-amino-4,4'-bipyrazole",Bipyrazole,Co,Co(OAc)2·4H2O,DMF,Nessuno,140,4,0.05,0.05,1,Microwave,2,,numeric_decimal_standardized;temperature_numeric_standardized;time_numeric_standardized,,0
981,"1,2,4-Triazole",Triazole,Zr,ZrOCl2·8H2O,H2O/EtOH,Nessuno,120,48,2,4,0.5,Hydrothermal,2,,numeric_decimal_standardized;solvent_canonicalized;temperature_numeric_standardized;time_numeric_standardized,,0
982,"1,2,4-Triazole",Triazole,Cu,Cu(NO3)2·3H2O,DMA,Nessuno,140,12,2,6.061,0.33,Microwave,2,,numeric_decimal_standardized;temperature_numeric_standardized;time_numeric_standardized,,0
983,"1,4-Benzenedicarboxylic acid (H2BDC)",Carbossilati aromatici,Cu,Cu(NO3)2·3H2O,DEF,Nessuno,150,48,2,1,2,Microwave,2,,numeric_decimal_standardized;temperature_numeric_standardized;time_numeric_standardized,,0
984,"1,2,4-Triazole",Triazole,Cu,Cu(OAc)2·H2O,H2O/EtOH,Nessuno,180,72,2,1.667,1.2,Hydrothermal,2,,numeric_decimal_standardized;solvent_canonicalized;temperature_numeric_standardized;time_numeric_standardized,,0
985,"3-amino-4,4'-bipyrazole",Bipyrazole,Mg,Mg(NO3)2·6H2O,DMF,Nessuno,160,24,2,1,2,Room Temperature,2,,numeric_decimal_standardized;temperature_numeric_standardized;time_numeric_standardized,,0
986,2-Methylimidazole,Imidazolati,Co,Co(OAc)2·4H2O,DMA,Nessuno,120,24,0.05,0.25,0.2,Microwave,2,,temperature_numeric_standardized;time_numeric_standardized,,0
987,Benzimidazole,Imidazolati,Zn,Zn(OAc)2·2H2O,DMA,Nessuno,60,72,0.5,0.5,1,Solvothermal,2,,numeric_decimal_standardized;temperature_numeric_standardized;time_numeric_standardized,,0
988,"4,4'-Biphenyldicarboxylic acid (BPDC)",Carbossilati aromatici,Zr,ZrOCl2·8H2O,DMF/MeOH,Nessuno,25,72,0.1,0.1,1,Hydrothermal,2,,numeric_decimal_standardized;temperature_numeric_standardized;time_numeric_standardized,,0
989,"3-amino-4,4'-bipyrazole",Bipyrazole,Zr,ZrOCl2·8H2O,DMF/H2O/EtOH,Nessuno,180,4,0.5,1,0.5,Room Temperature,2,,numeric_decimal_standardized;solvent_canonicalized;temperature_numeric_standardized;time_numeric_standardized,,0
990,Benzimidazole,Imidazolati,Cu,Cu(OAc)2·H2O,DEF,Nessuno,150,48,0.2,0.167,1.2,Room Temperature,2,,temperature_numeric_standardized;time_numeric_standardized,,0
991,Tetrakis(4-carboxyphenyl)porphyrin (TCPP),Carbossilati aromatici,Zn,Zn(NO3)2·6H2O,DMF/MeOH,Nessuno,25,12,0.2,0.2,1,Hydrothermal,2,,numeric_decimal_standardized;temperature_numeric_standardized;time_numeric_standardized,,0
992,Benzimidazole,Imidazolati,Ni,Ni(OAc)2·4H2O,DMA,Nessuno,80,72,0.05,0.042,1.2,Microwave,2,,temperature_numeric_standardized;time_numeric_standardized,,0
993,Tetrakis(4-carboxyphenyl)porphyrin (TCPP),Carbossilati aromatici,Cu,Cu(NO3)2·3H2O,DEF,Nessuno,60,18,0.5,0.417,1.2,Hydrothermal,2,,temperature_numeric_standardized;time_numeric_standardized,,0
994,2-Aminoterephthalic acid,Carbossilati aromatici,Ni,Ni(OAc)2·4H2O,DMF/H2O/EtOH,Nessuno,60,4,0.05,0.042,1.2,Sonochemical,2,,solvent_canonicalized;temperature_numeric_standardized;time_numeric_standardized,,0
995,"2,5-Dihydroxyterephthalic acid (H4DOBDC)",Carbossilati aromatici,Al,AlCl3·6H2O,DMF,Nessuno,140,48,0.2,0.25,0.8,Sonochemical,2,,temperature_numeric_standardized;time_numeric_standardized,,0
996,"1,3,5-Benzenetricarboxylic acid (H3BTC)",Carbossilati aromatici,Ni,Ni(NO3)2·6H2O,DMA,Nessuno,180,36,1,3.03,0.33,Sonochemical,2,,numeric_decimal_standardized;temperature_numeric_standardized;time_numeric_standardized,,0
997,2-Aminoterephthalic acid,Carbossilati aromatici,Cu,Cu(OAc)2·H2O,DMF/H2O/EtOH,Nessuno,100,36,0.5,0.625,0.8,Microwave,2,,solvent_canonicalized;temperature_numeric_standardized;time_numeric_standardized,,0
998,2-Methylimidazole,Imidazolati,Al,AlCl3·6H2O,DMF/MeOH,Nessuno,60,36,2,1.333,1.5,Microwave,2,,numeric_decimal_standardized;temperature_numeric_standardized;time_numeric_standardized,,0
999,2-Methylimidazole,Imidazolati,Fe,FeCl3·6H2O,DEF,Nessuno,150,18,0.2,0.2,1,Room Temperature,2,,numeric_decimal_standardized;temperature_numeric_standardized;time_numeric_standardized,,0
1000,2-Aminoterephthalic acid,Carbossilati aromatici,Ni,Ni(OAc)2·4H2O,DMF/H2O/EtOH,Nessuno,60,48,1,3.03,0.33,Room Temperature,2,,numeric_decimal_standardized;solvent_canonicalized;temperature_numeric_standardized;time_numeric_standardized,,0
MOFs_0,"3-nitro-4,4'-bipyrazole",Bipyrazole,Cd,Cd(NO3)2·4H2O,DMF,Nessuno,150,24,0.1,0.1,1,Solvothermal,0,10,numeric_decimal_standardized;salt_hydrate_separator_standardized,,0
MOFs_1,"3-nitro-4,4'-bipyrazole",Bipyrazole,Cd,Cd(NO3)2·4H2O,DMF,Nessuno,150,24,0.1,0.2,0.5,Solvothermal,0,10,numeric_decimal_standardized;salt_hydrate_separator_standardized,,0
MOFs_2,"3-nitro-4,4'-bipyrazole",Bipyrazole,Ni,Ni(NO3)2,MeCN,Trietilammina (TEA),25,48,0.1,0.1,1,Solvothermal,0,10,additive_canonicalized;numeric_decimal_standardized;solvent_canonicalized;temperature_room_to_25,,0
MOFs_3,"3-nitro-4,4'-bipyrazole",Bipyrazole,Ni,Ni(OAc)2·4H2O,MeCN,Nessuno,reflux,48,0.2,0.2,1,Solvothermal,0,5,numeric_decimal_standardized;salt_hydrate_separator_standardized;solvent_canonicalized;temperature_reflux_retained,,0
MOFs_4,"3-nitro-4,4'-bipyrazole",Bipyrazole,Ni,Ni(OAc)2·4H2O,MeCN,Trietilammina (TEA),reflux,48,0.2,0.4,0.5,Solvothermal,0,5,additive_canonicalized;numeric_decimal_standardized;salt_hydrate_separator_standardized;solvent_canonicalized;temperature_reflux_retained,,0
MOFs_5,"3-(3,5-DiMePz4-yl)pentane-2,4-dione",Altro,Zr,Zr(OCH3)4,Et3N,Nessuno,25,0.5,,,,Solvothermal,0,10,numeric_decimal_standardized;temperature_room_to_25;time_minutes_to_hours,,0
MOFs_6,"3-(3,5-DiMePz4-yl)pentane-2,4-dione",Altro,Zr,ZrCl4,MeOH,Nessuno,110,94,0.3,0.3,1,Solvothermal,0,20,numeric_decimal_standardized,,0
MOFs_7,"3-(3,5-DiMePz4-yl)pentane-2,4-dione",Altro,Zr,ZrCl4,MeOH,Nessuno,100,,0.3,0.3,1,Solvothermal,0,20,numeric_decimal_standardized,,0
MOFs_8,"3-(3,5-DiMePz4-yl)pentane-2,4-dione",Altro,Zr,ZrCl4,MeOH,Nessuno,110,48,0.15,0.15,1,Solvothermal,0,10,numeric_decimal_standardized,,0
MOFs_9,"3-(3,5-DiMePz4-yl)pentane-2,4-dione",Altro,Zr,ZrCl4,MeOH,Nessuno,110,72,0.15,0.15,1,Solvothermal,0,10,numeric_decimal_standardized,,0
MOFs_10,"3-amino-4,4'-bipyrazole",Bipyrazole,Ag,Ag2O,MeOH,Nessuno,25,24,0.2,0.2,1,Solvothermal,0,2,numeric_decimal_standardized;solvent_canonicalized;temperature_room_to_25,,0
MOFs_11,"3-amino-4,4'-bipyrazole",Bipyrazole,Ag,AgNO3,ButOH,Trietilammina (TEA),25,36,0.15,0.15,1,Solvothermal,0,16,additive_canonicalized;numeric_decimal_standardized;temperature_room_to_25,,0
MOFs_12,"3-amino-4,4'-bipyrazole",Bipyrazole,Ag,AgNO3,DMF,Nessuno,110,48,0.2,0.2,1,Solvothermal,0,1.5,numeric_decimal_standardized,,0
MOFs_13,"3-amino-4,4'-bipyrazole",Bipyrazole,Ag,AgNO3,MeOH,Trietilammina (TEA),70,72,0.15,0.15,1,Solvothermal,0,16,additive_canonicalized;numeric_decimal_standardized;solvent_canonicalized,,0
MOFs_14,"3-amino-4,4'-bipyrazole",Bipyrazole,Ag,AgNO3,MeOH,Nessuno,25,24,0.2,0.2,1,Solvothermal,0,2,numeric_decimal_standardized;solvent_canonicalized;temperature_room_to_25,,0
MOFs_15,"3-amino-4,4'-bipyrazole",Bipyrazole,Ag,AgNO3,DMF,Nessuno,120,24,0.2,0.4,0.5,Solvothermal,0,10,numeric_decimal_standardized,,0
MOFs_16,"3-amino-4,4'-bipyrazole",Bipyrazole,Ag,Ag2O,NH3 28%,Nessuno,60,24,0.2,0.2,1,Solvothermal,0,2,numeric_decimal_standardized,,0
MOFs_17,"3-amino-4,4'-bipyrazole",Bipyrazole,Ag,AgNO3,DMF/H2O,Nessuno,100,96,0.2,0.2,1,Solvothermal,0,8,numeric_decimal_standardized,,0
MOFs_18,"3-amino-4,4'-bipyrazole",Bipyrazole,Ag,AgNO3,DMF,Nessuno,100,24,0.4,0.4,1,Solvothermal,0,16,numeric_decimal_standardized,,0
MOFs_19,"3-amino-4,4'-bipyrazole",Bipyrazole,Ag,AgNO3,DMF,Nessuno,100,5,0.2,0.2,1,Solvothermal,0,8,numeric_decimal_standardized,,0
MOFs_20,"3-amino-4,4'-bipyrazole",Bipyrazole,Ag,AgNO3,DMF,Nessuno,90,2,0.2,0.2,1,Solvothermal,0,8,numeric_decimal_standardized,,0
MOFs_21,"3-amino-4,4'-bipyrazole",Bipyrazole,Ag,AgNO3,DMF,Nessuno,100,1,0.4,0.4,1,Solvothermal,0,16,numeric_decimal_standardized,,0
MOFs_22,"3-amino-4,4'-bipyrazole",Bipyrazole,Ag,AgNO3,DMF,Nessuno,25,72,0.15,2 ml,,Solvothermal,0,8,mmol_Sale_ambiguous_non_numeric;numeric_decimal_standardized;temperature_room_to_25;time_hours_standardized,,0
MOFs_23,"3-amino-4,4'-bipyrazole",Bipyrazole,Ag,AgNO3,DMF/H2O/EtOH,Nessuno,100,1,0.15,0.15,1,Solvothermal,0,5,numeric_decimal_standardized;solvent_canonicalized,,0
MOFs_24,"3-amino-4,4'-bipyrazole",Bipyrazole,Ag,AgNO3,DMA,Nessuno,100,4,0.15,0.15,1,Solvothermal,0,8,numeric_decimal_standardized,,0
MOFs_25,"3-amino-4,4'-bipyrazole",Bipyrazole,Ag,AgNO3,DMF,Acido benzoico,90,1,0.15,0.15,1,Solvothermal,0,8,numeric_decimal_standardized,,0
MOFs_26,"3-amino-4,4'-bipyrazole",Bipyrazole,Ag,AgNO3,DMF,Nessuno,100,1.5,0.15,0.15,1,Solvothermal,0,8,numeric_decimal_standardized,,0
MOFs_27,"3-amino-4,4'-bipyrazole",Bipyrazole,Ag,AgNO3,DMF/MeCN,Nessuno,100,1,0.15,0.15,1,Solvothermal,0,6,numeric_decimal_standardized;solvent_canonicalized,,0
MOFs_28,"3-amino-4,4'-bipyrazole",Bipyrazole,Ag,AgNO3,DMF/MeCN,Nessuno,80,24,0.15,0.15,1,Solvothermal,0,2,numeric_decimal_standardized;solvent_canonicalized,,0
MOFs_29,"3-amino-4,4'-bipyrazole",Bipyrazole,Ag,AgNO3,DMF/MeCN,Nessuno,100,1.5,0.15,0.15,1,Solvothermal,0,4,numeric_decimal_standardized;solvent_canonicalized,,0
MOFs_30,"3-amino-4,4'-bipyrazole",Bipyrazole,Ag,AgNO3,Et3N,Nessuno,25,24,0.3,0.3,1,Solvothermal,0,10,numeric_decimal_standardized;temperature_room_to_25,,0
MOFs_31,"3-amino-4,4'-bipyrazole",Bipyrazole,Ag,AgNO3,DMF,Nessuno,100,48,0.2,0.2,1,Solvothermal,0,8,numeric_decimal_standardized,,0
MOFs_32,"3-amino-4,4'-bipyrazole",Bipyrazole,Ag,AgNO3,DMF,Nessuno,25,72,0.3,0.3,1,Solvothermal,0,8,numeric_decimal_standardized;temperature_room_to_25,,0
MOFs_33,"3-amino-4,4'-bipyrazole",Bipyrazole,Ag,AgNO3,Et3N,Nessuno,25,1,,,,Solvothermal,0,10,numeric_decimal_standardized;temperature_room_to_25;time_minutes_to_hours,,0
MOFs_34,"3-amino-4,4'-bipyrazole",Bipyrazole,Ag,Ag2O,,Nessuno,25,1,,,,Solvothermal,0,10,numeric_decimal_standardized;temperature_room_to_25;time_minutes_to_hours,,0
MOFs_35,"3-amino-4,4'-bipyrazole",Bipyrazole,Au,Cloro(tri-tert-butilfosfina)Au(I),DMF,Nessuno,25,72,0.2,0.2,1,Solvothermal,0,8,numeric_decimal_standardized;temperature_room_to_25,,0
MOFs_36,"3-amino-4,4'-bipyrazole",Bipyrazole,Au,Chlorotriphenylphosphine gold(I),,Nessuno,120,24,0.2,0.2,1,Solvothermal,0,10,numeric_decimal_standardized,,0
MOFs_37,"3-amino-4,4'-bipyrazole",Bipyrazole,Au,Cloro(tri-tert-butilfosfina)Au(I),MeOH,Nessuno,25,24,0.2,0.2,1,Solvothermal,0,2,numeric_decimal_standardized;solvent_canonicalized;temperature_room_to_25,,0
MOFs_38,"3-amino-4,4'-bipyrazole",Bipyrazole,Au,Cloro(tri-tert-butilfosfina)Au(I),DMF,Nessuno,100,48,0.2,0.2,1,Solvothermal,0,8,numeric_decimal_standardized,,0
MOFs_39,"3-amino-4,4'-bipyrazole",Bipyrazole,Au,Chlorotriphenylphosphine gold(I),,Nessuno,25,1,,,,Solvothermal,0,10,numeric_decimal_standardized;temperature_room_to_25;time_minutes_to_hours,,0
MOFs_40,"3-amino-4,4'-bipyrazole",Bipyrazole,Cd,Cd(NO3)2·4H2O,DMF/H2O,Nessuno,160,72,0.3,0.3,1,Solvothermal,0,12,numeric_decimal_standardized;salt_hydrate_separator_standardized,,0
MOFs_41,"3-amino-4,4'-bipyrazole",Bipyrazole,Cd,Cd(NO3)2·4H2O,DMF,Nessuno,140,72,0.2,0.2,1,Solvothermal,0,10,numeric_decimal_standardized;salt_hydrate_separator_standardized,,0
MOFs_42,"3-amino-4,4'-bipyrazole",Bipyrazole,Cd,Cd(OAc)2·2H2O,DMF/H2O,Nessuno,140,48,0.2,0.1,2,Solvothermal,0,10,numeric_decimal_standardized;salt_hydrate_separator_standardized,,0
MOFs_43,"3-amino-4,4'-bipyrazole",Bipyrazole,Cd,Cd(NO3)2·4H2O,MeOH,Nessuno,120,48,0.2,0.1,2,Solvothermal,0,10,numeric_decimal_standardized;salt_hydrate_separator_standardized,,0
MOFs_44,"3-amino-4,4'-bipyrazole",Bipyrazole,Cd,Cd(NO3)2·4H2O,DMF/H2O,Nessuno,140,120,0.2,0.1,2,Solvothermal,0,20,numeric_decimal_standardized;salt_hydrate_separator_standardized,,0
MOFs_45,"3-amino-4,4'-bipyrazole",Bipyrazole,Cd,Cd(NO3)2·4H2O,DMF,Nessuno,140,48,0.2,0.1,2,Solvothermal,0,10,numeric_decimal_standardized;salt_hydrate_separator_standardized,,0
MOFs_46,"3-amino-4,4'-bipyrazole",Bipyrazole,Cd,Cd(NO3)2·4H2O,DMF,Nessuno,140,48,0.8,0.4,2,Solvothermal,0,30,numeric_decimal_standardized;salt_hydrate_separator_standardized,,0
MOFs_47,"3-amino-4,4'-bipyrazole",Bipyrazole,Cd,Cd(NO3)2·4H2O,DMF,Nessuno,160,24,0.2,0.1,2,Solvothermal,2,12,numeric_decimal_standardized;salt_hydrate_separator_standardized,,0
MOFs_50,"3-amino-4,4'-bipyrazole",Bipyrazole,Cd,Cd(OAc)2·2H2O,DMF,Nessuno,140,48,0.2,0.1,2,Solvothermal,0,10,numeric_decimal_standardized;salt_hydrate_separator_standardized,,0
MOFs_51,"3-amino-4,4'-bipyrazole",Bipyrazole,Cd,Cd(NO3)2·4H2O,DMF/EtOH,Nessuno,140,48,0.2,0.1,2,Solvothermal,0,8,numeric_decimal_standardized;salt_hydrate_separator_standardized,,0
MOFs_52,"3-amino-4,4'-bipyrazole",Bipyrazole,Cd,Cd(NO3)2·4H2O,DMF/MeOH,Nessuno,140,72,0.2,0.1,2,Solvothermal,0,10,numeric_decimal_standardized;salt_hydrate_separator_standardized,,0
MOFs_53,"3-amino-4,4'-bipyrazole",Bipyrazole,Cd,Cd(NO3)2·4H2O,,Nessuno,120,48,0.15,0.15,1,Solvothermal,0,10,numeric_decimal_standardized;salt_hydrate_separator_standardized,,0
MOFs_54,"3-amino-4,4'-bipyrazole",Bipyrazole,Cd,Cd(OAc)2·2H2O,,Nessuno,120,48,0.15,0.15,1,Solvothermal,0,10,numeric_decimal_standardized;salt_hydrate_separator_standardized,,0
MOFs_55,"3-amino-4,4'-bipyrazole",Bipyrazole,Cu,CuOAc,MeOH,Mesitilene,25,24,0.2,0.2,1,Solvothermal,0,2,numeric_decimal_standardized;solvent_canonicalized;temperature_room_to_25,,0
MOFs_56,"3-amino-4,4'-bipyrazole",Bipyrazole,Cu,CuOAc,ButOH,Nessuno,25,36,0.15,0.15,1,Solvothermal,0,16,numeric_decimal_standardized;temperature_room_to_25,,0
MOFs_57,"3-amino-4,4'-bipyrazole",Bipyrazole,Cu,CuOAc,DMF,Nessuno,110,48,0.2,0.2,1,Solvothermal,0,1.5,numeric_decimal_standardized,,0
MOFs_58,"3-amino-4,4'-bipyrazole",Bipyrazole,Cu,CuOAc,MeOH,Nessuno,70,72,0.15,0.15,1,Solvothermal,0,16,numeric_decimal_standardized;solvent_canonicalized,,0
MOFs_59,"3-amino-4,4'-bipyrazole",Bipyrazole,Cu,CuOAc,DMF,Nessuno,120,24,0.2,0.4,0.5,Solvothermal,0,10,numeric_decimal_standardized,,0
MOFs_60,"3-amino-4,4'-bipyrazole",Bipyrazole,Cu,CuCl,NH3 28%,Nessuno,60,24,0.3,0.3,1,Solvothermal,0,2,numeric_decimal_standardized,,0
MOFs_61,"3-amino-4,4'-bipyrazole",Bipyrazole,Cu,CuI,,Nessuno,100,24,0.2,0.2,1,Solvothermal,0,10,numeric_decimal_standardized;exact_duplicate_candidate,DUP_018,0
MOFs_62,"3-amino-4,4'-bipyrazole",Bipyrazole,Cu,CuI,,Nessuno,100,24,0.2,0.2,1,Solvothermal,0,10,numeric_decimal_standardized;exact_duplicate_candidate,DUP_018,0
MOFs_63,"3-amino-4,4'-bipyrazole",Bipyrazole,Cu,CuOAc,H2O/Met,Nessuno,160,72,0.5,0.5,1,Solvothermal,0,1,numeric_decimal_standardized;solvent_canonicalized,,0
MOFs_64,"3-amino-4,4'-bipyrazole",Bipyrazole,Cu,CuOAc,DMF,Nessuno,100,48,0.2,0.2,1,Solvothermal,0,8,numeric_decimal_standardized,,0
MOFs_65,"3-amino-4,4'-bipyrazole",Bipyrazole,Cu,CuOAc,DMF,Nessuno,25,72,0.3,0.3,1,Solvothermal,0,10,numeric_decimal_standardized;temperature_room_to_25,,0
MOFs_66,"3-amino-4,4'-bipyrazole",Bipyrazole,Cu,Cu(OAc)2·H2O,,Nessuno,25,1,,,,Solvothermal,0,10,numeric_decimal_standardized;salt_hydrate_separator_standardized;temperature_room_to_25;time_minutes_to_hours,,0
MOFs_67,"3-amino-4,4'-bipyrazole",Bipyrazole,Cu,Cu(OAc),,Nessuno,25,1,,,,Solvothermal,0,10,numeric_decimal_standardized;temperature_room_to_25;time_minutes_to_hours,,0
MOFs_68,"3-amino-4,4'-bipyrazole",Bipyrazole,Cu,Cu2O,,Nessuno,25,1,,,,Solvothermal,0,10,numeric_decimal_standardized;temperature_room_to_25;time_minutes_to_hours,,0
MOFs_69,"3-amino-4,4'-bipyrazole",Bipyrazole,Cu,CuCl,Na(OAc),Nessuno,25,1,,,,Solvothermal,0,10,numeric_decimal_standardized;temperature_room_to_25;time_minutes_to_hours;exact_duplicate_candidate,DUP_019,0
MOFs_70,"3-amino-4,4'-bipyrazole",Bipyrazole,Cu,CuCl,Na(OAc),Nessuno,25,1,,,,Solvothermal,0,10,numeric_decimal_standardized;temperature_room_to_25;time_minutes_to_hours;exact_duplicate_candidate,DUP_019,0
MOFs_71,"3-amino-4,4'-bipyrazole",Bipyrazole,Cu,CuI,,Nessuno,25,3,,,,Solvothermal,0,10,numeric_decimal_standardized;temperature_room_to_25;time_minutes_to_hours,,0
MOFs_72,"3-amino-4,4'-bipyrazole",Bipyrazole,Fe,Fe(NO3)3·9H2O,,Nessuno,140,24,0.15,0.15,1,Solvothermal,0,10,numeric_decimal_standardized;salt_hydrate_separator_standardized,,0
MOFs_73,"3-amino-4,4'-bipyrazole",Bipyrazole,Fe,Fe(NO3)3·9H2O,DMF,Nessuno,120,24,0.2,0.1,2,Solvothermal,0,10,numeric_decimal_standardized;salt_hydrate_separator_standardized,,0
MOFs_74,"3-amino-4,4'-bipyrazole",Bipyrazole,Fe,FeCl3,DMF,Nessuno,120,24,0.2,0.1,2,Solvothermal,0,10,numeric_decimal_standardized,,0
MOFs_75,"3-amino-4,4'-bipyrazole",Bipyrazole,Fe,FeCl3,DMF,Acido acetico,25,24,0.2,0.1,2,Solvothermal,0,1.2,additive_canonicalized;numeric_decimal_standardized;temperature_room_to_25,,0
MOFs_76,"3-amino-4,4'-bipyrazole",Bipyrazole,Fe,FeCl3,DMF,Acido acetico,120,24,0.2,0.1,2,Solvothermal,0,1.2,additive_canonicalized;numeric_decimal_standardized,,0
MOFs_77,"3-amino-4,4'-bipyrazole",Bipyrazole,Fe,FeCl3,DMF/H2O,Acido acetico,100,24,0.2,0.1,2,Solvothermal,0,20,additive_canonicalized;numeric_decimal_standardized;solvent_canonicalized,,0
MOFs_78,"3-amino-4,4'-bipyrazole",Bipyrazole,Fe,FeCl3,DMF/H2O,Acido acetico,110,72,0.2,0.2,1,Solvothermal,0,15,additive_canonicalized;numeric_decimal_standardized;solvent_canonicalized,,0
MOFs_79,"3-amino-4,4'-bipyrazole",Bipyrazole,Mg,Mg(OAc)2·4H2O,H2O,Nessuno,130,48,0.15,0.45,0.33333333,Solvothermal,0,0.5,numeric_decimal_standardized;salt_hydrate_separator_standardized,,0
MOFs_80,"3-amino-4,4'-bipyrazole",Bipyrazole,Mn,MnCl2·4H2O,,Nessuno,100,24,0.2,0.2,1,Solvothermal,0,5,numeric_decimal_standardized;salt_hydrate_separator_standardized,,0
MOFs_81,"3-amino-4,4'-bipyrazole",Bipyrazole,Mn,MnCl2·4H2O,,Nessuno,100,120,0.2,0.2,1,Solvothermal,0,10,numeric_decimal_standardized;salt_hydrate_separator_standardized;time_days_to_hours,,0
MOFs_82,"3-amino-4,4'-bipyrazole",Bipyrazole,Mn,Mn(Oac)2·4H2O,,Nessuno,130,72,0.2,0.2,1,Solvothermal,0,5,numeric_decimal_standardized;salt_hydrate_separator_standardized,,0
MOFs_83,"3-amino-4,4'-bipyrazole",Bipyrazole,Mn,MnCl2·4H2O,,Nessuno,100,48,0.2,0.2,1,Solvothermal,0,10,numeric_decimal_standardized;salt_hydrate_separator_standardized,,0
MOFs_84,"3-amino-4,4'-bipyrazole",Bipyrazole,Mn,MnCl2·4H2O,,Nessuno,160,48,0.2,0.2,1,Solvothermal,0,5,numeric_decimal_standardized;salt_hydrate_separator_standardized,,0
MOFs_85,"3-amino-4,4'-bipyrazole",Bipyrazole,Mn,MnCl2·4H2O,,Nessuno,160,72,0.2,0.2,1,Solvothermal,0,10,numeric_decimal_standardized;salt_hydrate_separator_standardized,,0
MOFs_86,"3-amino-4,4'-bipyrazole",Bipyrazole,Mn,Mn(Oac)2·4H2O,,Nessuno,160,24,0.2,0.2,1,Solvothermal,0,10,numeric_decimal_standardized;salt_hydrate_separator_standardized,,0
MOFs_87,"3-amino-4,4'-bipyrazole",Bipyrazole,Mn,Mn(Oac)2·4H2O,DMF,BDC,140,115,0.2,0.2,1,Solvothermal,0,10,numeric_decimal_standardized;salt_hydrate_separator_standardized,,0
MOFs_88,"3-amino-4,4'-bipyrazole",Bipyrazole,Zr,Zr(OCH3)4,HCl 37%,Nessuno,120,48,0.15,0.15,1,Solvothermal,0,90,numeric_decimal_standardized,,0
MOFs_89,"3-amino-4,4'-bipyrazole",Bipyrazole,Zr,ZrCl4,HCl 37%,Nessuno,120,48,0.15,0.15,1,Solvothermal,0,90,numeric_decimal_standardized,,0
MOFs_90,"3-amino-4,4'-bipyrazole",Bipyrazole,Zr,ZrCl4,H2O,Nessuno,100,48,0.2,0.1,2,Solvothermal,0,10,numeric_decimal_standardized,,0
MOFs_91,"3-amino-4,4'-bipyrazole",Bipyrazole,Zr,ZrCl4,DMF,Nessuno,120,48,0.2,0.1,2,Solvothermal,0,10,numeric_decimal_standardized,,0
MOFs_92,3-MePz-4-COOH,Pyrazole carbossilati,Al,Al(NO3)3·9H2O,DMF,Nessuno,120,24,0.2,0.2,1,Solvothermal,0,10,numeric_decimal_standardized;salt_hydrate_separator_standardized,,0
MOFs_93,3-MePz-4-COOH,Pyrazole carbossilati,Cu,Cu(OAc)2·H2O,H2O,Nessuno,25,96,0.2,0.1,2,Solvothermal,2,20,numeric_decimal_standardized;salt_hydrate_separator_standardized;temperature_room_to_25,,0
MOFs_94,3-MePz-4-COOH,Pyrazole carbossilati,Fe,Fe2(SO4)3·xH2O,DMF/EtOH,Nessuno,25,24,0.2,0.1,2,Solvothermal,0,20,numeric_decimal_standardized;salt_hydrate_separator_standardized;temperature_room_to_25,,0
MOFs_95,3-MePz-4-COOH,Pyrazole carbossilati,Fe,FeCl3,DMF/EtOH,Nessuno,25,24,0.2,0.1,2,Solvothermal,0,20,numeric_decimal_standardized;temperature_room_to_25,,0
MOFs_96,3-MePz-4-COOH,Pyrazole carbossilati,Mn,Mn(OAc)2·4H2O,DMF/H2O,Nessuno,120,24,0.2,0.1,2,Solvothermal,0,15,numeric_decimal_standardized;salt_hydrate_separator_standardized,,0
MOFs_97,3-MePz-4-COOH,Pyrazole carbossilati,Mn,Mn(OAc)2·4H2O,DMF/H2O,Nessuno,120,72,0.2,0.1,2,Solvothermal,0,1,numeric_decimal_standardized;salt_hydrate_separator_standardized,,0
MOFs_98,3-MePz-4-COOH,Pyrazole carbossilati,Ni,Ni(NO3)2,DMF/H2O,Nessuno,120,72,0.2,0.1,2,Solvothermal,1,15,numeric_decimal_standardized,,0
MOFs_99,3-MePz-4-COOH,Pyrazole carbossilati,Zr,ZrCl4,MeOH,Nessuno,110,94,0.3,0.3,1,Solvothermal,0,20,numeric_decimal_standardized,,0
MOFs_100,3-MePz-4-COOH,Pyrazole carbossilati,Zr,ZrCl4,MeOH,Nessuno,100,,0.3,0.3,1,Solvothermal,0,20,numeric_decimal_standardized,,0
MOFs_101,3-MePz-4-COOH,Pyrazole carbossilati,Zr,ZrCl4,MeOH,Nessuno,110,24,0.15,0.15,1,Solvothermal,0,10,numeric_decimal_standardized,,0
MOFs_102,3-MePz-4-COOH,Pyrazole carbossilati,Zr,ZrCl4,DMF/MeOH,Nessuno,110,,0.15,0.15,1,Solvothermal,0,7,numeric_decimal_standardized,,0
MOFs_103,3-MePz-4-COOH,Pyrazole carbossilati,Zr,ZrCl4,MeOH,Nessuno,110,72,0.15,0.15,1,Solvothermal,0,10,numeric_decimal_standardized,,0
MOFs_104,"3-nitro-4,4'-bipyrazole",Bipyrazole,Cd,Cd(NO3)2·4H2O,DMF/EtOH,Nessuno,140,72,0.2,0.1,2,Solvothermal,0,11,numeric_decimal_standardized;salt_hydrate_separator_standardized,,0
MOFs_105,"3-nitro-4,4'-bipyrazole",Bipyrazole,Cd,Cd(NO3)2·4H2O,DMF,Nessuno,140,72,0.2,0.1,2,Solvothermal,0,10,numeric_decimal_standardized;salt_hydrate_separator_standardized,,0
MOFs_106,"3-nitro-4,4'-bipyrazole",Bipyrazole,Cd,Cd(NO3)2·4H2O,DMF,Nessuno,140,72,0.6,0.3,2,Solvothermal,2,30,numeric_decimal_standardized;salt_hydrate_separator_standardized,,0
MOFs_107,"3-nitro-4,4'-bipyrazole",Bipyrazole,Cd,Cd(OAc)2·2H2O,DMF,Nessuno,140,72,0.2,0.1,2,Solvothermal,0,10,numeric_decimal_standardized;salt_hydrate_separator_standardized,,0
MOFs_108,"3-nitro-4,4'-bipyrazole",Bipyrazole,Cd,Cd(NO3)2·4H2O,DMF,Nessuno,160,24,0.2,0.1,2,Solvothermal,2,12,numeric_decimal_standardized;salt_hydrate_separator_standardized,,0
MOFs_109,"3-nitro-4,4'-bipyrazole",Bipyrazole,Cd,Cd(NO3)2·4H2O,DMF,Nessuno,160,48,0.1,0.1,1,Solvothermal,2,15,numeric_decimal_standardized;salt_hydrate_separator_standardized,,0
MOFs_110,"3-nitro-4,4'-bipyrazole",Bipyrazole,Cd,Cd(NO3)2·4H2O,DMF,Nessuno,160,48,0.1,0.2,0.5,Solvothermal,2,10,numeric_decimal_standardized;salt_hydrate_separator_standardized,,0
MOFs_111,"3-nitro-4,4'-bipyrazole",Bipyrazole,Cd,Cd(NO3)2·4H2O,DMF/H2O,Nessuno,160,72,0.3,0.3,1,Solvothermal,0,12,numeric_decimal_standardized;salt_hydrate_separator_standardized,,0
MOFs_112,"3-nitro-4,4'-bipyrazole",Bipyrazole,Cd,Cd(NO3)2·4H2O,DMF/H2O,Nessuno,140,120,0.2,0.1,2,Solvothermal,0,20,numeric_decimal_standardized;salt_hydrate_separator_standardized,,0
MOFs_113,"3,3-dimethyl-4,4'-bipyrazole",Bipyrazole,Ag,AgNO3,DMF,Nessuno,100,48,0.15,0.15,1,Solvothermal,0,8,numeric_decimal_standardized,,0
MOFs_114,"3,3-dimethyl-4,4'-bipyrazole",Bipyrazole,Ag,AgNO3,DMF,Acido benzoico,100,24,0.15,0.15,1,Solvothermal,0,8,numeric_decimal_standardized,,0
MOFs_115,"3,3-dimethyl-4,4'-bipyrazole",Bipyrazole,Ag,AgNO3,DMF,Acido acetico,100,24,0.15,0.15,1,Solvothermal,0,8,additive_canonicalized;numeric_decimal_standardized,,0
MOFs_116,"3,3-dimethyl-4,4'-bipyrazole",Bipyrazole,Ag,AgNO3,DMF,Acido benzoico,100,24,0.3,0.3,1,Solvothermal,0,16,numeric_decimal_standardized,,0
MOFs_117,"3,3-dimethyl-4,4'-bipyrazole",Bipyrazole,Ag,AgNO3,DMF,Nessuno,100,25,0.3,0.3,1,Solvothermal,0,18,numeric_decimal_standardized,,0
MOFs_118,"3,3-dimethyl-4,4'-bipyrazole",Bipyrazole,Ag,AgNO3,DMF,Nessuno,100,48,0.9,0.9,1,Solvothermal,2,55,numeric_decimal_standardized,,0
MOFs_119,"3,3-dimethyl-4,4'-bipyrazole",Bipyrazole,Cd,Cd(NO3)2·4H2O,DMF,Nessuno,140,48,0.2,0.1,2,Solvothermal,0,10,numeric_decimal_standardized;salt_hydrate_separator_standardized,,0
MOFs_120,"3,3-dimethyl-4,4'-bipyrazole",Bipyrazole,Cd,Cd(NO3)2·4H2O,DMF,Nessuno,140,120,1.2,0.6,2,Solvothermal,2,70,numeric_decimal_standardized;salt_hydrate_separator_standardized,,0
MOFs_121,"3,3-dimethyl-4,4'-bipyrazole",Bipyrazole,Cd,Cd(NO3)2·4H2O,DMF,Nessuno,140,120,1.2,0.6,2,Solvothermal,2,60,numeric_decimal_standardized;salt_hydrate_separator_standardized,,0
MOFs_122,"3,3-dimethyl-4,4'-bipyrazole",Bipyrazole,Cd,Cd(NO3)2·4H2O,DMF,Nessuno,140,48,1,0.5,2,Solvothermal,2,60,numeric_decimal_standardized;salt_hydrate_separator_standardized,,0
MOFs_123,"3,3-dimethyl-4,4'-bipyrazole",Bipyrazole,Cd,Cd(NO3)2·4H2O,DMF/H2O,Nessuno,120,48,0.1,0.1,1,Solvothermal,0,8,numeric_decimal_standardized;salt_hydrate_separator_standardized,,0
MOFs_124,"3,3-dimethyl-4,4'-bipyrazole",Bipyrazole,Cd,Cd(NO3)2·4H2O,DMF,Nessuno,120,48,0.15,0.15,1,Solvothermal,0,9,numeric_decimal_standardized;salt_hydrate_separator_standardized,,0
MOFs_125,"3,3-dimethyl-4,4'-bipyrazole",Bipyrazole,Cd,Cd(OAc)2·2H2O,DMF,Nessuno,120,48,0.15,0.15,1,Solvothermal,0,9,numeric_decimal_standardized;salt_hydrate_separator_standardized,,0
MOFs_126,"3,3-dimethyl-4,4'-bipyrazole",Bipyrazole,Fe,Fe(NO)3·9H2O,DMF,Nessuno,90,24,0.2,0.2,1,Solvothermal,0,8,numeric_decimal_standardized;salt_hydrate_separator_standardized,,0
MOFs_127,"3,3-dimethyl-4,4'-bipyrazole",Bipyrazole,Fe,FeCl3,DMF,Nessuno,90,24,0.2,0.2,1,Solvothermal,0,8,numeric_decimal_standardized,,0
MOFs_128,"3,3-dimethyl-4,4'-bipyrazole",Bipyrazole,Fe,FeCl3·6H2O,DMF,Nessuno,110,48,0.2,0.1,2,Solvothermal,0,10,numeric_decimal_standardized;salt_hydrate_separator_standardized,,0
MOFs_129,"3,3-dimethyl-4,4'-bipyrazole",Bipyrazole,Mn,Mn(NO3)2·xH2O,DMF,Nessuno,110,48,0.2,0.1,2,Solvothermal,0,10,numeric_decimal_standardized,,0
MOFs_130,"3,3-dimethyl-4,4'-bipyrazole",Bipyrazole,Ti,Ti(OEt)4,DMF,Nessuno,110,48,0.2,0.1,2,Solvothermal,0,10,numeric_decimal_standardized,,0
MOFs_131,"3,3-dimethyl-4,4'-bipyrazole",Bipyrazole,Zr,ZrCl4,DMF,Nessuno,110,48,0.2,0.1,2,Solvothermal,0,10,numeric_decimal_standardized,,0
MOFs_132,"3,3'-dinitro-4,4'-bipyrazole",Bipyrazole,Cd,Cd(NO3)2·4H2O,DMF,Nessuno,150,24,0.1,0.1,1,Solvothermal,1,10,numeric_decimal_standardized;salt_hydrate_separator_standardized,,0
MOFs_133,"3,3'-dinitro-4,4'-bipyrazole",Bipyrazole,Cd,Cd(NO3)2·4H2O,DMF,Nessuno,150,24,0.1,0.2,0.5,Solvothermal,0,10,numeric_decimal_standardized;salt_hydrate_separator_standardized,,0
MOFs_134,"3,3'-dinitro-4,4'-bipyrazole",Bipyrazole,Cd,Cd(NO3)2·4H2O,DMF/H2O,Nessuno,160,48,0.2,0.1,2,Solvothermal,0,8,numeric_decimal_standardized;salt_hydrate_separator_standardized;solvent_canonicalized,,0
MOFs_135,"3,3'-dinitro-4,4'-bipyrazole",Bipyrazole,Co,Co(OAc)2·4H2O,DMF/H2O,Nessuno,160,48,0.2,0.1,2,Solvothermal,2,8,numeric_decimal_standardized;salt_hydrate_separator_standardized;solvent_canonicalized,,0
MOFs_136,"3,3'-dinitro-4,4'-bipyrazole",Bipyrazole,Co,Cd(OAc)2·4H2O,DMF/H2O,Nessuno,160,24,0.2,0.2,1,Solvothermal,0,8,numeric_decimal_standardized;salt_hydrate_separator_standardized;solvent_canonicalized,,0
MOFs_137,"3,3'-dinitro-4,4'-bipyrazole",Bipyrazole,Co,Co(NO3)2·6H2O,DMF/H2O,Nessuno,120,24,0.1,0.1,1,Solvothermal,1,5,numeric_decimal_standardized;salt_hydrate_separator_standardized;solvent_canonicalized,,0
MOFs_138,"3,3'-dinitro-4,4'-bipyrazole",Bipyrazole,Co,Co(NO3)2·6H2O,DMF/H2O,Nessuno,150,48,0.1,0.1,1,Solvothermal,0,8,numeric_decimal_standardized;salt_hydrate_separator_standardized;solvent_canonicalized,,0
MOFs_139,"3,3'-dinitro-4,4'-bipyrazole",Bipyrazole,Co,Cd(OAc)2·4H2O,DMF/H2O,Nessuno,160,24,0.1,0.2,0.5,Solvothermal,2,14,numeric_decimal_standardized;salt_hydrate_separator_standardized;solvent_canonicalized,,0
MOFs_140,"3,3'-dinitro-4,4'-bipyrazole",Bipyrazole,Co,Co(NO3)2·6H2O,DMF,Nessuno,160,6,0.2,0.1,2,Solvothermal,1,10,numeric_decimal_standardized;salt_hydrate_separator_standardized,,0
MOFs_141,"3,3'-dinitro-4,4'-bipyrazole",Bipyrazole,Cu,Cu(NO3)2·3H2O,DMF/H2O,Nessuno,160,48,0.2,0.1,2,Solvothermal,2,8,numeric_decimal_standardized;salt_hydrate_separator_standardized;solvent_canonicalized,,0
MOFs_142,"3,3'-dinitro-4,4'-bipyrazole",Bipyrazole,Cu,Cu(NO3)2·3H2O,DMF/H2O,Nessuno,160,24,0.2,0.2,1,Solvothermal,2,8,numeric_decimal_standardized;salt_hydrate_separator_standardized;solvent_canonicalized,,0
MOFs_143,"3,3'-dinitro-4,4'-bipyrazole",Bipyrazole,Cu,Cu(NO3)2·3H2O,DMF/H2O,Nessuno,160,48,0.1,0.2,0.5,Solvothermal,0,6,numeric_decimal_standardized;salt_hydrate_separator_standardized;solvent_canonicalized,,0
MOFs_144,"3,3'-dinitro-4,4'-bipyrazole",Bipyrazole,Cu,Cu(OAc)2·H2O,DMF/H2O,Nessuno,120,24,0.1,0.1,1,Solvothermal,1,5,numeric_decimal_standardized;salt_hydrate_separator_standardized;solvent_canonicalized,,0
MOFs_145,"3,3'-dinitro-4,4'-bipyrazole",Bipyrazole,Cu,Cu(OAc)2·H2O,DMF/H2O,Nessuno,150,48,0.1,0.1,1,Solvothermal,0,8,numeric_decimal_standardized;salt_hydrate_separator_standardized;solvent_canonicalized,,0
MOFs_146,"3,3'-dinitro-4,4'-bipyrazole",Bipyrazole,Cu,Cu(NO3)2·3H2O,DMF,Nessuno,160,6,0.2,0.1,2,Solvothermal,2,10,numeric_decimal_standardized;salt_hydrate_separator_standardized,,0
MOFs_147,"3,3'-dinitro-4,4'-bipyrazole",Bipyrazole,Ni,Ni(OAc)2·4H2O,MeCN,Nessuno,reflux,6,0.2,0.2,1,Solvothermal,0,5,numeric_decimal_standardized;salt_hydrate_separator_standardized;solvent_canonicalized;temperature_reflux_retained,,0
MOFs_148,"3,3'-dinitro-4,4'-bipyrazole",Bipyrazole,Zn,Zn(NO3)2·6H2O,DMF/H2O,Nessuno,160,48,0.2,0.1,2,Solvothermal,2,8,numeric_decimal_standardized;salt_hydrate_separator_standardized;solvent_canonicalized,,0
MOFs_149,"3,3'-dinitro-4,4'-bipyrazole",Bipyrazole,Zn,Zn(NO3)2·6H2O,DMF/H2O,Nessuno,160,24,0.2,0.2,1,Solvothermal,0,8,numeric_decimal_standardized;salt_hydrate_separator_standardized;solvent_canonicalized,,0
MOFs_150,"3,3'-dinitro-4,4'-bipyrazole",Bipyrazole,Zn,Zn(OAc)2·2H2O,DMF/H2O,Nessuno,120,24,0.1,0.1,1,Solvothermal,1,5,numeric_decimal_standardized;salt_hydrate_separator_standardized;solvent_canonicalized,,0
MOFs_151,"3,3'-dinitro-4,4'-bipyrazole",Bipyrazole,Zn,Zn(OAc)2·2H2O,DMF/H2O,Nessuno,150,48,0.1,0.1,1,Solvothermal,0,8,numeric_decimal_standardized;salt_hydrate_separator_standardized;solvent_canonicalized,,0
MOFs_152,"3,3'-dinitro-4,4'-bipyrazole",Bipyrazole,Zn,Zn(NO3)2·6H2O,DMF/H2O,Nessuno,160,24,0.1,0.2,0.5,Solvothermal,2,14,numeric_decimal_standardized;salt_hydrate_separator_standardized;solvent_canonicalized,,0
MOFs_153,"3,3'-dinitro-4,4'-bipyrazole",Bipyrazole,Zn,Zn(NO3)2·6H2O,DMF,Nessuno,160,6,0.2,0.1,2,Solvothermal,2,10,numeric_decimal_standardized;salt_hydrate_separator_standardized,,0
MOFs_154,"3,3'-dinitro-4,4'-bipyrazole",Bipyrazole,Zr,ZrCl4,DMF,Nessuno,120,48,0.1,0.1,1,Solvothermal,0,6,numeric_decimal_standardized,,0
MOFs_155,"3,3'-dinitro-4,4'-bipyrazole",Bipyrazole,Zr,ZrCl4,DMF,H2O-Et3N,120,48,0.1,0.1,1,Solvothermal,0,6,numeric_decimal_standardized,,0
MOFs_156,"3,5-diamino-4,4'-bipyrazole",Bipyrazole,Ag,AgNO3,DMF,Nessuno,100,1.5,0.15,0.15,1,Solvothermal,0,8,numeric_decimal_standardized,,0
MOFs_157,"3,5-diamino-4,4'-bipyrazole",Bipyrazole,Ag,AgNO3,DMF/MeCN,Nessuno,100,0.45,0.15,0.15,1,Solvothermal,0,6,numeric_decimal_standardized,,0
MOFs_158,"3,5-diamino-4,4'-bipyrazole",Bipyrazole,Ag,AgNO3,DMF/MeCN,Nessuno,100,1,0.15,0.15,1,Solvothermal,0,4,numeric_decimal_standardized,,0
MOFs_159,"3,5-diamino-4,4'-bipyrazole",Bipyrazole,Ag,AgNO3,DMF/MeCN,Nessuno,80,,0.15,0.15,1,Solvothermal,0,2,numeric_decimal_standardized,,0
MOFs_160,"3,5-diamino-4,4'-bipyrazole",Bipyrazole,Ag,Ag2O,MeOH/NH3,Nessuno,25,115,0.15,0.15,1,Solvothermal,0,20,numeric_decimal_standardized;temperature_room_to_25,,0
MOFs_161,"3,5-diamino-4,4'-bipyrazole",Bipyrazole,Ag,AgNO3,MeOH,Nessuno,25,,0.2,0.2,1,Solvothermal,0,1.5,numeric_decimal_standardized;temperature_room_to_25,,0
MOFs_162,"3,5-diamino-4,4'-bipyrazole",Bipyrazole,Ag,AgNO3,DMF/MeOH,Nessuno,25,,0.2,0.2,1,Solvothermal,0,1.5,numeric_decimal_standardized;temperature_room_to_25,,0
MOFs_163,"3,5-diamino-4,4'-bipyrazole",Bipyrazole,Al,Al(NO3)3∙9H2O,DMF,Nessuno,140,24,0.2,0.2,1,Solvothermal,0,10,numeric_decimal_standardized,,0
MOFs_164,"3,5-diamino-4,4'-bipyrazole",Bipyrazole,Cd,Cd(NO3)2·4H2O,DMF/H2O,Nessuno,160,72,0.3,0.3,1,Solvothermal,0,12,numeric_decimal_standardized;salt_hydrate_separator_standardized,,0
MOFs_165,"3,5-diamino-4,4'-bipyrazole",Bipyrazole,Cd,Cd(NO3)2·4H2O,DMF,Nessuno,140,72,0.2,0.1,2,Solvothermal,0,10,numeric_decimal_standardized;salt_hydrate_separator_standardized,,0
MOFs_166,"3,5-diamino-4,4'-bipyrazole",Bipyrazole,Cd,Cd(NO3)2·4H2O,DMF,Nessuno,140,72,0.48,0.2,2.4,Solvothermal,2,20,numeric_decimal_standardized;salt_hydrate_separator_standardized,,0
MOFs_167,"3,5-diamino-4,4'-bipyrazole",Bipyrazole,Cd,Cd(NO3)2·4H2O,DMF,Nessuno,140,48,1,0.5,2,Solvothermal,0,60,numeric_decimal_standardized;salt_hydrate_separator_standardized,,0
MOFs_168,"3,5-diamino-4,4'-bipyrazole",Bipyrazole,Cd,Cd(OAc)2·2H2O,DMF/H2O,Nessuno,140,48,0.2,0.1,2,Solvothermal,0,10,numeric_decimal_standardized;salt_hydrate_separator_standardized,,0
MOFs_169,"3,5-diamino-4,4'-bipyrazole",Bipyrazole,Cd,Cd(NO3)2·4H2O,DMF/H2O,Nessuno,140,120,0.2,0.1,2,Solvothermal,0,20,numeric_decimal_standardized;salt_hydrate_separator_standardized,,0
MOFs_170,"3,5-diamino-4,4'-bipyrazole",Bipyrazole,Co,Co(OAc)2·4H2O,ButOH,Nessuno,130,48,0.2,0.2,1,Solvothermal,0,8,numeric_decimal_standardized;salt_hydrate_separator_standardized,,0
MOFs_171,"3,5-diamino-4,4'-bipyrazole",Bipyrazole,Co,Co(OAc)2·4H2O,ButOH,Nessuno,110,72,0.2,0.2,1,Solvothermal,0,8,numeric_decimal_standardized;salt_hydrate_separator_standardized,,0
MOFs_172,"3,5-diamino-4,4'-bipyrazole",Bipyrazole,Co,Co(OAc)2·4H2O,DMF,Nessuno,120,3,0.5,0.5,1,Solvothermal,0,7.5,numeric_decimal_standardized;salt_hydrate_separator_standardized,,0
MOFs_173,"3,5-diamino-4,4'-bipyrazole",Bipyrazole,Co,Co(OAc)2·4H2O,DMF,Nessuno,25,24,0.2,0.2,1,Solvothermal,0,8,numeric_decimal_standardized;salt_hydrate_separator_standardized;temperature_room_to_25,,0
MOFs_174,"3,5-diamino-4,4'-bipyrazole",Bipyrazole,Co,Co(OAc)2·4H2O,EtOH,Nessuno,70,72,0.2,0.2,1,Solvothermal,0,10,numeric_decimal_standardized;salt_hydrate_separator_standardized,,0
MOFs_175,"3,5-diamino-4,4'-bipyrazole",Bipyrazole,Co,Co(OAc)2·4H2O,NH3 28%,Nessuno,70,24,0.2,0.2,1,Solvothermal,0,0.5,numeric_decimal_standardized;salt_hydrate_separator_standardized,,0
MOFs_176,"3,5-diamino-4,4'-bipyrazole",Bipyrazole,Co,Co(OAc)2·4H2O,DMF,Nessuno,160,24,0.2,0.2,1,Solvothermal,0,10,numeric_decimal_standardized;salt_hydrate_separator_standardized,,0
MOFs_177,"3,5-diamino-4,4'-bipyrazole",Bipyrazole,Co,Co(NO3)2·6H2O,DMF,Nessuno,160,24,0.2,0.2,1,Solvothermal,0,10,numeric_decimal_standardized;salt_hydrate_separator_standardized,,0
MOFs_178,"3,5-diamino-4,4'-bipyrazole",Bipyrazole,Co,Co(OAc)2·4H2O,DMF,Nessuno,120,24,0.2,0.2,1,Solvothermal,0,8,numeric_decimal_standardized;salt_hydrate_separator_standardized,,0
MOFs_179,"3,5-diamino-4,4'-bipyrazole",Bipyrazole,Co,Co(OAc)2·4H2O,NH3 30%,Nessuno,140,24,0.2,0.2,1,Solvothermal,0,2,numeric_decimal_standardized;salt_hydrate_separator_standardized,,0
MOFs_180,"3,5-diamino-4,4'-bipyrazole",Bipyrazole,Co,Co(OAc)2·4H2O,DMF,BDC,160,48,0.2,0.2,1,Solvothermal,0,0.1,numeric_decimal_standardized;salt_hydrate_separator_standardized,,0
MOFs_181,"3,5-diamino-4,4'-bipyrazole",Bipyrazole,Co,Co(OAc)2·4H2O,DMF/H2O,BDC,160,48,0.2,0.2,1,Solvothermal,0,0.1,numeric_decimal_standardized;salt_hydrate_separator_standardized,,0
MOFs_182,"3,5-diamino-4,4'-bipyrazole",Bipyrazole,Co,Co(OAc)2·4H2O,DMF,Nessuno,200,144,0.2,0.2,1,Solvothermal,0,10,numeric_decimal_standardized;salt_hydrate_separator_standardized,,0
MOFs_183,"3,5-diamino-4,4'-bipyrazole",Bipyrazole,Co,Co(OAc)2·4H2O,DMF/H2O,Nessuno,160,72,0.2,0.2,1,Solvothermal,0,8,numeric_decimal_standardized;salt_hydrate_separator_standardized,,0
MOFs_184,"3,5-diamino-4,4'-bipyrazole",Bipyrazole,Co,Co(OAc)2·4H2O,DMF,Nessuno,160,72,0.2,0.2,1,Solvothermal,0,200,numeric_decimal_standardized;salt_hydrate_separator_standardized,,0
MOFs_185,"3,5-diamino-4,4'-bipyrazole",Bipyrazole,Co,Co(NO3)2·6H2O,DMF/H2O,Nessuno,160,72,0.2,0.2,1,Solvothermal,0,8,numeric_decimal_standardized;salt_hydrate_separator_standardized,,0
MOFs_186,"3,5-diamino-4,4'-bipyrazole",Bipyrazole,Co,Co(NO3)2·6H2O,DMF/H2O,Nessuno,160,120,0.06091321,0.03435954,1.77281809,Solvothermal,0,8,numeric_decimal_standardized;salt_hydrate_separator_standardized;exact_duplicate_candidate,DUP_020,0
MOFs_187,"3,5-diamino-4,4'-bipyrazole",Bipyrazole,Co,Co(NO3)2·6H2O,DMF/H2O,Nessuno,160,72,1.2,0.6,2,Solvothermal,0,50,numeric_decimal_standardized;salt_hydrate_separator_standardized,,0
MOFs_188,"3,5-diamino-4,4'-bipyrazole",Bipyrazole,Co,Co(NO3)2·6H2O,DMF/H2O,Nessuno,160,72,1.5,1.5,1,Solvothermal,2,65,numeric_decimal_standardized;salt_hydrate_separator_standardized,,0
MOFs_189,"3,5-diamino-4,4'-bipyrazole",Bipyrazole,Co,Co(NO3)2·6H2O,DMF/H2O,Nessuno,160,24,0.1,0.05,2,Solvothermal,0,5,numeric_decimal_standardized;salt_hydrate_separator_standardized,,0
MOFs_190,"3,5-diamino-4,4'-bipyrazole",Bipyrazole,Co,Co(NO3)2·6H2O,DMF/EtOH,Nessuno,160,24,0.1,0.05,2,Solvothermal,2,5,numeric_decimal_standardized;salt_hydrate_separator_standardized,,0
MOFs_191,"3,5-diamino-4,4'-bipyrazole",Bipyrazole,Co,Co(NO3)2·6H2O,DMF/H2O,Nessuno,160,24,0.1,0.05,2,Solvothermal,2,2,numeric_decimal_standardized;salt_hydrate_separator_standardized,,0
MOFs_192,"3,5-diamino-4,4'-bipyrazole",Bipyrazole,Co,Co(NO3)2·6H2O,DMF/EtOH,Nessuno,160,16,0.2,0.1,2,Solvothermal,2,10,numeric_decimal_standardized;salt_hydrate_separator_standardized,,0
MOFs_193,"3,5-diamino-4,4'-bipyrazole",Bipyrazole,Co,Co(NO3)2·6H2O,DMF/MeOH,Nessuno,160,24,0.1,0.05,2,Solvothermal,2,5,numeric_decimal_standardized;salt_hydrate_separator_standardized,,0
MOFs_194,"3,5-diamino-4,4'-bipyrazole",Bipyrazole,Co,Co(NO3)2·6H2O,MeOH,Nessuno,120,72,0.1,0.1,1,Solvothermal,0,10,numeric_decimal_standardized;salt_hydrate_separator_standardized,,0
MOFs_195,"3,5-diamino-4,4'-bipyrazole",Bipyrazole,Co,Co(NO3)2·6H2O,DMF/H2O,Nessuno,150,72,0.05,0.05,1,Solvothermal,2,7,numeric_decimal_standardized;salt_hydrate_separator_standardized,,0
MOFs_196,"3,5-diamino-4,4'-bipyrazole",Bipyrazole,Co,Co(OAc)2·4H2O,DMF,Nessuno,110,48,0.2,0.2,1,Solvothermal,0,8,numeric_decimal_standardized;salt_hydrate_separator_standardized,,0
MOFs_197,"3,5-diamino-4,4'-bipyrazole",Bipyrazole,Co,Co(OAc)2·4H2O,DMF/H2O,Nessuno,120,24,0.2,0.2,1,Solvothermal,0,6.7,numeric_decimal_standardized;salt_hydrate_separator_standardized,,0
MOFs_198,"3,5-diamino-4,4'-bipyrazole",Bipyrazole,Co,Co(OAc)2·4H2O,DMF,Nessuno,160,,0.2,0.2,1,Solvothermal,0,10,numeric_decimal_standardized;salt_hydrate_separator_standardized,,0
MOFs_199,"3,5-diamino-4,4'-bipyrazole",Bipyrazole,Co,Co(NO3)2·6H2O,DMF,Nessuno,160,,0.2,0.2,1,Solvothermal,0,10,numeric_decimal_standardized;salt_hydrate_separator_standardized,,0
MOFs_200,"3,5-diamino-4,4'-bipyrazole",Bipyrazole,Co,Co(OAc)2·4H2O,DMF,Nessuno,160,,0.2,0.4,0.5,Solvothermal,0,10,numeric_decimal_standardized;salt_hydrate_separator_standardized,,0
MOFs_201,"3,5-diamino-4,4'-bipyrazole",Bipyrazole,Co,Co(NO3)2·6H2O,DMF/MeOH,Nessuno,160,,0.2,0.2,1,Solvothermal,0,5,numeric_decimal_standardized;salt_hydrate_separator_standardized;solvent_canonicalized,,0
MOFs_202,"3,5-diamino-4,4'-bipyrazole",Bipyrazole,Co,Co(OAc)2·4H2O,DMF/MeOH,Nessuno,160,,0.2,0.2,1,Solvothermal,0,5,numeric_decimal_standardized;salt_hydrate_separator_standardized;solvent_canonicalized,,0
MOFs_203,"3,5-diamino-4,4'-bipyrazole",Bipyrazole,Co,Co(NO3)2·6H2O,DMF/H2O,Nessuno,160,95,0.06091321,0.03435954,1.77281809,Solvothermal,0,5,numeric_decimal_standardized;salt_hydrate_separator_standardized,,0
MOFs_204,"3,5-diamino-4,4'-bipyrazole",Bipyrazole,Co,Co(NO3)2·6H2O,DMF/H2O,Nessuno,160,24,0.1218,0.0687,1.77292576,Solvothermal,0,16,numeric_decimal_standardized;salt_hydrate_separator_standardized,,0
MOFs_205,"3,5-diamino-4,4'-bipyrazole",Bipyrazole,Co,Co(NO3)2·6H2O,DMF/H2O,Nessuno,160,24,1.2,1.2,1,Solvothermal,0,50,numeric_decimal_standardized;salt_hydrate_separator_standardized;exact_duplicate_candidate,DUP_021,0
MOFs_206,"3,5-diamino-4,4'-bipyrazole",Bipyrazole,Co,Co(NO3)2·6H2O,DMF/H2O,Nessuno,160,24,1.3,1.3,1,Solvothermal,2,62.5,numeric_decimal_standardized;salt_hydrate_separator_standardized,,0
MOFs_207,"3,5-diamino-4,4'-bipyrazole",Bipyrazole,Co,Co(NO3)2·6H2O,DMF/H2O,Nessuno,160,72,0.2,0.2,1,Solvothermal,2,10,numeric_decimal_standardized;salt_hydrate_separator_standardized,,0
MOFs_208,"3,5-diamino-4,4'-bipyrazole",Bipyrazole,Co,Co(NO3)2·6H2O,DMF/H2O,Nessuno,160,,0.2,0.2,1,Solvothermal,0,8,numeric_decimal_standardized;salt_hydrate_separator_standardized,,0
MOFs_209,"3,5-diamino-4,4'-bipyrazole",Bipyrazole,Co,Co(NO3)2·6H2O,DMF/H2O,Nessuno,160,24,0.2,0.2,1,Solvothermal,0,8,numeric_decimal_standardized;salt_hydrate_separator_standardized,,0
MOFs_210,"3,5-diamino-4,4'-bipyrazole",Bipyrazole,Co,Co(NO3)2·6H2O,DMF/H2O,Nessuno,160,120,0.06091321,0.03435954,1.77281809,Solvothermal,0,8,numeric_decimal_standardized;salt_hydrate_separator_standardized;exact_duplicate_candidate,DUP_020,0
MOFs_211,"3,5-diamino-4,4'-bipyrazole",Bipyrazole,Co,Co(NO3)2·6H2O,DMF/MeCN/ButOH,Nessuno,160,48,0.06091321,0.03435954,1.77281809,Solvothermal,0,3,numeric_decimal_standardized;salt_hydrate_separator_standardized;solvent_canonicalized,,0
MOFs_212,"3,5-diamino-4,4'-bipyrazole",Bipyrazole,Co,Co(NO3)2·6H2O,DMF/H2O,Nessuno,160,100,0.1827,0.1029,1.7755102,Solvothermal,0,24,numeric_decimal_standardized;salt_hydrate_separator_standardized,,0
MOFs_213,"3,5-diamino-4,4'-bipyrazole",Bipyrazole,Co,Co(NO3)2·6H2O,DMF/H2O,Nessuno,160,24,1.2,1.2,1,Solvothermal,0,50,numeric_decimal_standardized;salt_hydrate_separator_standardized;exact_duplicate_candidate,DUP_021,0
MOFs_214,"3,5-diamino-4,4'-bipyrazole",Bipyrazole,Co,Co(NO3)2·6H2O,DMF/H2O,Nessuno,160,24,1.2,0.6,2,Solvothermal,0,50,numeric_decimal_standardized;salt_hydrate_separator_standardized,,0
MOFs_215,"3,5-diamino-4,4'-bipyrazole",Bipyrazole,Co,Co(NO3)2·6H2O,DMF,Nessuno,160,,0.2,0.4,0.5,Solvothermal,0,10,numeric_decimal_standardized;salt_hydrate_separator_standardized,,0
MOFs_216,"3,5-diamino-4,4'-bipyrazole",Bipyrazole,Co,Co(OAc)2·4H2O,,Nessuno,25,1,,,,Solvothermal,0,10,numeric_decimal_standardized;salt_hydrate_separator_standardized;temperature_room_to_25;time_minutes_to_hours,,0
MOFs_217,"3,5-diamino-4,4'-bipyrazole",Bipyrazole,Cu,Cu(OAc)2·H2O,DMF,Nessuno,120,24,0.2,0.2,1,Solvothermal,0,8,numeric_decimal_standardized;salt_hydrate_separator_standardized,,0
MOFs_218,"3,5-diamino-4,4'-bipyrazole",Bipyrazole,Cu,Cu(OAc)2·H2O,ButOH,Nessuno,130,48,0.2,0.2,1,Solvothermal,0,8,numeric_decimal_standardized;salt_hydrate_separator_standardized,,0
MOFs_219,"3,5-diamino-4,4'-bipyrazole",Bipyrazole,Cu,Cu(OAc)2·H2O,ButOH,Nessuno,110,72,0.2,0.2,1,Solvothermal,0,8,numeric_decimal_standardized;salt_hydrate_separator_standardized,,0
MOFs_220,"3,5-diamino-4,4'-bipyrazole",Bipyrazole,Cu,Cu(OAc)2·H2O,DMF,Nessuno,120,3,0.5,0.5,1,Solvothermal,0,7.5,numeric_decimal_standardized;salt_hydrate_separator_standardized,,0
MOFs_221,"3,5-diamino-4,4'-bipyrazole",Bipyrazole,Cu,Cu(OAc)2·H2O,DMF,Nessuno,25,24,0.2,0.2,1,Solvothermal,0,8,numeric_decimal_standardized;salt_hydrate_separator_standardized;temperature_room_to_25,,0
MOFs_222,"3,5-diamino-4,4'-bipyrazole",Bipyrazole,Cu,Cu(OAc)2·H2O,EtOH,Nessuno,70,72,0.2,0.2,1,Solvothermal,0,10,numeric_decimal_standardized;salt_hydrate_separator_standardized,,0
MOFs_223,"3,5-diamino-4,4'-bipyrazole",Bipyrazole,Cu,Cu(OAc)2·H2O,DMF,Nessuno,80,3,0.5,0.5,1,Solvothermal,0,7.5,numeric_decimal_standardized;salt_hydrate_separator_standardized,,0
MOFs_224,"3,5-diamino-4,4'-bipyrazole",Bipyrazole,Cu,Cu(OAc)2·H2O,NH3 30%,Nessuno,110,24,0.2,0.5,0.4,Solvothermal,0,2,numeric_decimal_standardized;salt_hydrate_separator_standardized,,0
MOFs_225,"3,5-diamino-4,4'-bipyrazole",Bipyrazole,Cu,Cu(NO3)2·3H2O,,Nessuno,110,24,0.2,0.2,1,Solvothermal,0,10,numeric_decimal_standardized;salt_hydrate_separator_standardized,,0
MOFs_226,"3,5-diamino-4,4'-bipyrazole",Bipyrazole,Cu,Cu(OAc)2·H2O,DMF,Nessuno,110,48,0.2,0.2,1,Solvothermal,0,8,numeric_decimal_standardized;salt_hydrate_separator_standardized,,0
MOFs_227,"3,5-diamino-4,4'-bipyrazole",Bipyrazole,Cu,Cu(OAc)2·H2O,DMF/H2O,Nessuno,120,24,0.2,0.2,1,Solvothermal,0,6.7,numeric_decimal_standardized;salt_hydrate_separator_standardized,,0
MOFs_228,"3,5-diamino-4,4'-bipyrazole",Bipyrazole,Cu,Cu(NO3)2·3H2O,DMF/H2O,Nessuno,160,24,0.1218,0.0687,1.77292576,Solvothermal,0,16,numeric_decimal_standardized;salt_hydrate_separator_standardized,,0
MOFs_229,"3,5-diamino-4,4'-bipyrazole",Bipyrazole,Cu,Cu(OAc)2·H2O,DMF/H2O,Nessuno,160,24,0.1218,0.0687,1.77292576,Solvothermal,0,16,numeric_decimal_standardized;salt_hydrate_separator_standardized,,0
MOFs_230,"3,5-diamino-4,4'-bipyrazole",Bipyrazole,Cu,Cu(NO3)2·3H2O,DMF/H2O,Nessuno,160,24,0.24,0.13,1.84615385,Solvothermal,0,16,numeric_decimal_standardized;salt_hydrate_separator_standardized,,0
MOFs_231,"3,5-diamino-4,4'-bipyrazole",Bipyrazole,Cu,Cu(OAc)2·H2O,DMF/H2O,Nessuno,100,72,0.24,0.24,1,Solvothermal,0,14,numeric_decimal_standardized;salt_hydrate_separator_standardized,,0
MOFs_232,"3,5-diamino-4,4'-bipyrazole",Bipyrazole,Cu,Cu(NO3)2·3H2O,DMF/H2O,Nessuno,100,72,0.24,0.24,1,Solvothermal,0,14,numeric_decimal_standardized;salt_hydrate_separator_standardized,,0
MOFs_233,"3,5-diamino-4,4'-bipyrazole",Bipyrazole,Fe,Fe(NO3)3·9H2O,DMF,Nessuno,120,24,0.2,0.1,2,Solvothermal,0,10,numeric_decimal_standardized;salt_hydrate_separator_standardized,,0
MOFs_234,"3,5-diamino-4,4'-bipyrazole",Bipyrazole,Fe,FeCl3,DMF,Nessuno,120,24,0.2,0.1,2,Solvothermal,0,10,numeric_decimal_standardized,,0
MOFs_235,"3,5-diamino-4,4'-bipyrazole",Bipyrazole,Mn,MnCl2·4H2O,,Nessuno,100,24,0.2,0.2,1,Solvothermal,0,5,numeric_decimal_standardized;salt_hydrate_separator_standardized,,0
MOFs_236,"3,5-diamino-4,4'-bipyrazole",Bipyrazole,Ni,Ni(OAc)2·4H2O,ButOH,Nessuno,130,48,0.2,0.2,1,Solvothermal,0,8,numeric_decimal_standardized;salt_hydrate_separator_standardized,,0
MOFs_237,"3,5-diamino-4,4'-bipyrazole",Bipyrazole,Ni,Ni(OAc)2·4H2O,ButOH,Nessuno,110,72,0.2,0.2,1,Solvothermal,0,8,numeric_decimal_standardized;salt_hydrate_separator_standardized,,0
MOFs_238,"3,5-diamino-4,4'-bipyrazole",Bipyrazole,Ni,Ni(OAc)2·4H2O,DMF,Nessuno,120,3,0.5,0.5,1,Solvothermal,0,7.5,numeric_decimal_standardized;salt_hydrate_separator_standardized,,0
MOFs_239,"3,5-diamino-4,4'-bipyrazole",Bipyrazole,Ni,Ni(OAc)2·4H2O,DMF,Nessuno,120,24,0.2,0.2,1,Solvothermal,0,8,numeric_decimal_standardized;salt_hydrate_separator_standardized,,0
MOFs_240,"3,5-diamino-4,4'-bipyrazole",Bipyrazole,Ni,Ni(OAc)2·4H2O,DMF,Nessuno,25,24,0.2,0.2,1,Solvothermal,0,8,numeric_decimal_standardized;salt_hydrate_separator_standardized;temperature_room_to_25,,0
MOFs_241,"3,5-diamino-4,4'-bipyrazole",Bipyrazole,Ni,Ni(OAc)2·4H2O,EtOH,Nessuno,70,72,0.2,0.2,1,Solvothermal,0,10,numeric_decimal_standardized;salt_hydrate_separator_standardized,,0
MOFs_242,"3,5-diamino-4,4'-bipyrazole",Bipyrazole,Ni,Ni(NO3)2·6H2O,Mesitilene,Nessuno,25,24,0.2,0.2,1,Solvothermal,0,2,numeric_decimal_standardized;salt_hydrate_separator_standardized;temperature_room_to_25,,0
MOFs_243,"3,5-diamino-4,4'-bipyrazole",Bipyrazole,Ni,Ni(NO3)2·6H2O,DMF,Nessuno,160,24,0.2,0.2,1,Solvothermal,0,10,numeric_decimal_standardized;salt_hydrate_separator_standardized,,0
MOFs_244,"3,5-diamino-4,4'-bipyrazole",Bipyrazole,Ni,Ni(NO3)2·6H2O,DMF,Nessuno,120,24,0.2,0.2,1,Solvothermal,0,10,numeric_decimal_standardized;salt_hydrate_separator_standardized,,0
MOFs_245,"3,5-diamino-4,4'-bipyrazole",Bipyrazole,Ni,Ni(NO3)2·6H2O,DMF,Nessuno,65,96,0.2,0.2,1,Solvothermal,0,10,numeric_decimal_standardized;salt_hydrate_separator_standardized,,0
MOFs_246,"3,5-diamino-4,4'-bipyrazole",Bipyrazole,Ni,Ni(OAc)2·4H2O,DMF,Nessuno,110,48,0.2,0.2,1,Solvothermal,0,8,numeric_decimal_standardized;salt_hydrate_separator_standardized,,0
MOFs_247,"3,5-diamino-4,4'-bipyrazole",Bipyrazole,Ni,Ni(OAc)2·4H2O,DMF/H2O,Nessuno,120,24,0.2,0.2,1,Solvothermal,0,6.7,numeric_decimal_standardized;salt_hydrate_separator_standardized,,0
MOFs_248,"3,5-diamino-4,4'-bipyrazole",Bipyrazole,Ni,Ni(NO3)2·6H2O,DMF/H2O,Nessuno,160,24,0.24,0.13,1.84615385,Solvothermal,0,16,numeric_decimal_standardized;salt_hydrate_separator_standardized,,0
MOFs_249,"3,5-diamino-4,4'-bipyrazole",Bipyrazole,Ni,Ni(OAc)2·4H2O,DMF,Nessuno,140,24,0.2,0.2,1,Solvothermal,0,10,numeric_decimal_standardized;salt_hydrate_separator_standardized,,0
MOFs_250,"3,5-diamino-4,4'-bipyrazole",Bipyrazole,Ni,Ni(OAc)2·4H2O,DMF,Nessuno,25,72,0.2,0.2,1,Solvothermal,0,10,numeric_decimal_standardized;salt_hydrate_separator_standardized;temperature_room_to_25,,0
MOFs_251,"3,5-diamino-4,4'-bipyrazole",Bipyrazole,Ni,Ni(NO3)2·6H2O,DMF,Nessuno,85,72,0.2,0.2,1,Solvothermal,0,10,numeric_decimal_standardized;salt_hydrate_separator_standardized,,0
MOFs_252,"3,5-diamino-4,4'-bipyrazole",Bipyrazole,Zn,Zn(NO3)2·6H2O,DMF/H2O,Nessuno,160,24,0.24,0.13,1.84615385,Solvothermal,0,16,numeric_decimal_standardized;salt_hydrate_separator_standardized,,0
MOFs_253,"3,5-diamino-4,4'-bipyrazole",Bipyrazole,Zn,Zn(OAc)2·2H2O,DMF/H2O,Nessuno,160,72,0.2,0.2,1,Solvothermal,2,13,numeric_decimal_standardized;salt_hydrate_separator_standardized,,0
MOFs_254,"3,5-diamino-4,4'-bipyrazole",Bipyrazole,Zn,Zn(NO3)2·6H2O,DMF/H2O,Nessuno,160,72,0.2,0.2,1,Solvothermal,2,13,numeric_decimal_standardized;salt_hydrate_separator_standardized,,0
MOFs_255,"3,5-DiMePz-4-COOH",Pyrazole carbossilati,Cu,Cu(OAc)2·H2O,H2O,Nessuno,25,48,0.2,0.1,2,Solvothermal,2,20,numeric_decimal_standardized;salt_hydrate_separator_standardized;temperature_room_to_25,,0
MOFs_256,"3,5-DiMePz-4-COOH",Pyrazole carbossilati,Cu,Cu(OAc)2·H2O,H2O,Nessuno,25,72,1,0.5,2,Solvothermal,2,100,numeric_decimal_standardized;salt_hydrate_separator_standardized;temperature_room_to_25,,0
MOFs_257,"3,5-DiMePz-4-COOH",Pyrazole carbossilati,Cu,Cu(OAc)2·H2O,EtOH,Nessuno,25,48,0.2,0.1,2,Solvothermal,1,20,numeric_decimal_standardized;salt_hydrate_separator_standardized;temperature_room_to_25,,0
MOFs_258,"3,5-DiMePz-4-COOH",Pyrazole carbossilati,Zn,Zn(OAc)2·2H2O,H2O,Nessuno,25,48,0.2,0.1,2,Solvothermal,0,20,numeric_decimal_standardized;salt_hydrate_separator_standardized;temperature_room_to_25,,0
MOFs_259,"3,5-DiMePz-4-COOH",Pyrazole carbossilati,Zn,Zn(OAc)2·2H2O,EtOH,Nessuno,25,48,0.2,0.1,2,Solvothermal,2,20,numeric_decimal_standardized;salt_hydrate_separator_standardized;temperature_room_to_25,,0
MOFs_260,"3,5-DiMePz-4-COOH",Pyrazole carbossilati,Zn,Zn(OAc)2·2H2O,EtOH,Nessuno,25,72,1,0.5,2,Solvothermal,2,100,numeric_decimal_standardized;salt_hydrate_separator_standardized;temperature_room_to_25,,0
MOFs_261,"3,5-DiMePz-4-COOH",Pyrazole carbossilati,Zr,ZrCl4,MeOH,Nessuno,110,72,0.15,0.15,1,Solvothermal,0,10,numeric_decimal_standardized,,0
MOFs_262,"3,5-DiMePz-4-COOH",Pyrazole carbossilati,Zr,ZrCl4,MeOH,Nessuno,110,94,0.3,0.3,1,Solvothermal,0,20,numeric_decimal_standardized,,0
MOFs_263,"3,5-DiMePz-4-COOH",Pyrazole carbossilati,Zr,ZrCl4,MeOH,Nessuno,100,,0.3,0.3,1,Solvothermal,0,20,numeric_decimal_standardized,,0
MOFs_264,"3,5-DiMePz-4-COOH",Pyrazole carbossilati,Zr,ZrCl4,MeOH,Nessuno,110,,0.15,0.15,1,Solvothermal,0,210,numeric_decimal_standardized,,0
MOFs_265,"3,5-DiMePz-4-COOH",Pyrazole carbossilati,Zr,ZrCl4,MeOH,Nessuno,110,48,0.15,0.15,1,Solvothermal,0,10,numeric_decimal_standardized,,0
MOFs_266,"3,5-DiMePz-4-COOH",Pyrazole carbossilati,Zr,Zr(OCH3)4,MeOH,Nessuno,120,0.5,,,,Solvothermal,0,20,numeric_decimal_standardized;solvent_canonicalized;time_minutes_to_hours,,0
MOFs_267,"3,5-DiMePz-4-COOH",Pyrazole carbossilati,Zr,Zr(OCH3)4,MeOH,Nessuno,120,2,0.2,0.1,2,Solvothermal,0,0.5,numeric_decimal_standardized;time_hours_standardized,,0
MOFs_268,"3,5-DiMePz-4-COOH",Pyrazole carbossilati,Zr,ZrCl4,H2O,Nessuno,25,72,1,0.5,2,Solvothermal,2,100,numeric_decimal_standardized;temperature_room_to_25,,0
MOFs_269,"4-Amino-4H-1,2,4-triazole",Triazole,Cu,Cu(OAc)2·H2O,EtOH,Nessuno,25,24,1,2,0.5,Solvothermal,0,20,numeric_decimal_standardized;salt_hydrate_separator_standardized;temperature_room_to_25,,0
MOFs_270,"4-Amino-4H-1,2,4-triazole",Triazole,Cu,Cu(OAc)2·H2O,DMF,Nessuno,130,48,0.5,0.5,1,Solvothermal,0,35,numeric_decimal_standardized;salt_hydrate_separator_standardized,,0
MOFs_271,"4-Amino-4H-1,2,4-triazole",Triazole,Cu,Cu(OAc)2·H2O,DMF,Nessuno,25,48,0.5,1,0.5,Solvothermal,0,20,numeric_decimal_standardized;salt_hydrate_separator_standardized;temperature_room_to_25,,0
MOFs_272,"4-Amino-4H-1,2,4-triazole",Triazole,Cu,Cu(OAc)2·H2O,EtOH,Nessuno,70,72,1,2,0.5,Solvothermal,0,18,numeric_decimal_standardized;salt_hydrate_separator_standardized,,0
MOFs_273,"4-Amino-4H-1,2,4-triazole",Triazole,Zn,Zn(OAc)2·2H2O,EtOH,Nessuno,25,24,1,1,1,Solvothermal,0,20,numeric_decimal_standardized;salt_hydrate_separator_standardized;temperature_room_to_25,,0
MOFs_274,"4-Amino-4H-1,2,4-triazole",Triazole,Zn,Zn(NO3)2·6H2O,DMF,BTC,160,75,0.5,0.5,1,Solvothermal,0,0.48,numeric_decimal_standardized;salt_hydrate_separator_standardized,,0
MOFs_275,"4-Amino-4H-1,2,4-triazole",Triazole,Zn,Zn(NO3)2·6H2O,DMF,Nessuno,160,75,0.5,0.5,1,Solvothermal,0,35,numeric_decimal_standardized;salt_hydrate_separator_standardized,,0
MOFs_276,"4-Amino-4H-1,2,4-triazole",Triazole,Zn,Zn(NO3)2·6H2O,DMF,Nessuno,25,48,0.5,0.5,1,Solvothermal,0,50,numeric_decimal_standardized;salt_hydrate_separator_standardized;temperature_room_to_25,,0
MOFs_277,"4-Amino-4H-1,2,4-triazole",Triazole,Zn,Zn(OAc)2·2H2O,EtOH,Nessuno,70,72,1,2,0.5,Solvothermal,0,18,numeric_decimal_standardized;salt_hydrate_separator_standardized,,0
MOFs_278,5-MePz-4-COOH,Pyrazole carbossilati,Zn,Zn(NO3)2·6H2O,DMF,Nessuno,120,24,0.2,0.2,1,Solvothermal,2,10,numeric_decimal_standardized;salt_hydrate_separator_standardized,,0
MOFs_279,5-MePz-4-COOH,Pyrazole carbossilati,Zr,ZrCl4,DMF,Nessuno,120,24,0.2,0.2,1,Solvothermal,0,10,numeric_decimal_standardized,,0
MOFs_280,5-MePz-4-COOH,Pyrazole carbossilati,Zr,ZrCl4,DMF,Acido benzoico,120,36,0.15,0.15,1,Solvothermal,0,10,additive_canonicalized;numeric_decimal_standardized;time_range_midpoint,,0
MOFs_288,BPz,Bipyrazole,Au,NaAuCl4·2H2O,DMF,Nessuno,60,48,0.2,0.1,2,Solvothermal,0,10,numeric_decimal_standardized;salt_hydrate_separator_standardized,,0
MOFs_289,BPz,Bipyrazole,Au,NaAuCl4·2H2O,DMF,Trietilammina (TEA),140,24,0.2,0.1,2,Solvothermal,0,10,additive_canonicalized;numeric_decimal_standardized;salt_hydrate_separator_standardized,,0
MOFs_290,BPz,Bipyrazole,Cd,Cd(NO3)2·4H2O,DMF,Nessuno,150,24,0.8,0.8,1,Solvothermal,2,30,numeric_decimal_standardized;salt_hydrate_separator_standardized,,0
MOFs_291,BPz,Bipyrazole,Co,Co(OAc)2·4H2O,DMF,Nessuno,120,72,1.5,1.5,1,Solvothermal,2,45,numeric_decimal_standardized;salt_hydrate_separator_standardized,,0
MOFs_292,BPz,Bipyrazole,Co,Co(OAc)2·4H2O,DMF,Nessuno,120,72,0.5,0.5,1,Solvothermal,1,0.09,numeric_decimal_standardized;salt_hydrate_separator_standardized,,0
MOFs_293,BPz,Bipyrazole,Co,Co(OAc)2·4H2O,DMF,Nessuno,120,72,0.5,0.5,1,Solvothermal,2,0.15,numeric_decimal_standardized;salt_hydrate_separator_standardized;exact_duplicate_candidate,DUP_022,0
MOFs_294,BPz,Bipyrazole,Co,Co(OAc)2·4H2O,DMF,Nessuno,120,72,0.5,0.5,1,Solvothermal,2,0.15,numeric_decimal_standardized;salt_hydrate_separator_standardized;exact_duplicate_candidate,DUP_022,0
MOFs_295,Et4BPz,Bipyrazole,Ag,AgNO3,MeOH,Nessuno,25,48,0.2,0.2,1,Solvothermal,0,10,numeric_decimal_standardized;temperature_room_to_25,,0
MOFs_296,Et4BPz,Bipyrazole,Ag,AgPF6,MeOH,Nessuno,25,48,0.2,0.2,1,Solvothermal,0,10,numeric_decimal_standardized;temperature_room_to_25,,0
MOFs_298,Et4BPz,Bipyrazole,Ni,Ni(NO3)2·6H2O,DMF/H2O,Nessuno,160,72,0.2,0.1,2,Solvothermal,0,10,numeric_decimal_standardized;salt_hydrate_separator_standardized,,0
MOFs_299,Et4BPz,Bipyrazole,Ni,Ni(OAc)2·4H2O,DMA,Nessuno,150,24,0.2,0.2,1,Solvothermal,0,10,numeric_decimal_standardized;salt_hydrate_separator_standardized,,0
MOFs_300,Et4BPz,Bipyrazole,Ni,Ni(NO3)2·6H2O,MeOH,Nessuno,140,48,0.2,0.2,1,Solvothermal,0,10,numeric_decimal_standardized;salt_hydrate_separator_standardized,,0
MOFs_301,Et4BPz,Bipyrazole,Zn,Zn(OAc)2·2H2O,DMF/H2O,Nessuno,140,72,0.2,0.1,2,Solvothermal,0,10,numeric_decimal_standardized;salt_hydrate_separator_standardized,,0
MOFs_302,H2Me2BDP,Altro,Ag,AgPF6,MeOH,Nessuno,25,48,0.2,0.2,1,Solvothermal,2,10,numeric_decimal_standardized;temperature_room_to_25,,0
MOFs_303,Me4BPz,Bipyrazole,Ni,Ni(NO3)2·6H2O,DMF/H2O/EtOH,Nessuno,120,72,0.2,0.1,2,Solvothermal,0,6,numeric_decimal_standardized;salt_hydrate_separator_standardized,,0
MOFs_304,Me4BPz,Bipyrazole,Ni,Ni(OAc)2·4H2O,DMF/H2O/EtOH,Nessuno,120,72,0.2,0.1,2,Solvothermal,0,6,numeric_decimal_standardized;salt_hydrate_separator_standardized,,0
MOFs_305,Me4BPz,Bipyrazole,Zr,ZrCl4,DMF/H2O,Nessuno,120,48,0.2,0.1,2,Solvothermal,0,6,numeric_decimal_standardized,,0
MOFs_306,Me4BPz,Bipyrazole,Zr,ZrCl4,DMF/MeOH,Nessuno,120,48,0.1,0.1,1,Solvothermal,0,5,numeric_decimal_standardized,,0
MOFs_307,"PzDC / 1H-3,5-dicarboxylic",Pyrazole carbossilati,Zr,ZrCl4,DMF/MeOH,Nessuno,120,48,0.1,0.1,1,Solvothermal,0,15,numeric_decimal_standardized,,0
MOFs_308,"PzDC / 1H-3,5-dicarboxylic",Pyrazole carbossilati,Zr,ZrCl4,H2O,Nessuno,120,48,0.1,0.1,1,Solvothermal,0,20,numeric_decimal_standardized,,0
MOFs_309,"PzDC / 1H-3,5-dicarboxylic",Pyrazole carbossilati,Zr,ZrCl4,DMF/H2O,Nessuno,120,48,0.1,0.1,1,Solvothermal,0,15,numeric_decimal_standardized,,0
MOFs_310,"PzDC / 1H-3,5-dicarboxylic",Pyrazole carbossilati,Zr,ZrCl4,H2O,Nessuno,25,72,0.1,0.075,1.33333333,Solvothermal,0,20,numeric_decimal_standardized;temperature_room_to_25,,0
MOFs_311,"PzDC / 1H-3,5-dicarboxylic",Pyrazole carbossilati,Zr,ZrCl4,MeOH,Nessuno,120,72,,0.4,,Solvothermal,0,20,numeric_decimal_standardized,,0
MOFs_312,"3,3'-dinitro-4,4'-bipyrazole",Bipyrazole,Cd,Cd(NO3)2·4H2O,DMF,Trietilammina (TEA),150,72,0.1,0.1,1,Solvothermal,1,10,additive_canonicalized;numeric_decimal_standardized;salt_hydrate_separator_standardized,,0
MOFs_313,BDP,Bipyrazole,Co,Co(NO3)2·6H2O,DMF,Nessuno,120,72,0.1,0.3,0.33333333,Solvothermal,0,10,numeric_decimal_standardized;salt_hydrate_separator_standardized,,0
MOFs_314,BDP,Bipyrazole,Co,Co(OAc)2·4H2O,DMF,Acido acetico,150,16,0.12,0.24,0.5,Solvothermal,1,20,additive_canonicalized;numeric_decimal_standardized;salt_hydrate_separator_standardized,,0
MOFs_315,BDP,Bipyrazole,Co,Co(NO3)2·6H2O,DMF,Nessuno,150,24,0.1,0.2,0.5,Solvothermal,0,10,numeric_decimal_standardized;salt_hydrate_separator_standardized,,0
MOFs_316,BDP,Bipyrazole,Co,Co(OAc)2·4H2O,DEF,Nessuno,160,72,0.2,0.2,1,Solvothermal,0,10,numeric_decimal_standardized;salt_hydrate_separator_standardized,,0
MOFs_317,BDP,Bipyrazole,Co,Co(NO3)2·6H2O,DEF,Nessuno,160,72,0.2,0.2,1,Solvothermal,0,10,numeric_decimal_standardized;salt_hydrate_separator_standardized,,0
MOFs_318,BDP,Bipyrazole,Co,Co(NO3)2·6H2O,DMF,H2O,160,72,0.14,0.23,0.60869565,Solvothermal,0,10,numeric_decimal_standardized;salt_hydrate_separator_standardized,,0
MOFs_319,"3,5-diamino-4,4'-bipyrazole",Bipyrazole,Co,CoCl2+FeCl3,DMF,MeOH,130,16,0.1,"0,1/0,001",,Solvothermal,2,2,mmol_Sale_ambiguous_non_numeric;numeric_decimal_standardized,,0
MOFs_320,H2FBDP,Bipyrazole,Co,Co(NO3)2·6H2O,DMF,Nessuno,160,72,0.1,0.1,1,Solvothermal,0,10,numeric_decimal_standardized;salt_hydrate_separator_standardized,,0
MOFs_321,H2FBDP,Bipyrazole,Co,Co(OAc)2·4H2O,DMF,Nessuno,160,72,0.1,0.1,1,Solvothermal,0,10,numeric_decimal_standardized;salt_hydrate_separator_standardized,,0
MOFs_322,BDP,Bipyrazole,Co,Co(NO3)2·6H2O,DMF,Nessuno,130,16,0.14,0.23,0.60869565,Solvothermal,0,10,numeric_decimal_standardized;salt_hydrate_separator_standardized,,0
MOFs_323,BDP,Bipyrazole,Co,Co(NO3)2·6H2O,DMF,H2O,130,16,0.14,0.23,0.60869565,Solvothermal,0,10,numeric_decimal_standardized;salt_hydrate_separator_standardized,,0
MOFs_324,BDP,Bipyrazole,Co,Co(NO3)2·6H2O,DMF,H2O,130,12,0.1,0.1,1,Solvothermal,0,10,numeric_decimal_standardized;salt_hydrate_separator_standardized,,0
MOFs_325,Me4BPz,Bipyrazole,Ni,NiCl2·6H2O,DEF,Nessuno,110,24,0.2,0.04,5,Solvothermal,2,4,numeric_decimal_standardized;salt_hydrate_separator_standardized,,0
MOFs_326,"3-nitro-4,4'-bipyrazole",Bipyrazole,Ni,NiCl2·6H2O,DEF,Nessuno,110,24,0.1,0.02,5,Solvothermal,0,2,numeric_decimal_standardized;salt_hydrate_separator_standardized,,0
CurcumineMOFs_327,curc-ind,Curcumina,Zn,Zn(OAc)2·2H2O,DMF,Nessuno,80,72,0.1,0.05,2,no precipitato,1,20,numeric_decimal_standardized;salt_hydrate_separator_standardized,,0
CurcumineMOFs_328,curc(III),Curcumina,Zn,Zn(OAc)2·2H2O,DMF,Nessuno,80,72,0.1,0.05,2,Solvothermal,0,20,numeric_decimal_standardized;salt_hydrate_separator_standardized,,0
CurcumineMOFs_329,curc-ind,Curcumina,Cu,Cu(OAc)2·H2O,DMF,Nessuno,80,72,0.1,0.05,2,no precipitato,0,20,numeric_decimal_standardized;salt_hydrate_separator_standardized,,0
CurcumineMOFs_330,curc(III),Curcumina,Cu,Cu(OAc)2·H2O,DMF,Nessuno,80,72,0.1,0.05,2,no precipitato,0,20,numeric_decimal_standardized;salt_hydrate_separator_standardized,,0
CurcumineMOFs_331,curc(III),Curcumina,Zn,Zn(OAc)2·2H2O,DMF/MeOH,Nessuno,80,24,0.1,0.05,2,Solvothermal,1,15,numeric_decimal_standardized;salt_hydrate_separator_standardized,,0
CurcumineMOFs_332,curc(III),Curcumina,Zn,Zn(OAc)2·2H2O,DMF/MeOH,Nessuno,80,24,0.3,0.15,2,118 mg finali,2,35,numeric_decimal_standardized;salt_hydrate_separator_standardized,,0
CurcumineMOFs_333,curc(III),Curcumina,Zn,Zn(NO3)2·6H2O,DMF/MeOH,Nessuno,80,24,0.2,0.1,2,Solvothermal,2,15,numeric_decimal_standardized;salt_hydrate_separator_standardized,,0
CurcumineMOFs_334,curc-ind,Curcumina,Zn,Zn(OAc)2·2H2O,MeOH,Nessuno,80,72,0.1,0.05,2,precipitato nero,0,20,numeric_decimal_standardized;salt_hydrate_separator_standardized,,0
CurcumineMOFs_335,curc-ind,Curcumina,Zn,Zn(NO3)2·6H2O,DMF,Nessuno,120,72,0.1,0.05,2,nessun precipitato,0,15,numeric_decimal_standardized;salt_hydrate_separator_standardized,,0
CurcumineMOFs_336,curc(III),Curcumina,Ni,Ni(NO3)2·6H2O,DMF,Nessuno,120,72,0.1,0.05,2,nessun preciiptato,0,15,numeric_decimal_standardized;salt_hydrate_separator_standardized,,0
CurcumineMOFs_337,B5,Altro,Ru,[Ru(p-cymene)Cl2]2,CH2Cl2,Nessuno,25,48,,0.1,,separato il solido per centrifugazione. Lavato con diclorometano 2 volte sempre tramite centrifuga,0,20,numeric_decimal_standardized;solvent_canonicalized;temperature_room_to_25,,0
CurcumineMOFs_338,curc(III)_KC,Curcumina,Zn,Zn(NO3)2·6H2O,DMF,Nessuno,80,48,0.1,0.05,2,"dopo 48 ore nessun precipitato, posto nella stufa a 100°C per 72h, ma ancora nessun precipitato, allora trasferito nella stufa a 120°, dopo 48h si è formato poco precipitato, filtrato e lavato con acetone.",1,15,numeric_decimal_standardized;salt_hydrate_separator_standardized,,0
CurcumineMOFs_339,curc(III)_KC,Curcumina,Zn,Zn(OAc)2·2H2O,DMF,Nessuno,120,16,0.05,0.05,1,dopo 16 ore si è formato già il precipitato nella vial,0,15,numeric_decimal_standardized;salt_hydrate_separator_standardized,,0
CurcumineMOFs_340,curc(III),Curcumina,Ni,Ni(NO3)2·6H2O,DMF/H2O,Nessuno,80,48,0.02,0.02,1,nessun precipitato,0,8,numeric_decimal_standardized;salt_hydrate_separator_standardized,,0
CurcumineMOFs_341,curc(III),Curcumina,Co,Co(NO3)2·6H2O,DMF/H2O,Nessuno,80,16,0.02,0.02,1,"Precipitato dopo già 16h, procedo con la caratterizzazione",0,8,numeric_decimal_standardized;salt_hydrate_separator_standardized,,0
CurcumineMOFs_342,curc(III),Curcumina,Ag,AgNO3,DMF/H2O,Nessuno,80,48,0.02,0.02,1,"Argento metallizzato sulle pareti della vial dopo 16h, riprovo con ossido d'argento e vial scura",0,10,numeric_decimal_standardized,,0
CurcumineMOFs_343,curc(III),Curcumina,Ag,Ag2O,DMF/H2O,Nessuno,80,48,0.02,0.02,1,nessun precipitato,0,10,numeric_decimal_standardized,,0
CurcumineMOFs_344,curc(III),Curcumina,Co,Co(Ac)2·4H2O,DMF,Nessuno,80,24,0.02,0.04,0.5,"Precipitato fine, probabilmente meglio il nitro.",0,10,numeric_decimal_standardized;salt_hydrate_separator_standardized,,0
CurcumineMOFs_345,curc(III),Curcumina,Ni,Ni(Ac)2·4H2O,DMF/EtOH,Nessuno,100,48,0.02,0.02,1,precipitato amorfo,0,8,numeric_decimal_standardized;salt_hydrate_separator_standardized,,0
CurcumineMOFs_346,curc(III),Curcumina,Ni,Ni(Ac)2·4H2O,DMF/MeOH,Nessuno,100,48,0.02,0.02,1,precipitato amorfo,0,8,numeric_decimal_standardized;salt_hydrate_separator_standardized,,0
CurcumineMOFs_347,curc(III),Curcumina,Co,Co(NO3)2·6H2O,DMF/H2O,Nessuno,100,24,0.02,0.02,1,"non credo sia un MOF, sembrava sciogliersi in acetone, procedo con le varie caratterizzazioni. Precipitato tropppo poco per caratterizzazione",0,10,numeric_decimal_standardized;salt_hydrate_separator_standardized,,0
CurcumineMOFs_348,curc(III),Curcumina,Cu,Cu(NO3)2·3H2O,DMF/H2O,Nessuno,100,24,0.02,0.02,1,"Precipitato verdastro, ma molto amorfo",1,10,numeric_decimal_standardized;salt_hydrate_separator_standardized,,0
CurcumineMOFs_349,curc(III),Curcumina,Co,Co(NO3)2·6H2O,DMF/H2O,Nessuno,80,72,0.02,0.04,0.5,Solvothermal,2,10,numeric_decimal_standardized;salt_hydrate_separator_standardized,,0
CurcumineMOFs_350,curc(III),Curcumina,Co,Co(NO3)2·6H2O,DMSO,Nessuno,80,72,0.02,0.02,1,nessun precipitato,0,10,numeric_decimal_standardized;salt_hydrate_separator_standardized,,0
CurcumineMOFs_351,curc(III),Curcumina,Co,Co(NO3)2·6H2O,DMF,Nessuno,80,72,0.02,0.02,1,nessun precipitato,0,10,numeric_decimal_standardized;salt_hydrate_separator_standardized,,0
CurcumineMOFs_352,curc(III),Curcumina,Zr,ZrCl4,DMF/MeOH,Nessuno,120,48,0.02,0.02,1,nessun precipitato,1,10,numeric_decimal_standardized,,0
CurcumineMOFs_353,curc(III),Curcumina,Co,Co(NO3)2·6H2O,DMF/H2O,Nessuno,120,24,0.05,0.05,1,Solvothermal,0,15,numeric_decimal_standardized;salt_hydrate_separator_standardized,,0
CurcumineMOFs_354,curc(III),Curcumina,Co,Co(NO3)2·6H2O,DMF/H2O,Nessuno,120,24,0.1,0.1,1,Solvothermal,0,15,numeric_decimal_standardized;salt_hydrate_separator_standardized,,0
Organometallica_355,Ph2BpPhTl,Organometallica,Ru,[Ru(p-cymene)Cl2]2,CH2Cl2,Nessuno,25,,0.12,0.25,0.48,"Nessun precipitrato, dopo aver aggiunto etere dietilico ho rimesso in frigo ed aspettato quasi una settimana, mi si è formato un precipitato, ma una volta filtrato sembra eessere tallio cloruro(colere grigiastro); quindi riconservato le acque madri per vedere se la cristallizzazione.Dopo aver aggiunto etere dietilico formati alcuni cristalli.",0,20,numeric_decimal_standardized;temperature_room_to_25,,0
Organometallica_356,HB(BPzPh)3Tl,Organometallica - pirazoli,Ru,[Ru(p-cymene)Cl2]2,CH2Cl2,Nessuno,25,,0.12,0.25,0.48,"Nessun precipitrato, dopo aver aggiunto etere dietilico ho rimesso in frigo ed aspettato quasi una settimana, mi si è formato un precipitato, ma una volta filtrato sembra eessere tallio cloruro(colere grigiastro); quindi riconservato le acque madri per vedere se avverrà qualche cristallizzazione. Dopo aver aggiunto etere dietilico alle acque madri si è formato un precipitato che ho filtrato e poi caratterizzato",0,20,numeric_decimal_standardized;temperature_room_to_25,,0
Organometallica_357,Ph2BpPhTl,Organometallica,Rh,[Rh(C5Me5)Cl2]2,CH2Cl2,Nessuno,25,,0.12,0.25,0.48,Dopo 30 minuti di reazione si è formato un precipitato grigio-bianco( probabilmente TlCl); ho filtrato in modo tale che rimasesse tutto sul filtro e poi le acque madri le ho portate a secco a temperatura ambiente in una notte. Una volta portate a secco ho aggiungo 5-10 ml di MeOH e filtrato. Il filtrato caratterizzzato e le acque madri invece trattate con dietiletere(10 ml circa) e rifiltrate un altra volte. Il precipitato ulteriormente caratterizzzato.,2,20,numeric_decimal_standardized;temperature_room_to_25,,0
Organometallica_358,HB(BPzPh)3Tl,Organometallica - pirazoli,Rh,[Rh(C5Me5)Cl2]2,CH2Cl2,Nessuno,25,,0.12,0.25,0.48,Dopo 30 minuti di reazione si è formato un precipitato grigio-bianco( probabilmente TlCl); ho filtrato in modo tale che rimasesse tutto sul filtro e poi le acque madri le ho portate a secco a temperatura ambiente in una notte. Una volta portate a secco ho aggiungo 5-10 ml di MeOH e filtrato. Il filtrato caratterizzzato e le acque madri invece trattate con dietiletere(10 ml circa) e rifiltrate un altra volte. Il precipitato ulteriormente caratterizzzato.,2,20,numeric_decimal_standardized;temperature_room_to_25,,0
Organometallica_359,Ph2BpPhTl,Organometallica,,C20H30Cl4Ir2,CH2Cl2,Nessuno,25,,0.12,0.25,0.48,Dopo 30 minuti di reazione si è formato un precipitato grigio-bianco( probabilmente TlCl); ho filtrato in modo tale che rimasesse tutto sul filtro e poi le acque madri le ho portate a secco a temperatura ambiente in una notte. Una volta portate a secco ho aggiungo 5-10 ml di MeOH e filtrato. Il filtrato caratterizzzato e le acque madri invece trattate con dietiletere(10 ml circa) e rifiltrate un altra volte. Il precipitato ulteriormente caratterizzzato.,2,20,numeric_decimal_standardized;temperature_room_to_25,,0
Organometallica_360,HB(BPzPh)3Tl,Organometallica - pirazoli,,C20H30Cl4Ir2,CH2Cl2,Nessuno,25,,0.12,0.25,0.48,Dopo 30 minuti di reazione si è formato un precipitato grigio-bianco( probabilmente TlCl); ho filtrato in modo tale che rimasesse tutto sul filtro e poi le acque madri le ho portate a secco a temperatura ambiente in una notte. Una volta portate a secco ho aggiungo 5-10 ml di MeOH e filtrato. Il filtrato caratterizzzato e le acque madri invece trattate con dietiletere(10 ml circa) e rifiltrate un altra volte. Il precipitato ulteriormente caratterizzzato.,1,20,numeric_decimal_standardized;temperature_room_to_25,,0
Organometallica_361,Ph2BpPhTl,Organometallica,Ru,[Ru(p-cymene)Cl2]2,CH2Cl2,Nessuno,25,,0.12,0.06,2,"Male come Org1. Nessun precipitato, nemmeno dopo aver messo in frigo ed aggiunto eteredietilico. colore giallo, differente dal org1 che era rosso",1,20,numeric_decimal_standardized;temperature_room_to_25,,0
Organometallica_362,HB(BPzPh)3Tl,Organometallica - pirazoli,Ru,[Ru(p-cymene)Cl2]2,CH2Cl2,Nessuno,25,3,0.1,0.05,2,"Pesato il dimero di rutenio, l'ho messo in un pallone a due colli da 10 ml, iniziato ad insufflare argon per lavorare in ambiente inerte. Una volta solubilizzato il sale metallico ho aggiunto il legante, notando subito la formazione del cloruro di tallio(sospenzione bianca). Lasciata a temperatura ambiente sotto intenso stirring per 3 ore. Lasciato evaporare completamente il solvente, formazione di piccoli cristalli.",1,20,numeric_decimal_standardized;temperature_room_to_25,,0
Organometallica_363,TpMe2Tl,Organometallica,Ru,[Ru(p-cymene)Cl2]2,CH2Cl2,Nessuno,25,3,0.1,0.05,2,"Sciolto prima il sale metallico all'interno della vial, una volta solubilizzato ho aggiunto il legante; lasciato in stirring per 3 ore e poi fatto evaporare lentamente il solvente fino a dimezzare il volume. Una volta dimezzato il volume ho aggiunto dietil etere circa 5 ml, ho notato la formazione di una piccola sospensione, quindi l'ho filtrato su filtro con mesh sottili(precipitato bianco-grigio). Le acque madri raccolte ed aspettato di dimezzare nuovamente il volume. Una volta evaporato tutto il solvente, nel residuo ho aggiunto Et2O e poi filtrato. Ora procedo a caratterizzare il precipitato ed aspetto che le acque madri evaporino.",1,20,numeric_decimal_standardized;temperature_room_to_25,,0
Organometallica_364,KTp,Organometallica,Ru,[Ru(p-cymene)Cl2]2,CH2Cl2,Nessuno,25,3,0.1,0.05,2,"Ho sciolto il rutenio in 10 ml di DCM, poi ho aggiunto il legante e lasciato in agitazione per 4 ore. Ho filtrato, perchè la soluzione era leggermente torbida e le acque madri le ho lasciate aperte sotto cappa per far evaporare il solvente.Una volta evaporato tutto il solvente ho aggiunto circa 10-15 ml di etere dietilico e filtrato. Ora procedo a caratterizzare il precipitato ed aspetto che le acque madri evaporino.",0,20,numeric_decimal_standardized;temperature_room_to_25,,0
Organometallica_365,KTp,Organometallica,Ru,[Ru(p-cymene)Cl2]2,MeCN,Nessuno,25,3,0.1,0.05,2,"Solubilizzato il legante in un pallone a due colli con 5 ml di MeCN, messo sotto argon ed una volta solubilizzato ho aggiunto il dimero metallico. Lasciato 3h sotto agitazione a temperatura ambiente, una volrta passate 3 ore ho lasciato l'insufflazione di argon, ma aprendo il tappo sopra per ridurre il volume del solvente .una volta trascorso il tempo di reazione, concentri la soluzione di MeCN sotto vuoto a bassa temperatura fino a piccoli volumi, poi aggiungi lentamente un anti‑solvente apolare (esano) per precipitare il complesso, filtrando non ho notato la presenza di precipitato nel filtro. Le acque madri le faccio evaporare per stringere il solvente ed aggiunto ancora esano e poi lascio in firgo una notte.",1,20,numeric_decimal_standardized;temperature_room_to_25,,0
Organometallica_366,KTp,Organometallica,Ru,[Ru(p-cymene)Cl2]2,MeOH,Nessuno,25,3,0.1,0.05,2,"Nessun precipitato, ma soluzione di un rosso intenso, faccio dimezzare il volume all'aria. Una volta dimezzato il volume ho aggiunto etere dietilico e messo in frigo, dopo 24h è venuto giu un precipitato finissimo bianco(forse KCl), che caratterizzato all'IR non risultava essere nulla. Le acque del filtrato le faccio evaporare per dimezzarne il volume",0,20,numeric_decimal_standardized;temperature_room_to_25,,0
Organometallica_367,HB(BPzPh)3Tl,Organometallica - pirazoli,Rh,[Rh(C5Me5)Cl2]2,CH2Cl2,Nessuno,25,3,0.1,0.1,1,"Solubilizzato il dimero del metallo in 5 ml di diclorometano, in un'altra vial ho lasciato in sospensione il legante in altri 5 ml di diclorometano e poi aggiunto goccia a goccia nella soluzione del metallo. Dopo 3 ore ho notato un intorbidimento della reazione(formazione del cloruro di tallio); filtrato e sciacquato con 5 ml di diclorometano e lasciato dimezzare il volume delle acque madri all'ariauna va evaporato tutto il solvente sembrano essere precipitate due specie. Riprovo acristazzare una piccola aliquota con cloroformio e n-esano.",1,20,numeric_decimal_standardized;temperature_room_to_25,,0
Organometallica_368,HB(BPzPh)3Tl,Organometallica - pirazoli,,C20H30Cl4Ir2,CH2Cl2,Nessuno,25,3,0.1,0.1,1,"Solubilizzato il dimero del metallo in 5 ml di diclorometano, in un'altra vial ho lasciato in sospensione il legante in altri 5 ml di diclorometano e poi aggiunto goccia a goccia nella soluzione del metallo. Dopo 3 ore ho notato un intorbidimento della reazione(formazione del cloruro di tallio); filtrato e sciacquato con 5 ml di diclorometano e lasciato dimezzare il volume delle acque madri all'aria. Una volta evaporato completamente il solvente ho mandato un HNMR.",1,20,numeric_decimal_standardized;temperature_room_to_25,,0
Organometallica_369,HB(BPzPh)3Tl,Organometallica - pirazoli,Rh,[Rh(C5Me5)Cl2]2,CH2Cl2,Nessuno,25,6,0.05,0.1,0.5,"Solubilizzato il dimero del metallo in 4 ml di diclorometano, in un'altra vial ho lasciato in sospensione il legante in altri 4 ml di diclorometano e poi aggiunto goccia a goccia nella soluzione del metallo. Dopo 3 ore ho notato un intorbidimento della reazione(formazione del cloruro di tallio); filtrato e sciacquato con 5 ml di diclorometano e lasciato dimezzare il volume delle acque madri all'aria una va evaporato tutto il solvente sembrano essere precipitate due specie. Aggiunto qualche goccia di dietil etere e messo in frigo una notte; formazione di ulteriore precipitato.",1,20,numeric_decimal_standardized;temperature_room_to_25,,0
Organometallica_370,Et4BPz,Organometallica - pirazoli,Ru,[Ru(p-cymene)Cl2]2,MeOH,Nessuno,25,4,0.1,0.1,1,"Solubilizzato il dimero del metallo in 10 ml di MeOH, una volta solulbilizzato ho aggiunto il legante e lasciato in stirring per 16 ore.",1,20,numeric_decimal_standardized;temperature_room_to_25,,0
Organometallica_371,Me4BPz,Organometallica - pirazoli,Ru,[Ru(p-cymene)Cl2]2,MeOH,Nessuno,25,4,0.16,0.16,1,"Dopo 4 ore ancora nessuna cristallizzazione, quindi scaldato a 50 gradi per far evaporare un po di solvente e poi messo in frido appena raffreddato.",2,20,numeric_decimal_standardized;temperature_room_to_25,,0
Organometallica_372,H2BPZNH2,Organometallica - pirazoli,Ru,[Ru(p-cymene)Cl2]2,MeOH,Nessuno,25,4,0.1,0.1,1,"Dopo 4 ore ancora nessuna cristallizzazione, evaporato un po di solvente e poi messo in frido appena raffreddato. Aggiunto eteredietilico, perchè non vi era avvenuta cristallizzazione.",2,20,numeric_decimal_standardized;temperature_room_to_25,,0
Organometallica_373,"3,5-diamino-4,4'-bipyrazole",Organometallica - pirazoli,Ru,[Ru(p-cymene)Cl2]2,MeOH,Nessuno,25,4,0.16,0.16,1,"Ho pesato il dimero e sciolto in 10 ml di MeOH; una volta sulubilizzato ho aggiunto il legante e lasciato sotto agitazione per 4 ore. Una volta fatto evaporare completamente il solvente ho notato un precipitato rosso bruno, filtrato con dietil etere e mandato un HNMR comr Ru3. Il precipitato rimasto nella vial l'ho lavato con acetone d ulteriormente filtrato, ora mando anche questo all'HNMR come Ru3.lavato con acetone.",1,20,ligand_typography_standardized;numeric_decimal_standardized;temperature_room_to_25,,0
Organometallica_374,Me4BPz,Organometallica - pirazoli,Ru,[Ru(p-cymene)Cl2]2,MeOH,Nessuno,25,4,0.3,0.3,1,"Dopo 4 ore ancora nessuna cristallizzazione, quindi scaldato a 50 gradi per far evaporare un po di solvente e poi messo in frido appena raffreddato.",1,,numeric_decimal_standardized;temperature_room_to_25,,0
Organometallica_375,FErrocenylPz,Organometallica,,PdCl2·(CH3CN)2,MeOH,Nessuno,25,4,0.2,0.1,2,"Ho sciolto il palladio in 10 ml di metanolo in un pallone a due colli dove insufflavo argono. Dopo 15 minuti ho aggiunto il legante e lasciato insufflare argon per altri 10 minuti, poi cessato il flusso di argon ho messo il tappo. Subito dopo l'aggiunta del legante ho notato cambio di colore con intorbidimento della soluzione. Ho filtrato il precipitato e le acque madri le ho messe in una vial per far evaporare lentamente il solvente. Ilprecipitato era il legante, visto all'IR",1,20,numeric_decimal_standardized;salt_hydrate_separator_standardized;temperature_room_to_25,,0
Organometallica_376,Me4BPz,Organometallica - pirazoli,Ru,[Ru(p-cymene)Cl2]2,MeOH,Nessuno,25,16,0.4,0.4,1,"Sciolto il sale di rutenio in metanolo 20 ml, una volta completamente sciolto ho aggiunto il legante. Lasciato reagire tutta la notte e poi lasciato evaporare il solvente in aria. Mandato HNMR del composto cristallizzato dopo completa evaporazione del solvente.",1,,numeric_decimal_standardized;temperature_room_to_25;time_overnight_to_16h,,0
Organometallica_377,Me4BPz,Organometallica - pirazoli,Ir,[Ir(C₅Me₅)Cl₂]₂,MeOH,Nessuno,25,4,0.1,0.1,1,"Sciogli il dimero [Ir(C₅Me₅)Cl₂]₂ in MeOH anidro sotto N₂ in un pallone secco. In una vial separata sciogli il ligante bipirazolico in MeOH . Aggiungi lentamente questa soluzione al pallone con l'Iridio mantenendo agitazione e atmosfera inerte. Lascia quindi agitare la miscela a temperatura ambiente per alcune ore prima di analizzarla all’NMR per verificare la formazione del complesso. Ho notato un cambio di colore della soluzione, èè passata da rossastra(colore dell'iridio) a gialla, completamente limpida. Lascio evaporare il solvente.",1,20,numeric_decimal_standardized;temperature_room_to_25,,0
Organometallica_378,Me4BPz,Organometallica - pirazoli,Rh,[Rh(C5Me5)Cl2]2,MeOH,Nessuno,25,4,0.1,0.1,1,"Sciogli il dimero [Rh(C5Me5)Cl2]2 in MeOH anidro sotto N₂ in un pallone secco. In una vial separata sciogli il ligante bipirazolico in MeOH . Aggiungi lentamente questa soluzione al pallone con il rodio mantenendo agitazione e atmosfera inerte. Lascia quindi agitare la miscela a temperatura ambiente per alcune ore prima di analizzarla all’NMR per verificare la formazione del complesso. Ho notato un cambio di colore della soluzione, èè passata da rossastra(colore dell'iridio) a gialla, completamente limpida. Lascio evaporare il solvente.",0,20,numeric_decimal_standardized;temperature_room_to_25,,0
Organometallica_379,FErrocenylPz,Organometallica,,PdCl2·(CH3CN)2,MeOH,Nessuno,25,4,0.4,0.2,2,"Filtrato il precipitato(eccesso di legante), la soluzione raccolta in una beuta e fatta evaporare all'aria.",1,20,numeric_decimal_standardized;salt_hydrate_separator_standardized;temperature_room_to_25,,0
Organometallica_380,"1,4-Di(1H-pyrazol-4-yl)benzene",Organometallica - pirazoli,Ru,[Ru(p-cymene)Cl2]2,MeOH,Nessuno,25,24,0.2,0.1,2,"To a methanolic (5 mL) solution of pyrazole based ligand , was added a methanolic (5 mL) solution of [RuCl2(η6-p-cymene)]2 , and the reaction mixture was allowed to stir for 4 h at room temperature. Dopo 24 ore ho filtrato l'eccesso di reagenti e lasciato poi dimezzare il volume della soluzione all'aria lentamente. Portato a secco e mandato l'HNMR",1,20,numeric_decimal_standardized;temperature_room_to_25,,0
Organometallica_381,(NO2)2BPz,Organometallica - pirazoli,Ru,[Ru(p-cymene)Cl2]2,MeOH,Nessuno,25,24,0.1,0.05,2,"filtrato e lavato con metanolo, dopo aver dimezzato il volume della soluzione.Precipitato di colore nero, ma sembra cristallino",0,20,numeric_decimal_standardized;temperature_room_to_25,,0
Organometallica_382,NO2BPz,Organometallica - pirazoli,Ru,[Ru(p-cymene)Cl2]2,MeOH,Nessuno,25,24,0.1,0.05,2,"filtrato per rimuovere l'eccesso di reagenti noon reagito, lasciato ridurre il volume. Lavato con etere dietilico e filtrato(precipitato verdino).Ir del primo precipitato è pessimo. Le acque madri le ho tenute.",1,20,numeric_decimal_standardized;temperature_room_to_25,,0
Organometallica_383,FErrocenylPz,Organometallica,,PdCl2·(CH3CN)2,MeOH,Nessuno,25,6,0.1,0.1,1,"Ho pesato il dimero e sciolto in 10 ml di MeOH; una volta sulubilizzato ho aggiunto il legante e lasciato sotto agitazione per 6ORE. Ho lasciato dimezzare il volume all'aria, poi aggiunto qualche goccia di dietiletere e messo in frigo. Il precipitato ottenuto l'ho filtrato.",2,20,numeric_decimal_standardized;salt_hydrate_separator_standardized;temperature_room_to_25,,0
Organometallica_384,"3,3'-diamino-4,4'-bipyrazole",Organometallica - pirazoli,Ru,[Ru(p-cymene)Cl2]2,MeOH,Nessuno,25,24,0.1,0.1,1,Ho pesato il dimero e sciolto in 10 ml di MeOH; una volta sulubilizzato ho aggiunto il legante e lasciato sotto agitazione per 24 ORE.Fatto evaporare all'aria per ridurre il volume,1,20,ligand_typography_standardized;numeric_decimal_standardized;temperature_room_to_25,,0
Organometallica_385,"1,4-Di(1H-pyrazol-4-yl)benzene BDP",Organometallica - pirazoli,Ir,[Ir(C₅Me₅)Cl₂]₂,MeOH,Nessuno,25,24,0.05,0.1,0.5,"Ho sciolto il sale metallico in 10 ml di MeOH, una volta solubilizzato ho aggiunto il linker e lasciato in stirring.",1,20,numeric_decimal_standardized;temperature_room_to_25,,0
Organometallica_387,Ru1,Organometallica,Ru,CAgF3SO3,MeCN,Nessuno,25,3,0.06,0.12,0.5,lasciato aperto a temperatura ambiente per cercare di ridurre il volume di solvente e favorire una cristallizzazione,1,20,numeric_decimal_standardized;temperature_room_to_25,,0
Organometallica_388,"Ru1 scambio anionico FW=868,73",Organometallica - scambio anionico,Ru,"4,4'-bipiridina",MeCN,Nessuno,25,,0.04,0.04,1,"Dopo 5h la soluzione ha cambiato colore, ora faccio evaporare un pò di solvente per vedere se verrà giu qualcosa. Una volta dimezzato il volume ho aggiunto 5 ml di dietil etere e poi posto a scaldare su piastra per circa 15 minuti, ho nontato un precipitato nerastro, fatto raffreddare e posto in frigo per vedere se continuerà a venire giu.",1,,numeric_decimal_standardized;temperature_room_to_25,,0
Organometallica_389,"Ru1,2",Organometallica,Ru,CAgF3SO3,CH2Cl2,Nessuno,25,3,0.04,0.08,0.5,"Precipitato bianco formatosi alla fine delle 4 ore, filtrato e lasciato ridurre di volume all'aria.",1,20,numeric_decimal_standardized;temperature_room_to_25,,0
Organometallica_390,"Ru1,3 802,63",Organometallica,Ru,CAgF3SO3,CH2Cl2,Nessuno,25,5,0.05,0.2,0.25,"Precipitato bianco formatosi alla fine delle 4 ore, filtrato e lasciato ridurre di volume all'aria.",1,20,numeric_decimal_standardized;temperature_room_to_25,,0
Organometallica_391,"Ru1,3 scambio anionico FW=868,73",Organometallica - scambio anionico,Ru,"4,4'-bipiridina",MeCN,Nessuno,25,5,0.02,0.02,1,"Ho solubilizzato il complesso in 10 ml di MeCN, in un'altra vial ho solubilizzato la bipiridina in altri 10 ml di MeCN, poi ho aggiunto goccia a goccia nella soluzione del complesso.",1,20,numeric_decimal_standardized;temperature_room_to_25,,0
Organometallica_392,"Ru1,3",Organometallica,Ru,CAgF3SO3,CH2Cl2,Nessuno,25,5,0.05,0.2,0.25,"Precipitato bianco formatosi alla fine delle 4 ore, filtrato e lasciato ridurre di volume all'aria.",1,20,numeric_decimal_standardized;temperature_room_to_25,,0
Organometallica_393,"Ru1,3 scambio anionico2 FW=868,73",Organometallica - scambio anionico,Ru,BDP,MeCN,Nessuno,25,24,0.02,0.02,1,"Ho solubilizzato il complesso in 52 ml di MeCN, in un'altra vial ho solubilizzato il BDP in altri 5 ml di MeCN, poi ho aggiunto goccia a goccia nella soluzione del complesso. Soluzione torbida, perchè il legante non si è solubilizzato molto bene in MeCN. Dopo 24 ore ho filtrato l'eccesso di reagenti ed ho lasciato ad evaporare il solvente all'aria lentamente.",1,20,numeric_decimal_standardized;temperature_room_to_25,,0
Organometallica_394,"Ru1,3",Organometallica,Ru,CAgF3SO3,CH2Cl2,Nessuno,25,6,0.05,0.22,0.22727273,"Filtrato il precipitato formatosi, sciacquato con 5 ml di diclorometano e poi lasciato evaporare all'aria le acque madri.",2,20,numeric_decimal_standardized;temperature_room_to_25,,0
Organometallica_395,"Ru1,3 scambio anionico3 FW=868,73",Organometallica - scambio anionico,Ru,BPz,MeCN,Nessuno,25,5,0.02,0.03,0.66666667,andando a secco,1,20,numeric_decimal_standardized;temperature_room_to_25,,0
Organometallica_396,"Ru1,3",Organometallica,Ru,CAgF3SO3,CH2Cl2,Nessuno,25,5,0.05,0.2,0.25,"Solubilizzato separatamente i due reagenti, poi aggiungo goccia a goccia la soluzione di CAgF3SO3 in quella del complesso. Precipitato bianco formatosi alla fine delle 4 ore, filtrato e lasciato ridurre di volume all'aria.",1,15,numeric_decimal_standardized;temperature_room_to_25,,0
Organometallica_398,Et4BPz,Organometallica - pirazoli,Rh,[Rh(C5Me5)Cl2]2,MeOH,Nessuno,25,16,0.1,0.05,2,"Solubilizzato il dimero del metallo in 10 ml di MeOH, una volta solulbilizzato ho aggiunto il legante e lasciato in stirring per 16 ore.",1,20,numeric_decimal_standardized;temperature_room_to_25,,0
Organometallica_399,H2BPZNH2,Organometallica,Rh,[Rh(C5Me5)Cl2]3,MeOH,Nessuno,70,24,0.1,0.05,2,"Solubilizzato il dimero del metallo in 10 ml di MeOH, una volta solulbilizzato ho aggiunto il legante e lasciato in stirring per 16 ore.",2,20,numeric_decimal_standardized,,0
Organometallica_400,(NO2)2BPz,Organometallica,Ir,[Ir(C5Me5)Cl2]4,MeOH,Trietilammina (TEA) 2 eq,70,24,0.1,0.05,2,"Solubilizzato il dimero del metallo in 10 ml di MeOH, una volta solulbilizzato ho aggiunto il legante e lasciato in stirring per 16 ore.",0,20,additive_canonicalized;numeric_decimal_standardized,,0
Organometallica_401,NO2BPz,Organometallica,Ir,[Ir(C5Me5)Cl2]5,MeOH,Trietilammina (TEA) 2 eq,70,24,0.1,0.05,2,"Solubilizzato il dimero del metallo in 10 ml di MeOH, una volta solulbilizzato ho aggiunto il legante e lasciato in stirring per 16 ore.",0,20,additive_canonicalized;numeric_decimal_standardized,,0
LitNeg_1,"1,4-Benzenedicarboxylic acid (H2BDC)",Carbossilati aromatici,Zr,ZrCl4,DMF,Nessuno,100,24,0.5,0.5,1,Solvothermal,1,5,numeric_decimal_standardized;time_numeric_standardized;exact_duplicate_candidate,DUP_023,0
LitNeg_2,"1,4-Benzenedicarboxylic acid (H2BDC)",Carbossilati aromatici,Zr,ZrOCl2·8H2O,H2O,Nessuno,20,0.5,1.5,1,1.5,Solvothermal,1,10,numeric_decimal_standardized;salt_hydrate_separator_standardized,,0
LitNeg_3,"1,4-Benzenedicarboxylic acid (H2BDC)",Carbossilati aromatici,Zr,ZrCl4,DMF,Nessuno,100,24,0.5,0.5,1,Solvothermal,1,5,numeric_decimal_standardized;time_numeric_standardized;exact_duplicate_candidate,DUP_023,0
LitNeg_4,Fumaric acid,Carbossilati alifatici,Zr,ZrOCl2·8H2O,H2O,Nessuno,100,24,0.5,0.5,1,Solvothermal,1,10,numeric_decimal_standardized;salt_hydrate_separator_standardized;time_numeric_standardized,,0
LitNeg_5,"1,4-Benzenedicarboxylic acid (H2BDC)",Carbossilati aromatici,Al,Al(NO3)3·9H2O,DMF,Nessuno,150,24,0.5,0.5,1,Solvothermal,1,10,numeric_decimal_standardized;salt_hydrate_separator_standardized;time_numeric_standardized,,0
LitNeg_6,"1,4-Benzenedicarboxylic acid (H2BDC)",Carbossilati aromatici,Cr,Cr(NO3)3·9H2O,H2O,Nessuno,220,8,1,1,1,Solvothermal,1,4.8,numeric_decimal_standardized;salt_hydrate_separator_standardized;time_numeric_standardized,,0
LitNeg_7,"1,3,5-Benzenetricarboxylic acid (H3BTC)",Carbossilati aromatici,Fe,Fe(NO3)3·9H2O,Nessuno,Nessuno,160,4,2,3,0.667,Mechanochemical,1,0,numeric_decimal_standardized;salt_hydrate_separator_standardized;time_numeric_standardized,,0
LitNeg_8,"1,3,5-Benzenetricarboxylic acid (H3BTC)",Carbossilati aromatici,Fe,FeCl3,H2O,Nessuno,25,0.5,0.5,0.5,1,Solvothermal,1,10,numeric_decimal_standardized,,0
LitNeg_9,Benzimidazole,Imidazolati,Zn,Zn(NO3)2,MeOH,Nessuno,25,24,1,0.25,4,Solvothermal,1,10,numeric_decimal_standardized;time_numeric_standardized,,0
LitNeg_10,2-Aminoterephthalic acid,Carbossilati aromatici,Cu,Cu(NO3)2,DMF,Nessuno,25,1,0.5,0.5,1,Solvothermal,1,10,numeric_decimal_standardized;time_numeric_standardized,,0
LitNeg_11,2-Methylimidazole,Imidazolati,Co,Co(NO3)2·6H2O,H2O,Nessuno,25,1,2,0.5,4,Solvothermal,1,10,numeric_decimal_standardized;salt_hydrate_separator_standardized;time_numeric_standardized,,0
LitNeg_12,2-Methylimidazole,Imidazolati,Zn,Zn(OAc)2·2H2O,H2O,Nessuno,25,0.5,0.04,0.01,4,Solvothermal,1,1,numeric_decimal_standardized;salt_hydrate_separator_standardized,,0
LitNeg_13,"1,4-Benzenedicarboxylic acid (H2BDC)",Carbossilati aromatici,Zn,ZnCl2,DEF,Nessuno,100,24,0.5,0.5,1,Solvothermal,0,10,numeric_decimal_standardized;time_numeric_standardized,,0
LitNeg_14,"1,4-Benzenedicarboxylic acid (H2BDC)",Carbossilati aromatici,Zn,ZnSO4·7H2O,DEF,Nessuno,100,24,0.5,0.5,1,Solvothermal,0,10,numeric_decimal_standardized;salt_hydrate_separator_standardized;time_numeric_standardized,,0
LitNeg2_1,"1,4-Benzenedicarboxylic acid (H2BDC)",Carbossilati aromatici,Fe,Fe(NO3)3·9H2O,DMF,Nessuno,120,24,0.5,0.5,1,Solvothermal,1,10,numeric_decimal_standardized;salt_hydrate_separator_standardized;time_numeric_standardized,,0
LitNeg2_2,2-Aminoterephthalic acid,Carbossilati aromatici,Fe,FeCl3·6H2O,DMF,Nessuno,100,24,0.5,0.5,1,Solvothermal,0,10,numeric_decimal_standardized;salt_hydrate_separator_standardized;time_numeric_standardized,,0
LitNeg2_3,2-Aminoterephthalic acid,Carbossilati aromatici,Fe,FeCl3·6H2O,DMF,Nessuno,150,0.083,0.5,0.5,1,Solvothermal,1,10,numeric_decimal_standardized;salt_hydrate_separator_standardized,,0
LitNeg2_4,"1,4-Benzenedicarboxylic acid (H2BDC)",Carbossilati aromatici,Co,CoCl2·6H2O,EtOH,Trietilammina (TEA),25,5,0.076,0.057,1.34,Solvothermal,1,10,numeric_decimal_standardized;salt_hydrate_separator_standardized;time_numeric_standardized,,0
LitNeg2_5,Benzimidazole,Imidazolati,Cd,Cd(NO3)2·4H2O,EtOH,Trietilammina (TEA),25,5,0.076,0.057,1.34,Solvothermal,1,10,numeric_decimal_standardized;salt_hydrate_separator_standardized;time_numeric_standardized,,0
LitNeg2_6,2-Methylimidazole,Imidazolati,Fe,FeCl2,MeOH,Nessuno,60,24,1,0.5,2,Solvothermal,0,10,numeric_decimal_standardized;time_numeric_standardized,,0
LitNeg2_7,Benzimidazole,Imidazolati,Co,CoCl2·6H2O,EtOH,Trietilammina (TEA),25,5,0.0762,0.0567,1.34,Solvothermal,1,10,numeric_decimal_standardized;salt_hydrate_separator_standardized;time_numeric_standardized,,0
LitNeg2_8,Benzimidazole,Imidazolati,Cu,CuCl2,H2O,Nessuno,25,1,1,0.5,2,Solvothermal,0,10,numeric_decimal_standardized;time_numeric_standardized,,0
LitNeg2_9,"1,4-Benzenedicarboxylic acid (H2BDC)",Carbossilati aromatici,Zr,ZrCl4,DMF,Acido Acetico (AcOH),120,24,0.5,0.5,1,Solvothermal,1,10,numeric_decimal_standardized;time_numeric_standardized,,0
LitNeg2_10,"1,4-Benzenedicarboxylic acid (H2BDC)",Carbossilati aromatici,Zr,ZrCl4,DMF,Nessuno,90,12,1,1,1,Solvothermal,1,3,numeric_decimal_standardized;time_numeric_standardized,,0
LitNeg2_11,"1,4-Benzenedicarboxylic acid (H2BDC)",Carbossilati aromatici,Cr,Cr(NO3)3·9H2O,DMF,Nessuno,120,24,0.5,0.5,1,Solvothermal,1,10,numeric_decimal_standardized;salt_hydrate_separator_standardized;time_numeric_standardized,,0
LitNeg2_12,2-Methylimidazole,Imidazolati,Zn,Zn(NO3)2·6H2O,H2O,Nessuno,25,0.5,0.5,0.5,1,Solvothermal,1,10,numeric_decimal_standardized;salt_hydrate_separator_standardized,,0
LitNeg2_13,"2,5-Dihydroxyterephthalic acid",Carbossilati aromatici,Mg,Mg(OAc)2·4H2O,MeOH,Nessuno,25,16,0.02,0.02,1,Solvothermal,1,4,numeric_decimal_standardized;salt_hydrate_separator_standardized;time_numeric_standardized,,0
